{
    "mean": {
        "acc": 0.8885630498533724,
        "alpha": 0.7968017478114426,
        "alpha_ordinal": 0.7957972966816715,
        "auc_roc": 0.9039049155030192,
        "cr": {
            "0": {
                "f1-score": 0.8636363636363636,
                "precision": 0.9193548387096774,
                "recall": 0.8142857142857143,
                "support": 70
            },
            "1": {
                "f1-score": 0.9207161125319694,
                "precision": 0.9183673469387755,
                "recall": 0.9230769230769231,
                "support": 195
            },
            "2": {
                "f1-score": 0.8301886792452832,
                "precision": 0.7951807228915663,
                "recall": 0.868421052631579,
                "support": 76
            },
            "accuracy": 0.8885630498533724,
            "macro avg": {
                "f1-score": 0.8715137184712054,
                "precision": 0.8776343028466731,
                "recall": 0.8685945633314054,
                "support": 341
            },
            "weighted avg": {
                "f1-score": 0.888822659885399,
                "precision": 0.891114974494128,
                "recall": 0.8885630498533724,
                "support": 341
            }
        },
        "f1": 0.888822659885399,
        "kappa": 0.8077818818328809,
        "mae": 0.13196480938416422,
        "mcc": 0.808469937801506,
        "mse": 0.17302052785923755,
        "p": 0.891114974494128,
        "p_tau": 1.2541085569621473e-56,
        "r": 0.8885630498533724,
        "r2": 0.5894416782303487,
        "spearman": 0.7959701094852942,
        "tau": 0.7833940820500278,
        "y_predict": [
            2,
            2,
            2,
            2,
            2,
            2,
            2,
            2,
            2,
            2,
            2,
            2,
            2,
            2,
            2,
            2,
            2,
            2,
            2,
            0,
            0,
            2,
            0,
            0,
            0,
            2,
            2,
            2,
            2,
            2,
            2,
            2,
            2,
            2,
            2,
            2,
            2,
            2,
            2,
            2,
            2,
            2,
            2,
            2,
            2,
            2,
            2,
            1,
            2,
            2,
            2,
            1,
            2,
            1,
            2,
            2,
            1,
            2,
            2,
            1,
            1,
            2,
            2,
            2,
            2,
            2,
            1,
            1,
            1,
            1,
            1,
            1,
            1,
            1,
            1,
            1,
            2,
            2,
            2,
            1,
            1,
            1,
            1,
            1,
            1,
            1,
            1,
            1,
            2,
            1,
            2,
            2,
            1,
            2,
            2,
            2,
            2,
            2,
            2,
            1,
            1,
            2,
            1,
            1,
            1,
            1,
            1,
            1,
            1,
            1,
            1,
            1,
            1,
            1,
            1,
            2,
            0,
            0,
            1,
            1,
            1,
            1,
            2,
            0,
            2,
            0,
            0,
            2,
            2,
            1,
            1,
            1,
            1,
            1,
            1,
            1,
            1,
            1,
            1,
            1,
            1,
            1,
            1,
            0,
            1,
            0,
            1,
            1,
            1,
            1,
            0,
            0,
            0,
            0,
            0,
            1,
            0,
            0,
            0,
            0,
            0,
            0,
            0,
            0,
            0,
            0,
            0,
            0,
            0,
            0,
            0,
            0,
            0,
            0,
            0,
            0,
            0,
            0,
            0,
            0,
            0,
            0,
            1,
            2,
            0,
            2,
            2,
            1,
            0,
            0,
            0,
            0,
            1,
            1,
            1,
            1,
            1,
            1,
            1,
            1,
            1,
            1,
            1,
            1,
            1,
            1,
            1,
            1,
            1,
            1,
            1,
            1,
            2,
            1,
            1,
            1,
            1,
            1,
            1,
            1,
            1,
            1,
            1,
            1,
            1,
            1,
            1,
            1,
            1,
            1,
            1,
            1,
            1,
            0,
            0,
            0,
            0,
            0,
            0,
            0,
            1,
            1,
            1,
            1,
            1,
            1,
            1,
            1,
            1,
            1,
            1,
            1,
            1,
            1,
            1,
            1,
            1,
            1,
            1,
            1,
            1,
            1,
            1,
            1,
            1,
            1,
            1,
            1,
            1,
            1,
            1,
            1,
            1,
            1,
            1,
            1,
            1,
            1,
            1,
            1,
            1,
            1,
            1,
            1,
            1,
            1,
            1,
            1,
            1,
            1,
            1,
            1,
            1,
            1,
            1,
            1,
            1,
            1,
            1,
            1,
            1,
            1,
            1,
            1,
            1,
            1,
            1,
            1,
            1,
            1,
            1,
            1,
            1,
            1,
            1,
            1,
            1,
            1,
            0,
            0,
            1,
            1,
            1,
            1,
            1,
            2,
            1,
            1,
            2,
            1,
            2,
            2,
            2,
            1,
            2,
            1,
            0,
            0,
            0,
            0,
            0
        ],