{
    "mean": {
        "acc": 0.8944281524926686,
        "alpha": 0.8023262327556794,
        "alpha_ordinal": 0.8013067709962587,
        "auc_roc": 0.9076367264060337,
        "cr": {
            "0": {
                "f1-score": 0.8702290076335878,
                "precision": 0.9344262295081968,
                "recall": 0.8142857142857143,
                "support": 70
            },
            "1": {
                "f1-score": 0.926208651399491,
                "precision": 0.9191919191919192,
                "recall": 0.9333333333333333,
                "support": 195
            },
            "2": {
                "f1-score": 0.8354430379746836,
                "precision": 0.8048780487804879,
                "recall": 0.868421052631579,
                "support": 76
            },
            "accuracy": 0.8944281524926686,
            "macro avg": {
                "f1-score": 0.8772935656692541,
                "precision": 0.8861653991602013,
                "recall": 0.8720133667502088,
                "support": 341
            },
            "weighted avg": {
                "f1-score": 0.8944879426490552,
                "precision": 0.8968416188132408,
                "recall": 0.8944281524926686,
                "support": 341
            }
        },
        "f1": 0.8944879426490552,
        "kappa": 0.8172371183135078,
        "mae": 0.12609970674486803,
        "mcc": 0.8180247581689274,
        "mse": 0.16715542521994134,
        "p": 0.8968416188132408,
        "p_tau": 1.8104546574536847e-57,
        "r": 0.8944281524926686,
        "r2": 0.5977608542692769,
        "spearman": 0.8015243332998945,
        "tau": 0.7897851480778388,
        "y_predict": [
            2,
            2,
            2,
            2,
            2,
            2,
            2,
            2,
            2,
            2,
            2,
            2,
            2,
            2,
            2,
            2,
            2,
            2,
            2,
            0,
            0,
            2,
            0,
            0,
            0,
            2,
            2,
            2,
            2,
            2,
            2,
            2,
            2,
            2,
            2,
            2,
            2,
            2,
            2,
            2,
            2,
            2,
            2,
            2,
            2,
            2,
            2,
            2,
            2,
            2,
            2,
            1,
            1,
            1,
            2,
            2,
            1,
            2,
            2,
            1,
            1,
            2,
            2,
            2,
            2,
            2,
            1,
            1,
            1,
            1,
            1,
            1,
            1,
            1,
            1,
            1,
            2,
            2,
            2,
            1,
            1,
            1,
            1,
            1,
            1,
            1,
            1,
            1,
            2,
            1,
            2,
            2,
            1,
            2,
            2,
            2,
            2,
            2,
            2,
            1,
            1,
            2,
            1,
            1,
            1,
            1,
            1,
            1,
            1,
            1,
            1,
            1,
            1,
            1,
            1,
            2,
            0,
            0,
            1,
            1,
            1,
            1,
            2,
            0,
            2,
            0,
            0,
            2,
            2,
            1,
            1,
            1,
            1,
            1,
            1,
            1,
            1,
            1,
            1,
            1,
            1,
            1,
            1,
            0,
            1,
            0,
            1,
            1,
            1,
            1,
            0,
            0,
            0,
            0,
            0,
            1,
            0,
            0,
            0,
            0,
            0,
            0,
            0,
            0,
            0,
            0,
            0,
            0,
            0,
            0,
            0,
            0,
            0,
            0,
            0,
            0,
            0,
            0,
            0,
            0,
            0,
            0,
            1,
            2,
            0,
            2,
            2,
            1,
            0,
            0,
            0,
            0,
            1,
            1,
            1,
            1,
            1,
            1,
            1,
            1,
            1,
            1,
            1,
            1,
            1,
            1,
            1,
            1,
            1,
            1,
            1,
            1,
            2,
            1,
            1,
            1,
            1,
            1,
            1,
            1,
            1,
            1,
            1,
            1,
            1,
            1,
            1,
            1,
            1,
            1,
            1,
            1,
            1,
            0,
            0,
            0,
            0,
            0,
            0,
            0,
            1,
            1,
            1,
            1,
            1,
            1,
            1,
            1,
            1,
            1,
            1,
            1,
            1,
            1,
            1,
            1,
            1,
            1,
            1,
            1,
            1,
            1,
            1,
            1,
            1,
            1,
            1,
            1,
            1,
            1,
            1,
            1,
            1,
            1,
            1,
            1,
            1,
            1,
            1,
            1,
            1,
            1,
            1,
            1,
            1,
            1,
            1,
            1,
            1,
            1,
            1,
            1,
            1,
            1,
            1,
            1,
            1,
            1,
            1,
            1,
            1,
            1,
            1,
            1,
            1,
            1,
            1,
            1,
            1,
            1,
            1,
            1,
            1,
            1,
            1,
            1,
            1,
            1,
            0,
            0,
            1,
            1,
            1,
            1,
            1,
            2,
            1,
            1,
            2,
            1,
            2,
            2,
            2,
            1,
            1,
            1,
            0,
            0,
            0,
            1,
            0
        ],