{
    "mean": {
        "acc": 0.8856304985337243,
        "alpha": 0.7898969538657726,
        "alpha_ordinal": 0.7884916644985528,
        "auc_roc": 0.8973627538032941,
        "cr": {
            "0": {
                "f1-score": 0.8702290076335878,
                "precision": 0.9344262295081968,
                "recall": 0.8142857142857143,
                "support": 70
            },
            "1": {
                "f1-score": 0.9191919191919192,
                "precision": 0.9054726368159204,
                "recall": 0.9333333333333333,
                "support": 195
            },
            "2": {
                "f1-score": 0.8129032258064517,
                "precision": 0.7974683544303798,
                "recall": 0.8289473684210527,
                "support": 76
            },
            "accuracy": 0.8856304985337243,
            "macro avg": {
                "f1-score": 0.867441384210653,
                "precision": 0.8791224069181656,
                "recall": 0.8588554720133668,
                "support": 341
            },
            "weighted avg": {
                "f1-score": 0.8854519059767324,
                "precision": 0.8873448539043611,
                "recall": 0.8856304985337243,
                "support": 341
            }
        },
        "f1": 0.8854519059767324,
        "kappa": 0.8009489313297012,
        "mae": 0.1348973607038123,
        "mcc": 0.801767031064191,
        "mse": 0.17595307917888564,
        "p": 0.8873448539043611,
        "p_tau": 1.914112326604625e-55,
        "r": 0.8856304985337243,
        "r2": 0.5685000843597097,
        "spearman": 0.7884370592330648,
        "tau": 0.7757121870632822,
        "y_predict": [
            2,
            2,
            2,
            2,
            2,
            2,
            2,
            2,
            2,
            2,
            2,
            2,
            2,
            2,
            2,
            2,
            2,
            2,
            2,
            0,
            0,
            2,
            0,
            0,
            0,
            2,
            2,
            2,
            2,
            2,
            2,
            2,
            2,
            2,
            2,
            2,
            2,
            2,
            2,
            2,
            2,
            2,
            2,
            2,
            2,
            2,
            2,
            2,
            2,
            1,
            2,
            1,
            1,
            1,
            2,
            2,
            1,
            2,
            2,
            1,
            1,
            2,
            2,
            2,
            2,
            2,
            1,
            1,
            1,
            1,
            1,
            1,
            1,
            1,
            1,
            1,
            2,
            2,
            2,
            1,
            1,
            1,
            1,
            1,
            1,
            1,
            1,
            1,
            2,
            2,
            2,
            2,
            1,
            2,
            2,
            1,
            2,
            1,
            2,
            1,
            1,
            2,
            1,
            1,
            1,
            1,
            1,
            1,
            1,
            1,
            1,
            1,
            1,
            1,
            1,
            2,
            0,
            0,
            1,
            1,
            1,
            1,
            2,
            0,
            2,
            0,
            0,
            2,
            2,
            1,
            1,
            1,
            1,
            1,
            1,
            1,
            1,
            1,
            1,
            1,
            1,
            1,
            1,
            0,
            1,
            0,
            1,
            1,
            1,
            1,
            0,
            0,
            0,
            0,
            0,
            1,
            0,
            0,
            0,
            0,
            0,
            0,
            0,
            0,
            0,
            0,
            0,
            0,
            0,
            0,
            0,
            0,
            0,
            0,
            0,
            0,
            0,
            0,
            0,
            0,
            0,
            0,
            1,
            1,
            0,
            2,
            1,
            1,
            0,
            0,
            0,
            0,
            1,
            1,
            1,
            1,
            1,
            1,
            1,
            1,
            1,
            1,
            1,
            1,
            1,
            1,
            1,
            1,
            1,
            1,
            1,
            1,
            2,
            1,
            1,
            1,
            1,
            1,
            1,
            1,
            1,
            1,
            1,
            1,
            1,
            1,
            1,
            1,
            1,
            1,
            1,
            1,
            1,
            0,
            0,
            0,
            0,
            0,
            0,
            0,
            1,
            1,
            1,
            1,
            1,
            1,
            1,
            1,
            1,
            1,
            1,
            1,
            1,
            1,
            1,
            1,
            1,
            1,
            1,
            1,
            1,
            1,
            1,
            1,
            1,
            1,
            1,
            1,
            1,
            1,
            1,
            1,
            1,
            1,
            1,
            1,
            1,
            1,
            1,
            1,
            1,
            1,
            1,
            1,
            1,
            1,
            1,
            1,
            1,
            1,
            1,
            1,
            1,
            1,
            1,
            1,
            1,
            1,
            1,
            1,
            1,
            1,
            1,
            1,
            1,
            1,
            1,
            1,
            1,
            1,
            1,
            1,
            1,
            1,
            1,
            1,
            1,
            1,
            0,
            0,
            1,
            1,
            1,
            1,
            1,
            2,
            1,
            1,
            2,
            1,
            2,
            2,
            2,
            1,
            2,
            1,
            0,
            0,
            0,
            1,
            0
        ],