{
    "mean": {
        "acc": 0.8797653958944281,
        "alpha": 0.792619164365532,
        "alpha_ordinal": 0.7913222383131941,
        "auc_roc": 0.8905134387348009,
        "cr": {
            "0": {
                "f1-score": 0.8615384615384616,
                "precision": 0.9333333333333333,
                "recall": 0.8,
                "support": 70
            },
            "1": {
                "f1-score": 0.9118387909319899,
                "precision": 0.8960396039603961,
                "recall": 0.9282051282051282,
                "support": 195
            },
            "2": {
                "f1-score": 0.8129032258064517,
                "precision": 0.7974683544303798,
                "recall": 0.8289473684210527,
                "support": 76
            },
            "accuracy": 0.8797653958944281,
            "macro avg": {
                "f1-score": 0.8620934927589677,
                "precision": 0.8756137639080365,
                "recall": 0.8523841655420603,
                "support": 341
            },
            "weighted avg": {
                "f1-score": 0.8794630548408232,
                "precision": 0.8817262493909661,
                "recall": 0.8797653958944281,
                "support": 341
            }
        },
        "f1": 0.8794630548408232,
        "kappa": 0.7903489435722104,
        "mae": 0.1378299120234604,
        "mcc": 0.7913705980500599,
        "mse": 0.17302052785923755,
        "p": 0.8817262493909661,
        "p_tau": 1.1570689890098628e-55,
        "r": 0.8797653958944281,
        "r2": 0.5722819847782645,
        "spearman": 0.791616569560085,
        "tau": 0.7775569724627254,
        "y_predict": [
            1,
            2,
            2,
            2,
            2,
            2,
            2,
            2,
            2,
            2,
            2,
            2,
            2,
            2,
            2,
            2,
            2,
            2,
            2,
            0,
            0,
            2,
            0,
            0,
            0,
            2,
            2,
            2,
            2,
            2,
            2,
            2,
            2,
            2,
            2,
            2,
            2,
            2,
            2,
            2,
            2,
            2,
            1,
            2,
            2,
            2,
            2,
            1,
            2,
            1,
            2,
            1,
            1,
            1,
            2,
            2,
            1,
            2,
            2,
            2,
            1,
            2,
            2,
            2,
            2,
            2,
            1,
            1,
            1,
            1,
            1,
            1,
            1,
            1,
            1,
            1,
            2,
            2,
            2,
            1,
            1,
            1,
            1,
            1,
            1,
            1,
            1,
            1,
            2,
            2,
            2,
            2,
            1,
            2,
            2,
            1,
            2,
            2,
            2,
            1,
            1,
            2,
            1,
            1,
            1,
            1,
            1,
            1,
            1,
            1,
            1,
            1,
            1,
            1,
            1,
            2,
            0,
            0,
            1,
            1,
            1,
            1,
            2,
            0,
            2,
            0,
            0,
            2,
            2,
            1,
            1,
            1,
            1,
            1,
            1,
            1,
            1,
            1,
            1,
            1,
            1,
            1,
            1,
            0,
            1,
            0,
            1,
            1,
            1,
            1,
            0,
            0,
            0,
            0,
            0,
            1,
            0,
            0,
            0,
            0,
            0,
            0,
            0,
            0,
            0,
            0,
            0,
            0,
            0,
            0,
            0,
            0,
            0,
            0,
            0,
            0,
            0,
            0,
            0,
            0,
            0,
            0,
            1,
            2,
            0,
            2,
            1,
            1,
            0,
            0,
            0,
            0,
            1,
            1,
            1,
            1,
            1,
            1,
            1,
            1,
            1,
            1,
            1,
            1,
            1,
            1,
            1,
            1,
            1,
            1,
            1,
            1,
            2,
            1,
            1,
            1,
            1,
            1,
            1,
            1,
            1,
            1,
            1,
            1,
            1,
            1,
            1,
            1,
            1,
            1,
            1,
            1,
            1,
            0,
            1,
            0,
            0,
            0,
            0,
            0,
            1,
            1,
            1,
            1,
            1,
            1,
            1,
            1,
            1,
            1,
            1,
            1,
            1,
            1,
            1,
            1,
            1,
            1,
            1,
            1,
            1,
            1,
            1,
            1,
            1,
            1,
            1,
            1,
            1,
            1,
            1,
            1,
            1,
            1,
            1,
            1,
            1,
            1,
            1,
            1,
            1,
            1,
            1,
            1,
            1,
            1,
            1,
            1,
            1,
            1,
            1,
            1,
            1,
            1,
            1,
            1,
            1,
            1,
            1,
            1,
            1,
            1,
            1,
            1,
            1,
            1,
            1,
            1,
            1,
            1,
            1,
            1,
            1,
            1,
            1,
            1,
            1,
            1,
            0,
            0,
            1,
            1,
            1,
            1,
            1,
            2,
            1,
            1,
            2,
            1,
            2,
            2,
            2,
            1,
            2,
            1,
            0,
            0,
            0,
            1,
            0
        ],