{
    "mean": {
        "acc": 0.8885630498533724,
        "alpha": 0.7940689563269763,
        "alpha_ordinal": 0.7927799895166212,
        "auc_roc": 0.9007874113375405,
        "cr": {
            "0": {
                "f1-score": 0.8702290076335878,
                "precision": 0.9344262295081968,
                "recall": 0.8142857142857143,
                "support": 70
            },
            "1": {
                "f1-score": 0.9215189873417723,
                "precision": 0.91,
                "recall": 0.9333333333333333,
                "support": 195
            },
            "2": {
                "f1-score": 0.8205128205128205,
                "precision": 0.8,
                "recall": 0.8421052631578947,
                "support": 76
            },
            "accuracy": 0.8885630498533724,
            "macro avg": {
                "f1-score": 0.8707536051627268,
                "precision": 0.8814754098360655,
                "recall": 0.8632414369256475,
                "support": 341
            },
            "weighted avg": {
                "f1-score": 0.8884786141494753,
                "precision": 0.8904980529782224,
                "recall": 0.8885630498533724,
                "support": 341
            }
        },
        "f1": 0.8884786141494753,
        "kappa": 0.8063976333836339,
        "mae": 0.13196480938416422,
        "mcc": 0.807178743042874,
        "mse": 0.17302052785923755,
        "p": 0.8904980529782224,
        "p_tau": 4.096713209244612e-56,
        "r": 0.8885630498533724,
        "r2": 0.5783948030176027,
        "spearman": 0.7927899668954579,
        "tau": 0.7803939223215913,
        "y_predict": [
            2,
            2,
            2,
            2,
            2,
            2,
            2,
            2,
            2,
            2,
            2,
            2,
            2,
            2,
            2,
            2,
            2,
            2,
            2,
            0,
            0,
            2,
            0,
            0,
            0,
            2,
            2,
            2,
            2,
            2,
            2,
            2,
            2,
            2,
            2,
            2,
            2,
            2,
            2,
            2,
            2,
            2,
            1,
            2,
            2,
            2,
            2,
            1,
            2,
            2,
            2,
            1,
            2,
            1,
            1,
            2,
            1,
            2,
            2,
            1,
            1,
            2,
            2,
            2,
            2,
            2,
            1,
            1,
            1,
            1,
            1,
            1,
            1,
            1,
            1,
            1,
            2,
            2,
            2,
            1,
            1,
            1,
            1,
            1,
            1,
            1,
            1,
            1,
            2,
            1,
            2,
            2,
            1,
            2,
            2,
            2,
            2,
            2,
            2,
            1,
            1,
            2,
            1,
            1,
            1,
            1,
            1,
            1,
            1,
            1,
            1,
            1,
            1,
            1,
            1,
            2,
            0,
            0,
            1,
            1,
            1,
            1,
            2,
            0,
            2,
            0,
            0,
            2,
            2,
            1,
            1,
            1,
            1,
            1,
            1,
            1,
            1,
            1,
            1,
            1,
            1,
            1,
            1,
            0,
            1,
            0,
            1,
            1,
            1,
            1,
            0,
            0,
            0,
            0,
            0,
            1,
            0,
            0,
            0,
            0,
            0,
            0,
            0,
            0,
            0,
            0,
            0,
            0,
            0,
            0,
            0,
            0,
            0,
            0,
            0,
            0,
            0,
            0,
            0,
            0,
            0,
            0,
            1,
            2,
            0,
            2,
            2,
            1,
            0,
            0,
            0,
            0,
            1,
            1,
            1,
            1,
            1,
            1,
            1,
            1,
            1,
            1,
            1,
            1,
            1,
            1,
            1,
            1,
            1,
            1,
            1,
            1,
            2,
            1,
            1,
            1,
            1,
            1,
            1,
            1,
            1,
            1,
            1,
            1,
            1,
            1,
            1,
            1,
            1,
            1,
            1,
            1,
            1,
            0,
            0,
            0,
            0,
            0,
            0,
            0,
            1,
            1,
            1,
            1,
            1,
            1,
            1,
            1,
            1,
            1,
            1,
            1,
            1,
            1,
            1,
            1,
            1,
            1,
            1,
            1,
            1,
            1,
            1,
            1,
            1,
            1,
            1,
            1,
            1,
            1,
            1,
            1,
            1,
            1,
            1,
            1,
            1,
            1,
            1,
            1,
            1,
            1,
            1,
            1,
            1,
            1,
            1,
            1,
            1,
            1,
            1,
            1,
            1,
            1,
            1,
            1,
            1,
            1,
            1,
            1,
            1,
            1,
            1,
            1,
            1,
            1,
            1,
            1,
            1,
            1,
            1,
            1,
            1,
            1,
            1,
            1,
            1,
            1,
            0,
            0,
            1,
            1,
            1,
            1,
            1,
            2,
            1,
            1,
            2,
            1,
            2,
            2,
            2,
            1,
            1,
            1,
            0,
            0,
            0,
            1,
            0
        ],