{
    "mean": {
        "acc": 0.8885630498533724,
        "alpha": 0.8050625664512963,
        "alpha_ordinal": 0.8034671049650494,
        "auc_roc": 0.9007456373348949,
        "cr": {
            "0": {
                "f1-score": 0.8769230769230769,
                "precision": 0.95,
                "recall": 0.8142857142857143,
                "support": 70
            },
            "1": {
                "f1-score": 0.918781725888325,
                "precision": 0.9095477386934674,
                "recall": 0.9282051282051282,
                "support": 195
            },
            "2": {
                "f1-score": 0.8227848101265822,
                "precision": 0.7926829268292683,
                "recall": 0.8552631578947368,
                "support": 76
            },
            "accuracy": 0.8885630498533724,
            "macro avg": {
                "f1-score": 0.8728298709793281,
                "precision": 0.8840768885075786,
                "recall": 0.8659180001285264,
                "support": 341
            },
            "weighted avg": {
                "f1-score": 0.8887938343180617,
                "precision": 0.8918056055256615,
                "recall": 0.8885630498533724,
                "support": 341
            }
        },
        "f1": 0.8887938343180617,
        "kappa": 0.8067239424855319,
        "mae": 0.12903225806451613,
        "mcc": 0.8076731970025636,
        "mse": 0.16422287390029325,
        "p": 0.8918056055256615,
        "p_tau": 1.2806382006252822e-57,
        "r": 0.8885630498533724,
        "r2": 0.6016521340064249,
        "spearman": 0.8040906754190807,
        "tau": 0.7911272904411828,
        "y_predict": [
            2,
            2,
            2,
            2,
            2,
            2,
            2,
            2,
            2,
            2,
            2,
            2,
            2,
            2,
            2,
            2,
            2,
            2,
            2,
            0,
            0,
            1,
            0,
            0,
            0,
            2,
            2,
            2,
            2,
            2,
            2,
            2,
            2,
            2,
            2,
            2,
            2,
            2,
            2,
            2,
            2,
            2,
            1,
            2,
            2,
            2,
            2,
            1,
            2,
            2,
            2,
            1,
            1,
            1,
            2,
            2,
            1,
            2,
            2,
            2,
            2,
            2,
            2,
            2,
            2,
            2,
            1,
            1,
            1,
            1,
            1,
            1,
            1,
            1,
            1,
            1,
            2,
            2,
            2,
            1,
            1,
            1,
            1,
            1,
            1,
            1,
            1,
            1,
            2,
            2,
            1,
            2,
            1,
            2,
            2,
            2,
            2,
            2,
            2,
            1,
            1,
            2,
            1,
            1,
            1,
            1,
            1,
            1,
            1,
            1,
            1,
            1,
            1,
            1,
            1,
            2,
            0,
            0,
            1,
            1,
            1,
            1,
            2,
            0,
            2,
            0,
            0,
            2,
            2,
            1,
            1,
            1,
            1,
            1,
            1,
            1,
            1,
            1,
            1,
            1,
            1,
            1,
            1,
            0,
            1,
            0,
            1,
            1,
            1,
            1,
            0,
            0,
            0,
            0,
            0,
            1,
            0,
            0,
            0,
            0,
            0,
            0,
            0,
            0,
            0,
            0,
            0,
            0,
            0,
            0,
            0,
            0,
            0,
            0,
            0,
            0,
            0,
            0,
            0,
            0,
            0,
            0,
            1,
            2,
            0,
            2,
            2,
            1,
            0,
            0,
            0,
            0,
            1,
            1,
            1,
            1,
            1,
            1,
            1,
            1,
            1,
            1,
            1,
            1,
            1,
            1,
            1,
            1,
            1,
            1,
            1,
            1,
            2,
            1,
            1,
            1,
            1,
            1,
            1,
            1,
            1,
            1,
            1,
            1,
            1,
            1,
            1,
            1,
            1,
            1,
            1,
            1,
            1,
            0,
            0,
            0,
            0,
            0,
            0,
            0,
            1,
            1,
            1,
            1,
            1,
            1,
            1,
            1,
            1,
            1,
            1,
            1,
            1,
            1,
            1,
            1,
            1,
            1,
            1,
            1,
            1,
            1,
            1,
            1,
            1,
            1,
            1,
            1,
            1,
            1,
            1,
            1,
            1,
            1,
            1,
            1,
            1,
            1,
            1,
            1,
            1,
            1,
            1,
            1,
            1,
            1,
            1,
            1,
            1,
            1,
            1,
            1,
            1,
            1,
            1,
            1,
            1,
            1,
            1,
            1,
            1,
            1,
            1,
            1,
            1,
            1,
            1,
            1,
            1,
            1,
            1,
            1,
            1,
            1,
            1,
            1,
            1,
            1,
            0,
            0,
            1,
            1,
            1,
            1,
            1,
            2,
            1,
            1,
            2,
            1,
            2,
            2,
            2,
            1,
            2,
            1,
            0,
            0,
            0,
            1,
            1
        ],