{
    "mean": {
        "acc": 0.8944281524926686,
        "alpha": 0.8121283335036272,
        "alpha_ordinal": 0.8112635440313123,
        "auc_roc": 0.9060988613246174,
        "cr": {
            "0": {
                "f1-score": 0.8702290076335878,
                "precision": 0.9344262295081968,
                "recall": 0.8142857142857143,
                "support": 70
            },
            "1": {
                "f1-score": 0.9238578680203046,
                "precision": 0.914572864321608,
                "recall": 0.9333333333333333,
                "support": 195
            },
            "2": {
                "f1-score": 0.8407643312101911,
                "precision": 0.8148148148148148,
                "recall": 0.868421052631579,
                "support": 76
            },
            "accuracy": 0.8944281524926686,
            "macro avg": {
                "f1-score": 0.8782837356213612,
                "precision": 0.8879379695482066,
                "recall": 0.8720133667502088,
                "support": 341
            },
            "weighted avg": {
                "f1-score": 0.8943296304113931,
                "precision": 0.8964148696017983,
                "recall": 0.8944281524926686,
                "support": 341
            }
        },
        "f1": 0.8943296304113931,
        "kappa": 0.8169127516778524,
        "mae": 0.12316715542521994,
        "mcc": 0.8176884526928028,
        "mse": 0.15835777126099707,
        "p": 0.8964148696017983,
        "p_tau": 8.927084773424331e-59,
        "r": 0.8944281524926686,
        "r2": 0.6165507475740286,
        "spearman": 0.8115677901703201,
        "tau": 0.7991473737457757,
        "y_predict": [
            1,
            2,
            2,
            2,
            2,
            2,
            2,
            2,
            2,
            2,
            2,
            2,
            2,
            2,
            2,
            2,
            2,
            2,
            2,
            0,
            0,
            2,
            0,
            0,
            0,
            2,
            2,
            2,
            2,
            2,
            2,
            2,
            2,
            2,
            2,
            2,
            2,
            2,
            2,
            2,
            2,
            2,
            2,
            2,
            2,
            2,
            2,
            2,
            2,
            2,
            2,
            1,
            1,
            1,
            1,
            2,
            1,
            2,
            2,
            2,
            2,
            2,
            2,
            2,
            2,
            1,
            1,
            1,
            1,
            1,
            1,
            1,
            1,
            1,
            1,
            1,
            2,
            2,
            2,
            1,
            1,
            1,
            1,
            1,
            1,
            1,
            1,
            1,
            2,
            1,
            2,
            2,
            1,
            2,
            2,
            2,
            2,
            2,
            2,
            1,
            1,
            2,
            1,
            1,
            1,
            1,
            1,
            1,
            1,
            1,
            1,
            1,
            1,
            1,
            1,
            2,
            0,
            0,
            1,
            1,
            1,
            1,
            2,
            0,
            2,
            0,
            0,
            2,
            2,
            1,
            1,
            1,
            1,
            1,
            1,
            1,
            1,
            1,
            1,
            1,
            1,
            1,
            1,
            0,
            1,
            0,
            1,
            1,
            1,
            1,
            0,
            0,
            0,
            0,
            0,
            1,
            0,
            0,
            0,
            0,
            0,
            0,
            0,
            0,
            0,
            0,
            0,
            0,
            0,
            0,
            0,
            0,
            0,
            0,
            0,
            0,
            0,
            0,
            0,
            0,
            0,
            0,
            1,
            2,
            0,
            2,
            2,
            1,
            0,
            0,
            0,
            0,
            1,
            1,
            1,
            1,
            1,
            1,
            1,
            1,
            1,
            1,
            1,
            1,
            1,
            1,
            1,
            1,
            1,
            1,
            1,
            1,
            2,
            1,
            1,
            1,
            1,
            1,
            1,
            1,
            1,
            1,
            1,
            1,
            1,
            1,
            1,
            1,
            1,
            1,
            1,
            1,
            1,
            0,
            0,
            0,
            0,
            0,
            0,
            0,
            1,
            1,
            1,
            1,
            1,
            1,
            1,
            1,
            1,
            1,
            1,
            1,
            1,
            1,
            1,
            1,
            1,
            1,
            1,
            1,
            1,
            1,
            1,
            1,
            1,
            1,
            1,
            1,
            1,
            1,
            1,
            1,
            1,
            1,
            1,
            1,
            1,
            1,
            1,
            1,
            1,
            1,
            1,
            1,
            1,
            1,
            1,
            1,
            1,
            1,
            1,
            1,
            1,
            1,
            1,
            1,
            1,
            1,
            1,
            1,
            1,
            1,
            1,
            1,
            1,
            1,
            1,
            1,
            1,
            1,
            1,
            1,
            1,
            1,
            1,
            1,
            1,
            1,
            0,
            0,
            1,
            1,
            1,
            1,
            1,
            1,
            1,
            1,
            2,
            1,
            2,
            2,
            2,
            1,
            2,
            1,
            0,
            0,
            0,
            1,
            0
        ],