{
    "mean": {
        "acc": 0.8826979472140762,
        "alpha": 0.7883336645317109,
        "alpha_ordinal": 0.7869482201584125,
        "auc_roc": 0.8970138264318801,
        "cr": {
            "0": {
                "f1-score": 0.8615384615384616,
                "precision": 0.9333333333333333,
                "recall": 0.8,
                "support": 70
            },
            "1": {
                "f1-score": 0.9160305343511451,
                "precision": 0.9090909090909091,
                "recall": 0.9230769230769231,
                "support": 195
            },
            "2": {
                "f1-score": 0.8176100628930818,
                "precision": 0.7831325301204819,
                "recall": 0.8552631578947368,
                "support": 76
            },
            "accuracy": 0.8826979472140762,
            "macro avg": {
                "f1-score": 0.8650596862608962,
                "precision": 0.8751855908482414,
                "recall": 0.8594466936572199,
                "support": 341
            },
            "weighted avg": {
                "f1-score": 0.8829091240059819,
                "precision": 0.8859945246194054,
                "recall": 0.8826979472140762,
                "support": 341
            }
        },
        "f1": 0.8829091240059819,
        "kappa": 0.7969119902327174,
        "mae": 0.1378299120234604,
        "mcc": 0.7978722650947497,
        "mse": 0.17888563049853373,
        "p": 0.8859945246194054,
        "p_tau": 2.6615128085714872e-55,
        "r": 0.8826979472140762,
        "r2": 0.5687481859269395,
        "spearman": 0.7874805907231471,
        "tau": 0.774393595783907,
        "y_predict": [
            2,
            2,
            2,
            2,
            2,
            2,
            2,
            2,
            2,
            2,
            2,
            2,
            2,
            2,
            2,
            2,
            2,
            2,
            2,
            0,
            0,
            2,
            0,
            0,
            0,
            2,
            2,
            2,
            2,
            2,
            2,
            2,
            2,
            2,
            2,
            2,
            2,
            2,
            2,
            2,
            2,
            2,
            1,
            2,
            2,
            2,
            2,
            2,
            2,
            2,
            2,
            1,
            2,
            2,
            1,
            1,
            1,
            2,
            2,
            2,
            2,
            2,
            2,
            2,
            2,
            2,
            1,
            1,
            1,
            1,
            1,
            1,
            1,
            1,
            1,
            1,
            2,
            2,
            2,
            1,
            1,
            1,
            1,
            1,
            1,
            1,
            1,
            1,
            2,
            1,
            2,
            2,
            1,
            2,
            2,
            2,
            2,
            2,
            2,
            1,
            1,
            2,
            1,
            1,
            1,
            1,
            1,
            1,
            1,
            1,
            1,
            1,
            1,
            1,
            1,
            2,
            1,
            0,
            1,
            1,
            1,
            1,
            2,
            0,
            2,
            0,
            0,
            2,
            2,
            1,
            1,
            1,
            1,
            1,
            1,
            1,
            1,
            1,
            1,
            1,
            1,
            1,
            1,
            0,
            1,
            0,
            1,
            1,
            1,
            1,
            0,
            0,
            0,
            0,
            0,
            1,
            0,
            0,
            0,
            0,
            0,
            0,
            0,
            0,
            0,
            0,
            0,
            0,
            0,
            0,
            0,
            0,
            0,
            0,
            0,
            0,
            0,
            0,
            0,
            0,
            0,
            0,
            1,
            2,
            0,
            2,
            2,
            1,
            0,
            0,
            0,
            0,
            1,
            1,
            1,
            1,
            1,
            1,
            1,
            1,
            1,
            1,
            1,
            1,
            1,
            1,
            1,
            1,
            1,
            1,
            1,
            1,
            2,
            1,
            1,
            1,
            1,
            1,
            1,
            1,
            1,
            1,
            1,
            1,
            1,
            1,
            1,
            1,
            1,
            1,
            1,
            1,
            1,
            0,
            0,
            0,
            0,
            0,
            0,
            0,
            1,
            1,
            1,
            1,
            1,
            1,
            1,
            1,
            1,
            1,
            1,
            1,
            1,
            1,
            1,
            1,
            1,
            1,
            1,
            1,
            1,
            1,
            1,
            1,
            1,
            1,
            1,
            1,
            1,
            1,
            1,
            1,
            1,
            1,
            1,
            1,
            1,
            1,
            1,
            1,
            1,
            1,
            1,
            1,
            1,
            1,
            1,
            1,
            1,
            1,
            1,
            1,
            1,
            1,
            1,
            1,
            1,
            1,
            1,
            1,
            1,
            1,
            1,
            1,
            1,
            1,
            1,
            1,
            1,
            1,
            1,
            1,
            1,
            1,
            1,
            1,
            1,
            1,
            0,
            0,
            1,
            1,
            1,
            1,
            1,
            2,
            1,
            1,
            2,
            1,
            2,
            2,
            2,
            1,
            1,
            1,
            0,
            0,
            0,
            1,
            0
        ],