{
    "mean": {
        "acc": 0.8914956011730205,
        "alpha": 0.7969003887369135,
        "alpha_ordinal": 0.7957924179666787,
        "auc_roc": 0.9026742037903708,
        "cr": {
            "0": {
                "f1-score": 0.8702290076335878,
                "precision": 0.9344262295081968,
                "recall": 0.8142857142857143,
                "support": 70
            },
            "1": {
                "f1-score": 0.9242424242424243,
                "precision": 0.9104477611940298,
                "recall": 0.9384615384615385,
                "support": 195
            },
            "2": {
                "f1-score": 0.8258064516129032,
                "precision": 0.810126582278481,
                "recall": 0.8421052631578947,
                "support": 76
            },
            "accuracy": 0.8914956011730205,
            "macro avg": {
                "f1-score": 0.8734259611629717,
                "precision": 0.8850001909935692,
                "recall": 0.8649508386350492,
                "support": 341
            },
            "weighted avg": {
                "f1-score": 0.8912158169624766,
                "precision": 0.8930110549899535,
                "recall": 0.8914956011730205,
                "support": 341
            }
        },
        "f1": 0.8912158169624766,
        "kappa": 0.8111566784409986,
        "mae": 0.12903225806451613,
        "mcc": 0.8119852045021553,
        "mse": 0.17008797653958943,
        "p": 0.8930110549899535,
        "p_tau": 1.478606821882173e-56,
        "r": 0.8914956011730205,
        "r2": 0.5828834148810528,
        "spearman": 0.7957492856879118,
        "tau": 0.7837129269692543,
        "y_predict": [
            2,
            2,
            2,
            2,
            2,
            2,
            2,
            2,
            2,
            2,
            2,
            2,
            2,
            2,
            2,
            2,
            2,
            2,
            2,
            0,
            0,
            2,
            0,
            0,
            0,
            2,
            2,
            2,
            2,
            2,
            2,
            2,
            2,
            2,
            2,
            2,
            2,
            2,
            2,
            2,
            2,
            2,
            1,
            2,
            2,
            2,
            2,
            1,
            2,
            2,
            2,
            1,
            1,
            1,
            1,
            2,
            1,
            2,
            2,
            1,
            1,
            2,
            2,
            2,
            2,
            2,
            1,
            1,
            1,
            1,
            1,
            1,
            1,
            1,
            1,
            1,
            2,
            2,
            2,
            1,
            1,
            1,
            1,
            1,
            1,
            1,
            1,
            1,
            2,
            1,
            2,
            2,
            1,
            2,
            2,
            2,
            2,
            2,
            2,
            1,
            1,
            2,
            1,
            1,
            1,
            1,
            1,
            1,
            1,
            1,
            1,
            1,
            1,
            1,
            1,
            2,
            0,
            0,
            1,
            1,
            1,
            1,
            2,
            0,
            2,
            0,
            0,
            2,
            2,
            1,
            1,
            1,
            1,
            1,
            1,
            1,
            1,
            1,
            1,
            1,
            1,
            1,
            1,
            0,
            1,
            0,
            1,
            1,
            1,
            1,
            0,
            0,
            0,
            0,
            0,
            1,
            0,
            0,
            0,
            0,
            0,
            0,
            0,
            0,
            0,
            0,
            0,
            0,
            0,
            0,
            0,
            0,
            0,
            0,
            0,
            0,
            0,
            0,
            0,
            0,
            0,
            0,
            1,
            2,
            0,
            2,
            2,
            1,
            0,
            0,
            0,
            0,
            1,
            1,
            1,
            1,
            1,
            1,
            1,
            1,
            1,
            1,
            1,
            1,
            1,
            1,
            1,
            1,
            1,
            1,
            1,
            1,
            2,
            1,
            1,
            1,
            1,
            1,
            1,
            1,
            1,
            1,
            1,
            1,
            1,
            1,
            1,
            1,
            1,
            1,
            1,
            1,
            1,
            0,
            0,
            0,
            0,
            0,
            0,
            0,
            1,
            1,
            1,
            1,
            1,
            1,
            1,
            1,
            1,
            1,
            1,
            1,
            1,
            1,
            1,
            1,
            1,
            1,
            1,
            1,
            1,
            1,
            1,
            1,
            1,
            1,
            1,
            1,
            1,
            1,
            1,
            1,
            1,
            1,
            1,
            1,
            1,
            1,
            1,
            1,
            1,
            1,
            1,
            1,
            1,
            1,
            1,
            1,
            1,
            1,
            1,
            1,
            1,
            1,
            1,
            1,
            1,
            1,
            1,
            1,
            1,
            1,
            1,
            1,
            1,
            1,
            1,
            1,
            1,
            1,
            1,
            1,
            1,
            1,
            1,
            1,
            1,
            1,
            0,
            0,
            1,
            1,
            1,
            1,
            1,
            2,
            1,
            1,
            2,
            1,
            2,
            2,
            2,
            1,
            1,
            1,
            0,
            0,
            0,
            1,
            0
        ],