{
    "mean": {
        "acc": 0.8856304985337243,
        "alpha": 0.8010496696718244,
        "alpha_ordinal": 0.7997384126827549,
        "auc_roc": 0.8973627538032939,
        "cr": {
            "0": {
                "f1-score": 0.8702290076335878,
                "precision": 0.9344262295081968,
                "recall": 0.8142857142857143,
                "support": 70
            },
            "1": {
                "f1-score": 0.9164556962025316,
                "precision": 0.905,
                "recall": 0.9282051282051282,
                "support": 195
            },
            "2": {
                "f1-score": 0.8205128205128205,
                "precision": 0.8,
                "recall": 0.8421052631578947,
                "support": 76
            },
            "accuracy": 0.8856304985337243,
            "macro avg": {
                "f1-score": 0.8690658414496465,
                "precision": 0.8798087431693989,
                "recall": 0.8615320352162458,
                "support": 341
            },
            "weighted avg": {
                "f1-score": 0.8855831837326075,
                "precision": 0.8876388154415654,
                "recall": 0.8856304985337243,
                "support": 341
            }
        },
        "f1": 0.8855831837326075,
        "kappa": 0.8013028342621505,
        "mae": 0.13196480938416422,
        "mcc": 0.8020790088910273,
        "mse": 0.16715542521994134,
        "p": 0.8876388154415654,
        "p_tau": 5.75363938849118e-57,
        "r": 0.8856304985337243,
        "r2": 0.5926865046102263,
        "spearman": 0.7999285343772187,
        "tau": 0.786495657025267,
        "y_predict": [
            1,
            2,
            2,
            2,
            2,
            2,
            2,
            2,
            2,
            2,
            2,
            2,
            2,
            2,
            2,
            2,
            2,
            2,
            2,
            0,
            0,
            2,
            0,
            0,
            0,
            2,
            2,
            2,
            2,
            2,
            2,
            2,
            2,
            2,
            2,
            2,
            2,
            2,
            2,
            2,
            2,
            2,
            1,
            2,
            2,
            2,
            2,
            2,
            2,
            1,
            2,
            1,
            1,
            1,
            2,
            2,
            1,
            2,
            2,
            1,
            1,
            2,
            2,
            2,
            2,
            2,
            1,
            1,
            1,
            1,
            1,
            1,
            1,
            1,
            1,
            1,
            2,
            2,
            2,
            1,
            1,
            1,
            1,
            1,
            1,
            1,
            1,
            1,
            2,
            2,
            2,
            2,
            1,
            2,
            2,
            1,
            2,
            2,
            2,
            1,
            1,
            2,
            1,
            1,
            1,
            1,
            1,
            1,
            1,
            1,
            1,
            1,
            1,
            1,
            1,
            2,
            0,
            0,
            1,
            1,
            1,
            1,
            2,
            0,
            2,
            0,
            0,
            2,
            2,
            1,
            1,
            1,
            1,
            1,
            1,
            1,
            1,
            1,
            1,
            1,
            1,
            1,
            1,
            0,
            1,
            0,
            1,
            1,
            1,
            1,
            0,
            0,
            0,
            0,
            0,
            1,
            0,
            0,
            0,
            0,
            0,
            0,
            0,
            0,
            0,
            0,
            0,
            0,
            0,
            0,
            0,
            0,
            0,
            0,
            0,
            0,
            0,
            0,
            0,
            0,
            0,
            0,
            1,
            1,
            0,
            2,
            2,
            1,
            0,
            0,
            0,
            0,
            1,
            1,
            1,
            1,
            1,
            1,
            1,
            1,
            1,
            1,
            1,
            1,
            1,
            1,
            1,
            1,
            1,
            1,
            2,
            1,
            2,
            1,
            1,
            1,
            1,
            1,
            1,
            1,
            1,
            1,
            1,
            1,
            1,
            1,
            1,
            1,
            1,
            1,
            1,
            1,
            1,
            0,
            0,
            0,
            0,
            0,
            0,
            0,
            1,
            1,
            1,
            1,
            1,
            1,
            1,
            1,
            1,
            1,
            1,
            1,
            1,
            1,
            1,
            1,
            1,
            1,
            1,
            1,
            1,
            1,
            1,
            1,
            1,
            1,
            1,
            1,
            1,
            1,
            1,
            1,
            1,
            1,
            1,
            1,
            1,
            1,
            1,
            1,
            1,
            1,
            1,
            1,
            1,
            1,
            1,
            1,
            1,
            1,
            1,
            1,
            1,
            1,
            1,
            1,
            1,
            1,
            1,
            1,
            1,
            1,
            1,
            1,
            1,
            1,
            1,
            1,
            1,
            1,
            1,
            1,
            1,
            1,
            1,
            1,
            1,
            1,
            0,
            0,
            1,
            1,
            1,
            1,
            1,
            2,
            1,
            1,
            2,
            1,
            2,
            2,
            2,
            1,
            2,
            1,
            0,
            0,
            0,
            1,
            0
        ],