{
    "mean": {
        "acc": 0.8653295128939829,
        "alpha": 0.6753455388885721,
        "alpha_ordinal": 0.6731594867471711,
        "auc_roc": 0.8830783613802482,
        "cr": {
            "0": {
                "f1-score": 0.732919254658385,
                "precision": 0.8309859154929577,
                "recall": 0.6555555555555556,
                "support": 90
            },
            "1": {
                "f1-score": 0.9242424242424243,
                "precision": 0.8883495145631068,
                "recall": 0.9631578947368421,
                "support": 190
            },
            "2": {
                "f1-score": 0.851063829787234,
                "precision": 0.8333333333333334,
                "recall": 0.8695652173913043,
                "support": 69
            },
            "accuracy": 0.8653295128939829,
            "macro avg": {
                "f1-score": 0.836075169562681,
                "precision": 0.8508895877964661,
                "recall": 0.829426222561234,
                "support": 349
            },
            "weighted avg": {
                "f1-score": 0.8604360967926488,
                "precision": 0.8626794847030272,
                "recall": 0.8653295128939829,
                "support": 349
            }
        },
        "f1": 0.8604360967926488,
        "kappa": 0.769953578390811,
        "mae": 0.1833810888252149,
        "mcc": 0.773611092483994,
        "mse": 0.2808022922636103,
        "p": 0.8626794847030272,
        "p_tau": 2.289171486135206e-42,
        "r": 0.8653295128939829,
        "r2": 0.3146715825752414,
        "spearman": 0.6754084654437161,
        "tau": 0.6653900871966155,
        "y_predict": [
            1,
            1,
            1,
            0,
            1,
            1,
            1,
            1,
            1,
            1,
            1,
            1,
            1,
            1,
            1,
            2,
            2,
            2,
            2,
            2,
            2,
            2,
            1,
            1,
            2,
            0,
            0,
            0,
            0,
            2,
            0,
            0,
            0,
            0,
            0,
            2,
            2,
            2,
            2,
            2,
            2,
            2,
            2,
            0,
            2,
            1,
            1,
            2,
            2,
            2,
            2,
            2,
            2,
            2,
            2,
            1,
            0,
            0,
            0,
            0,
            0,
            0,
            0,
            0,
            0,
            1,
            2,
            2,
            2,
            2,
            2,
            2,
            2,
            2,
            0,
            0,
            0,
            0,
            2,
            1,
            0,
            1,
            1,
            1,
            1,
            1,
            1,
            1,
            1,
            1,
            1,
            1,
            1,
            1,
            1,
            1,
            1,
            1,
            1,
            1,
            1,
            1,
            1,
            1,
            1,
            1,
            1,
            1,
            1,
            1,
            2,
            2,
            0,
            2,
            2,
            2,
            2,
            2,
            2,
            1,
            1,
            2,
            2,
            2,
            2,
            2,
            0,
            2,
            2,
            2,
            2,
            2,
            2,
            1,
            1,
            1,
            1,
            1,
            1,
            1,
            1,
            1,
            1,
            1,
            1,
            1,
            1,
            1,
            1,
            1,
            1,
            1,
            1,
            1,
            1,
            1,
            1,
            1,
            1,
            1,
            1,
            1,
            1,
            1,
            1,
            1,
            1,
            1,
            1,
            1,
            0,
            1,
            1,
            1,
            1,
            1,
            1,
            1,
            1,
            1,
            0,
            1,
            0,
            1,
            0,
            0,
            0,
            0,
            1,
            1,
            0,
            1,
            2,
            1,
            0,
            0,
            1,
            2,
            1,
            0,
            1,
            0,
            2,
            1,
            0,
            0,
            1,
            0,
            1,
            0,
            1,
            1,
            0,
            0,
            1,
            0,
            1,
            0,
            0,
            0,
            2,
            0,
            2,
            1,
            0,
            0,
            1,
            1,
            1,
            1,
            1,
            1,
            1,
            1,
            1,
            2,
            0,
            2,
            2,
            2,
            2,
            1,
            1,
            1,
            1,
            1,
            1,
            1,
            1,
            0,
            1,
            1,
            0,
            1,
            1,
            1,
            1,
            1,
            1,
            1,
            1,
            1,
            1,
            1,
            1,
            1,
            1,
            1,
            1,
            1,
            1,
            1,
            1,
            1,
            1,
            1,
            1,
            1,
            1,
            1,
            1,
            1,
            1,
            0,
            1,
            1,
            0,
            2,
            2,
            2,
            1,
            1,
            1,
            1,
            1,
            1,
            1,
            1,
            1,
            1,
            0,
            1,
            2,
            1,
            2,
            0,
            1,
            1,
            0,
            1,
            1,
            1,
            0,
            0,
            1,
            1,
            1,
            1,
            1,
            0,
            1,
            1,
            0,
            2,
            0,
            2,
            1,
            1,
            1,
            1,
            1,
            0,
            0,
            0,
            2,
            1,
            1,
            1,
            1,
            1,
            1,
            1,
            1,
            1,
            0,
            1,
            1,
            0,
            0
        ],