{
    "mean": {
        "acc": 0.8538681948424068,
        "alpha": 0.6527649277631485,
        "alpha_ordinal": 0.6502628084843184,
        "auc_roc": 0.874142201500692,
        "cr": {
            "0": {
                "f1-score": 0.7272727272727272,
                "precision": 0.8,
                "recall": 0.6666666666666666,
                "support": 90
            },
            "1": {
                "f1-score": 0.9164556962025316,
                "precision": 0.8829268292682927,
                "recall": 0.9526315789473684,
                "support": 190
            },
            "2": {
                "f1-score": 0.8260869565217391,
                "precision": 0.8260869565217391,
                "recall": 0.8260869565217391,
                "support": 69
            },
            "accuracy": 0.8538681948424068,
            "macro avg": {
                "f1-score": 0.8232717933323327,
                "precision": 0.8363379285966773,
                "recall": 0.8151284007119247,
                "support": 349
            },
            "weighted avg": {
                "f1-score": 0.8498026582608208,
                "precision": 0.8503040044727095,
                "recall": 0.8538681948424068,
                "support": 349
            }
        },
        "f1": 0.8498026582608208,
        "kappa": 0.7505046257359125,
        "mae": 0.1977077363896848,
        "mcc": 0.7531007256358369,
        "mse": 0.3008595988538682,
        "p": 0.8503040044727095,
        "p_tau": 2.0976672776245393e-39,
        "r": 0.8538681948424068,
        "r2": 0.27031063321385895,
        "spearman": 0.6511553712901325,
        "tau": 0.6405597027596797,
        "y_predict": [
            1,
            1,
            1,
            0,
            1,
            1,
            1,
            1,
            1,
            1,
            1,
            1,
            1,
            1,
            1,
            2,
            2,
            2,
            2,
            2,
            2,
            2,
            1,
            0,
            2,
            0,
            0,
            0,
            0,
            2,
            0,
            0,
            0,
            0,
            0,
            2,
            2,
            2,
            2,
            2,
            2,
            0,
            2,
            1,
            2,
            1,
            1,
            2,
            2,
            2,
            2,
            2,
            2,
            2,
            2,
            1,
            0,
            0,
            0,
            0,
            0,
            0,
            0,
            0,
            0,
            1,
            2,
            2,
            2,
            2,
            2,
            0,
            2,
            2,
            0,
            0,
            0,
            0,
            2,
            1,
            0,
            1,
            1,
            1,
            1,
            1,
            1,
            1,
            1,
            1,
            1,
            1,
            1,
            1,
            1,
            1,
            1,
            1,
            1,
            1,
            1,
            1,
            1,
            1,
            1,
            1,
            1,
            1,
            1,
            1,
            2,
            2,
            0,
            2,
            2,
            2,
            2,
            2,
            1,
            1,
            1,
            2,
            2,
            2,
            2,
            2,
            0,
            2,
            2,
            2,
            2,
            2,
            2,
            1,
            1,
            1,
            1,
            1,
            1,
            1,
            1,
            1,
            1,
            1,
            1,
            1,
            1,
            1,
            1,
            1,
            1,
            1,
            1,
            1,
            1,
            1,
            1,
            1,
            1,
            1,
            1,
            1,
            1,
            1,
            1,
            1,
            0,
            1,
            1,
            1,
            0,
            1,
            1,
            1,
            1,
            1,
            1,
            1,
            1,
            1,
            0,
            1,
            0,
            1,
            0,
            0,
            0,
            0,
            1,
            1,
            0,
            1,
            2,
            1,
            0,
            0,
            1,
            2,
            1,
            0,
            1,
            0,
            2,
            1,
            0,
            0,
            1,
            0,
            1,
            0,
            1,
            1,
            0,
            0,
            1,
            0,
            1,
            0,
            0,
            0,
            2,
            0,
            2,
            1,
            0,
            0,
            1,
            1,
            1,
            1,
            1,
            1,
            1,
            1,
            1,
            2,
            0,
            2,
            2,
            2,
            2,
            1,
            1,
            1,
            1,
            1,
            1,
            1,
            1,
            0,
            1,
            1,
            0,
            1,
            1,
            1,
            1,
            1,
            1,
            1,
            1,
            1,
            1,
            1,
            1,
            1,
            1,
            1,
            1,
            1,
            1,
            1,
            1,
            1,
            1,
            1,
            1,
            1,
            1,
            1,
            1,
            0,
            1,
            0,
            1,
            1,
            0,
            2,
            2,
            2,
            1,
            1,
            1,
            1,
            1,
            1,
            1,
            1,
            1,
            1,
            0,
            1,
            2,
            1,
            2,
            0,
            1,
            1,
            0,
            1,
            1,
            1,
            0,
            0,
            1,
            1,
            1,
            1,
            1,
            0,
            1,
            1,
            0,
            2,
            0,
            2,
            1,
            1,
            1,
            1,
            1,
            0,
            0,
            0,
            2,
            1,
            1,
            1,
            1,
            1,
            1,
            1,
            1,
            1,
            0,
            1,
            1,
            0,
            0
        ],