{
    "mean": {
        "acc": 0.8424068767908309,
        "alpha": 0.6300915483614169,
        "alpha_ordinal": 0.6267211780450426,
        "auc_roc": 0.8650612539763485,
        "cr": {
            "0": {
                "f1-score": 0.7100591715976332,
                "precision": 0.759493670886076,
                "recall": 0.6666666666666666,
                "support": 90
            },
            "1": {
                "f1-score": 0.9086294416243655,
                "precision": 0.8774509803921569,
                "recall": 0.9421052631578948,
                "support": 190
            },
            "2": {
                "f1-score": 0.8148148148148148,
                "precision": 0.8333333333333334,
                "recall": 0.7971014492753623,
                "support": 69
            },
            "accuracy": 0.8424068767908309,
            "macro avg": {
                "f1-score": 0.8111678093456045,
                "precision": 0.8234259948705221,
                "recall": 0.8019577930333078,
                "support": 349
            },
            "weighted avg": {
                "f1-score": 0.8388743311594231,
                "precision": 0.8383097898402769,
                "recall": 0.8424068767908309,
                "support": 349
            }
        },
        "f1": 0.8388743311594231,
        "kappa": 0.7310758367541366,
        "mae": 0.21203438395415472,
        "mcc": 0.7329402542565353,
        "mse": 0.3209169054441261,
        "p": 0.8383097898402769,
        "p_tau": 1.415591502978641e-36,
        "r": 0.8424068767908309,
        "r2": 0.22499801728923796,
        "spearman": 0.627242059120065,
        "tau": 0.6160507368765407,
        "y_predict": [
            1,
            1,
            1,
            0,
            1,
            1,
            1,
            1,
            1,
            1,
            1,
            1,
            1,
            1,
            1,
            2,
            2,
            2,
            2,
            2,
            2,
            0,
            1,
            2,
            2,
            0,
            0,
            0,
            0,
            2,
            0,
            0,
            0,
            0,
            0,
            2,
            2,
            2,
            2,
            2,
            2,
            2,
            2,
            0,
            2,
            1,
            1,
            2,
            2,
            2,
            2,
            2,
            2,
            2,
            2,
            2,
            1,
            1,
            0,
            0,
            2,
            0,
            0,
            0,
            0,
            1,
            2,
            2,
            2,
            2,
            2,
            2,
            2,
            2,
            0,
            0,
            0,
            0,
            2,
            1,
            0,
            1,
            1,
            1,
            1,
            1,
            1,
            1,
            1,
            1,
            1,
            1,
            1,
            1,
            1,
            1,
            1,
            1,
            1,
            1,
            1,
            1,
            1,
            1,
            1,
            1,
            1,
            1,
            1,
            1,
            2,
            0,
            0,
            2,
            2,
            2,
            0,
            2,
            2,
            1,
            1,
            2,
            2,
            2,
            2,
            2,
            0,
            2,
            2,
            2,
            0,
            2,
            2,
            1,
            1,
            1,
            1,
            1,
            1,
            1,
            1,
            1,
            1,
            1,
            1,
            1,
            1,
            1,
            1,
            1,
            1,
            1,
            1,
            1,
            1,
            1,
            1,
            1,
            1,
            1,
            1,
            1,
            1,
            1,
            1,
            1,
            0,
            1,
            1,
            1,
            1,
            1,
            1,
            1,
            1,
            1,
            1,
            1,
            1,
            1,
            0,
            0,
            1,
            1,
            0,
            0,
            0,
            1,
            1,
            1,
            0,
            1,
            0,
            0,
            0,
            0,
            1,
            2,
            0,
            0,
            1,
            0,
            2,
            1,
            0,
            0,
            1,
            1,
            1,
            0,
            1,
            0,
            0,
            0,
            1,
            0,
            1,
            1,
            0,
            0,
            0,
            0,
            2,
            1,
            0,
            0,
            1,
            1,
            1,
            1,
            1,
            1,
            1,
            1,
            1,
            0,
            1,
            2,
            2,
            2,
            0,
            1,
            1,
            1,
            1,
            0,
            1,
            1,
            1,
            0,
            1,
            1,
            0,
            1,
            1,
            1,
            1,
            1,
            1,
            1,
            1,
            1,
            1,
            1,
            1,
            1,
            1,
            1,
            1,
            1,
            1,
            1,
            0,
            1,
            1,
            1,
            1,
            1,
            1,
            1,
            1,
            1,
            1,
            1,
            0,
            1,
            0,
            2,
            2,
            2,
            1,
            1,
            1,
            1,
            1,
            1,
            1,
            1,
            1,
            1,
            0,
            1,
            2,
            1,
            0,
            0,
            1,
            1,
            0,
            1,
            0,
            1,
            0,
            0,
            1,
            1,
            1,
            1,
            1,
            0,
            1,
            1,
            0,
            2,
            0,
            2,
            1,
            1,
            1,
            1,
            1,
            0,
            0,
            0,
            2,
            1,
            0,
            1,
            1,
            1,
            1,
            1,
            1,
            1,
            1,
            1,
            1,
            0,
            0
        ],