{
    "mean": {
        "acc": 0.8510028653295129,
        "alpha": 0.641908739117934,
        "alpha_ordinal": 0.638796331514777,
        "auc_roc": 0.8734258517277385,
        "cr": {
            "0": {
                "f1-score": 0.710843373493976,
                "precision": 0.7763157894736842,
                "recall": 0.6555555555555556,
                "support": 90
            },
            "1": {
                "f1-score": 0.9160305343511449,
                "precision": 0.8866995073891626,
                "recall": 0.9473684210526315,
                "support": 190
            },
            "2": {
                "f1-score": 0.8345323741007195,
                "precision": 0.8285714285714286,
                "recall": 0.8405797101449275,
                "support": 69
            },
            "accuracy": 0.8510028653295129,
            "macro avg": {
                "f1-score": 0.8204687606486134,
                "precision": 0.8305289084780919,
                "recall": 0.8145012289177048,
                "support": 349
            },
            "weighted avg": {
                "f1-score": 0.847004123077722,
                "precision": 0.8467414212836706,
                "recall": 0.8510028653295129,
                "support": 349
            }
        },
        "f1": 0.847004123077722,
        "kappa": 0.7463981777783988,
        "mae": 0.2034383954154728,
        "mcc": 0.7484688248662134,
        "mse": 0.3123209169054441,
        "p": 0.8467414212836706,
        "p_tau": 4.2559082474489773e-38,
        "r": 0.8510028653295129,
        "r2": 0.2528968144860364,
        "spearman": 0.6396338988152633,
        "tau": 0.6290372296677648,
        "y_predict": [
            1,
            1,
            1,
            0,
            1,
            1,
            1,
            1,
            1,
            1,
            1,
            1,
            1,
            1,
            1,
            2,
            2,
            2,
            2,
            2,
            2,
            2,
            1,
            0,
            2,
            0,
            0,
            0,
            0,
            2,
            0,
            0,
            0,
            0,
            0,
            2,
            2,
            2,
            2,
            2,
            2,
            0,
            2,
            0,
            2,
            1,
            1,
            2,
            2,
            2,
            2,
            2,
            2,
            2,
            2,
            1,
            0,
            0,
            0,
            0,
            0,
            0,
            0,
            0,
            0,
            1,
            2,
            2,
            2,
            2,
            2,
            2,
            2,
            2,
            0,
            0,
            0,
            0,
            2,
            1,
            0,
            1,
            1,
            1,
            1,
            1,
            1,
            1,
            1,
            1,
            1,
            1,
            1,
            1,
            1,
            1,
            1,
            1,
            1,
            1,
            1,
            1,
            1,
            1,
            1,
            1,
            1,
            1,
            1,
            1,
            2,
            2,
            0,
            2,
            2,
            2,
            2,
            2,
            2,
            1,
            1,
            2,
            2,
            2,
            0,
            2,
            0,
            2,
            2,
            2,
            2,
            2,
            2,
            1,
            1,
            1,
            1,
            1,
            1,
            1,
            1,
            1,
            1,
            1,
            1,
            1,
            1,
            1,
            1,
            1,
            1,
            1,
            1,
            1,
            1,
            1,
            1,
            1,
            1,
            1,
            1,
            1,
            1,
            1,
            1,
            1,
            0,
            1,
            1,
            1,
            0,
            1,
            1,
            1,
            1,
            1,
            1,
            1,
            1,
            1,
            0,
            1,
            0,
            1,
            0,
            0,
            0,
            0,
            1,
            1,
            0,
            1,
            2,
            1,
            0,
            0,
            1,
            2,
            1,
            0,
            1,
            0,
            2,
            1,
            0,
            0,
            1,
            0,
            1,
            0,
            1,
            1,
            0,
            0,
            1,
            0,
            1,
            0,
            0,
            0,
            2,
            0,
            2,
            1,
            0,
            0,
            1,
            1,
            1,
            1,
            1,
            1,
            1,
            1,
            1,
            2,
            0,
            2,
            2,
            2,
            2,
            1,
            1,
            1,
            1,
            1,
            1,
            1,
            1,
            0,
            1,
            1,
            0,
            1,
            1,
            1,
            1,
            1,
            1,
            1,
            1,
            1,
            1,
            1,
            1,
            1,
            1,
            1,
            1,
            1,
            1,
            1,
            0,
            1,
            1,
            1,
            1,
            1,
            1,
            1,
            1,
            0,
            1,
            1,
            1,
            1,
            0,
            2,
            2,
            2,
            1,
            1,
            1,
            1,
            1,
            1,
            1,
            1,
            1,
            1,
            0,
            1,
            2,
            1,
            2,
            0,
            1,
            1,
            0,
            1,
            1,
            1,
            0,
            0,
            1,
            1,
            1,
            1,
            1,
            0,
            1,
            1,
            0,
            2,
            0,
            2,
            1,
            1,
            1,
            1,
            1,
            0,
            0,
            0,
            2,
            1,
            1,
            1,
            1,
            1,
            1,
            1,
            1,
            1,
            0,
            1,
            1,
            0,
            0
        ],