{
    "mean": {
        "acc": 0.8653295128939829,
        "alpha": 0.6463254437589214,
        "alpha_ordinal": 0.6445752019587319,
        "auc_roc": 0.8856514533401327,
        "cr": {
            "0": {
                "f1-score": 0.7439024390243902,
                "precision": 0.8243243243243243,
                "recall": 0.6777777777777778,
                "support": 90
            },
            "1": {
                "f1-score": 0.9316455696202531,
                "precision": 0.8975609756097561,
                "recall": 0.968421052631579,
                "support": 190
            },
            "2": {
                "f1-score": 0.8201438848920863,
                "precision": 0.8142857142857143,
                "recall": 0.8260869565217391,
                "support": 69
            },
            "accuracy": 0.8653295128939829,
            "macro avg": {
                "f1-score": 0.8318972978455766,
                "precision": 0.8453903380732649,
                "recall": 0.8240952623103653,
                "support": 349
            },
            "weighted avg": {
                "f1-score": 0.8611856899644619,
                "precision": 0.8622105697442897,
                "recall": 0.8653295128939829,
                "support": 349
            }
        },
        "f1": 0.8611856899644619,
        "kappa": 0.7701405529631031,
        "mae": 0.19197707736389685,
        "mcc": 0.7729763669365497,
        "mse": 0.30659025787965616,
        "p": 0.8622105697442897,
        "p_tau": 5.017323804516307e-39,
        "r": 0.8653295128939829,
        "r2": 0.2567078025477706,
        "spearman": 0.6457894040148415,
        "tau": 0.6373067640494366,
        "y_predict": [
            1,
            1,
            1,
            0,
            1,
            1,
            1,
            1,
            1,
            1,
            1,
            1,
            1,
            1,
            1,
            2,
            2,
            2,
            2,
            2,
            2,
            2,
            1,
            0,
            2,
            0,
            0,
            0,
            0,
            2,
            0,
            0,
            0,
            0,
            0,
            2,
            2,
            2,
            2,
            2,
            2,
            2,
            2,
            0,
            2,
            1,
            1,
            2,
            2,
            2,
            2,
            2,
            2,
            2,
            2,
            1,
            0,
            0,
            0,
            0,
            0,
            0,
            0,
            0,
            0,
            1,
            2,
            2,
            2,
            2,
            2,
            0,
            2,
            2,
            0,
            0,
            0,
            0,
            2,
            1,
            0,
            1,
            1,
            1,
            1,
            1,
            1,
            1,
            1,
            1,
            1,
            1,
            1,
            1,
            1,
            1,
            1,
            1,
            1,
            1,
            1,
            1,
            1,
            1,
            1,
            1,
            1,
            1,
            1,
            1,
            2,
            2,
            0,
            2,
            2,
            2,
            2,
            2,
            1,
            1,
            1,
            2,
            2,
            2,
            2,
            2,
            0,
            2,
            2,
            2,
            2,
            2,
            2,
            1,
            1,
            1,
            1,
            1,
            1,
            1,
            1,
            1,
            1,
            1,
            1,
            1,
            1,
            1,
            1,
            1,
            1,
            1,
            1,
            1,
            1,
            1,
            1,
            1,
            1,
            1,
            1,
            1,
            1,
            1,
            1,
            1,
            1,
            1,
            1,
            1,
            1,
            1,
            1,
            1,
            1,
            1,
            1,
            1,
            1,
            1,
            0,
            1,
            0,
            1,
            0,
            0,
            0,
            0,
            1,
            1,
            0,
            1,
            2,
            1,
            0,
            0,
            1,
            2,
            0,
            0,
            1,
            0,
            2,
            1,
            0,
            0,
            1,
            0,
            1,
            0,
            1,
            1,
            2,
            0,
            1,
            0,
            1,
            0,
            0,
            0,
            2,
            0,
            2,
            1,
            0,
            0,
            1,
            1,
            1,
            1,
            1,
            1,
            1,
            1,
            1,
            0,
            0,
            2,
            2,
            2,
            2,
            1,
            1,
            1,
            1,
            1,
            1,
            1,
            1,
            0,
            1,
            1,
            0,
            1,
            1,
            1,
            1,
            1,
            1,
            1,
            1,
            1,
            1,
            1,
            1,
            1,
            1,
            1,
            1,
            1,
            1,
            1,
            1,
            1,
            1,
            1,
            1,
            1,
            1,
            1,
            1,
            0,
            1,
            0,
            1,
            1,
            0,
            2,
            2,
            2,
            1,
            1,
            1,
            1,
            1,
            1,
            1,
            1,
            1,
            1,
            0,
            1,
            2,
            1,
            2,
            0,
            1,
            1,
            0,
            1,
            0,
            1,
            0,
            0,
            1,
            1,
            1,
            1,
            1,
            0,
            1,
            1,
            0,
            2,
            0,
            2,
            1,
            1,
            1,
            1,
            1,
            0,
            0,
            0,
            2,
            1,
            1,
            1,
            1,
            1,
            1,
            1,
            1,
            1,
            1,
            1,
            1,
            0,
            0
        ],