{
    "mean": {
        "acc": 0.8538681948424068,
        "alpha": 0.6401789640733446,
        "alpha_ordinal": 0.6380583102261836,
        "auc_roc": 0.8730728369879314,
        "cr": {
            "0": {
                "f1-score": 0.6878980891719745,
                "precision": 0.8059701492537313,
                "recall": 0.6,
                "support": 90
            },
            "1": {
                "f1-score": 0.9195979899497487,
                "precision": 0.8798076923076923,
                "recall": 0.9631578947368421,
                "support": 190
            },
            "2": {
                "f1-score": 0.853146853146853,
                "precision": 0.8243243243243243,
                "recall": 0.8840579710144928,
                "support": 69
            },
            "accuracy": 0.8538681948424068,
            "macro avg": {
                "f1-score": 0.820214310756192,
                "precision": 0.8367007219619159,
                "recall": 0.8157386219171117,
                "support": 349
            },
            "weighted avg": {
                "f1-score": 0.8467093953669421,
                "precision": 0.8497970010019361,
                "recall": 0.8538681948424068,
                "support": 349
            }
        },
        "f1": 0.8467093953669421,
        "kappa": 0.749820788530466,
        "mae": 0.20057306590257878,
        "mcc": 0.7548201476565434,
        "mse": 0.30945558739255014,
        "p": 0.8497970010019361,
        "p_tau": 2.640242902297935e-38,
        "r": 0.8538681948424068,
        "r2": 0.2332790886899918,
        "spearman": 0.6421773604550862,
        "tau": 0.6316344504065552,
        "y_predict": [
            1,
            1,
            1,
            0,
            1,
            1,
            1,
            1,
            1,
            1,
            1,
            1,
            1,
            1,
            1,
            2,
            2,
            2,
            2,
            2,
            2,
            2,
            1,
            0,
            2,
            0,
            0,
            0,
            0,
            2,
            0,
            0,
            0,
            0,
            0,
            2,
            2,
            2,
            2,
            2,
            2,
            2,
            2,
            0,
            2,
            1,
            2,
            2,
            2,
            2,
            2,
            2,
            2,
            2,
            2,
            1,
            1,
            1,
            0,
            0,
            0,
            0,
            0,
            0,
            0,
            1,
            2,
            2,
            2,
            2,
            2,
            0,
            2,
            2,
            0,
            0,
            0,
            0,
            2,
            1,
            0,
            1,
            1,
            1,
            1,
            1,
            1,
            1,
            1,
            1,
            1,
            1,
            1,
            1,
            1,
            1,
            1,
            1,
            1,
            1,
            1,
            1,
            1,
            1,
            1,
            1,
            1,
            1,
            1,
            1,
            2,
            0,
            0,
            2,
            2,
            2,
            2,
            2,
            2,
            2,
            1,
            2,
            2,
            2,
            2,
            2,
            0,
            2,
            2,
            2,
            2,
            2,
            2,
            1,
            1,
            1,
            1,
            1,
            1,
            1,
            1,
            1,
            1,
            1,
            1,
            1,
            1,
            1,
            1,
            1,
            1,
            1,
            1,
            1,
            1,
            1,
            1,
            1,
            1,
            1,
            1,
            1,
            1,
            1,
            1,
            1,
            1,
            1,
            1,
            1,
            1,
            1,
            1,
            1,
            1,
            1,
            1,
            1,
            1,
            1,
            0,
            1,
            1,
            1,
            0,
            0,
            0,
            1,
            1,
            1,
            0,
            1,
            0,
            1,
            0,
            0,
            1,
            2,
            1,
            0,
            1,
            0,
            2,
            1,
            1,
            0,
            1,
            1,
            0,
            0,
            1,
            1,
            2,
            0,
            1,
            0,
            1,
            1,
            0,
            0,
            2,
            0,
            2,
            2,
            0,
            0,
            1,
            1,
            1,
            1,
            1,
            1,
            1,
            1,
            1,
            2,
            2,
            2,
            2,
            2,
            2,
            1,
            1,
            1,
            1,
            1,
            1,
            1,
            1,
            0,
            1,
            1,
            0,
            1,
            1,
            1,
            1,
            1,
            1,
            1,
            1,
            1,
            1,
            1,
            1,
            1,
            1,
            1,
            1,
            1,
            1,
            1,
            0,
            1,
            1,
            1,
            1,
            1,
            1,
            1,
            1,
            1,
            1,
            1,
            1,
            1,
            0,
            2,
            2,
            2,
            1,
            1,
            1,
            1,
            1,
            1,
            1,
            1,
            1,
            1,
            0,
            1,
            2,
            1,
            2,
            0,
            1,
            1,
            0,
            1,
            0,
            1,
            0,
            0,
            1,
            1,
            1,
            1,
            1,
            0,
            1,
            1,
            0,
            2,
            0,
            2,
            1,
            1,
            1,
            1,
            1,
            0,
            0,
            0,
            2,
            1,
            1,
            1,
            1,
            1,
            1,
            1,
            1,
            1,
            0,
            1,
            1,
            0,
            0
        ],