{
    "mean": {
        "acc": 0.839541547277937,
        "alpha": 0.6124362465007478,
        "alpha_ordinal": 0.610153200626189,
        "auc_roc": 0.8609920230203248,
        "cr": {
            "0": {
                "f1-score": 0.7073170731707318,
                "precision": 0.7837837837837838,
                "recall": 0.6444444444444445,
                "support": 90
            },
            "1": {
                "f1-score": 0.9095477386934674,
                "precision": 0.8701923076923077,
                "recall": 0.9526315789473684,
                "support": 190
            },
            "2": {
                "f1-score": 0.7941176470588236,
                "precision": 0.8059701492537313,
                "recall": 0.782608695652174,
                "support": 69
            },
            "accuracy": 0.839541547277937,
            "macro avg": {
                "f1-score": 0.8036608196410077,
                "precision": 0.8199820802432742,
                "recall": 0.7932282396813289,
                "support": 349
            },
            "weighted avg": {
                "f1-score": 0.8345751420750243,
                "precision": 0.8352120896864941,
                "recall": 0.839541547277937,
                "support": 349
            }
        },
        "f1": 0.8345751420750243,
        "kappa": 0.7247246401307079,
        "mae": 0.2177650429799427,
        "mcc": 0.7280492610040075,
        "mse": 0.332378223495702,
        "p": 0.8352120896864941,
        "p_tau": 8.951799434337302e-35,
        "r": 0.839541547277937,
        "r2": 0.17648494711147278,
        "spearman": 0.6111380368303394,
        "tau": 0.6003923163004244,
        "y_predict": [
            1,
            1,
            1,
            0,
            1,
            1,
            1,
            0,
            1,
            1,
            1,
            1,
            1,
            1,
            1,
            2,
            2,
            2,
            2,
            2,
            2,
            0,
            1,
            0,
            2,
            0,
            0,
            0,
            0,
            2,
            0,
            0,
            0,
            0,
            2,
            2,
            2,
            2,
            2,
            2,
            2,
            0,
            2,
            1,
            2,
            1,
            1,
            2,
            2,
            2,
            2,
            2,
            2,
            2,
            2,
            1,
            0,
            0,
            0,
            0,
            0,
            0,
            0,
            0,
            0,
            1,
            2,
            2,
            2,
            2,
            2,
            2,
            2,
            2,
            0,
            0,
            0,
            0,
            2,
            0,
            0,
            1,
            1,
            1,
            1,
            1,
            1,
            1,
            1,
            1,
            1,
            1,
            1,
            1,
            1,
            1,
            1,
            1,
            1,
            1,
            1,
            1,
            1,
            1,
            1,
            1,
            1,
            1,
            1,
            1,
            2,
            2,
            0,
            2,
            2,
            2,
            2,
            2,
            1,
            1,
            1,
            2,
            2,
            1,
            0,
            2,
            1,
            2,
            2,
            2,
            2,
            2,
            2,
            1,
            1,
            1,
            1,
            1,
            1,
            1,
            1,
            1,
            1,
            1,
            1,
            1,
            1,
            1,
            1,
            1,
            1,
            1,
            1,
            1,
            1,
            1,
            1,
            0,
            1,
            1,
            1,
            1,
            1,
            1,
            1,
            1,
            1,
            1,
            1,
            1,
            0,
            1,
            1,
            1,
            1,
            1,
            1,
            1,
            1,
            1,
            0,
            1,
            0,
            1,
            0,
            0,
            0,
            0,
            1,
            1,
            0,
            1,
            0,
            1,
            1,
            0,
            1,
            2,
            1,
            0,
            1,
            0,
            2,
            1,
            0,
            0,
            1,
            0,
            1,
            0,
            1,
            1,
            2,
            0,
            1,
            0,
            1,
            0,
            0,
            0,
            2,
            0,
            2,
            1,
            0,
            1,
            1,
            1,
            1,
            1,
            1,
            1,
            1,
            1,
            1,
            0,
            0,
            2,
            2,
            2,
            2,
            1,
            1,
            1,
            1,
            1,
            1,
            1,
            1,
            0,
            1,
            1,
            0,
            1,
            1,
            1,
            1,
            1,
            1,
            1,
            1,
            1,
            1,
            1,
            1,
            1,
            1,
            1,
            1,
            1,
            1,
            1,
            1,
            1,
            1,
            1,
            1,
            1,
            1,
            1,
            1,
            1,
            1,
            0,
            1,
            1,
            0,
            2,
            2,
            2,
            1,
            1,
            1,
            1,
            1,
            1,
            1,
            1,
            1,
            1,
            0,
            1,
            2,
            1,
            2,
            0,
            1,
            1,
            0,
            1,
            0,
            1,
            0,
            0,
            1,
            1,
            1,
            1,
            1,
            0,
            1,
            1,
            0,
            2,
            0,
            2,
            1,
            1,
            1,
            1,
            1,
            0,
            0,
            0,
            2,
            1,
            1,
            1,
            1,
            1,
            1,
            1,
            1,
            1,
            1,
            1,
            1,
            0,
            0
        ],