{
    "mean": {
        "acc": 0.8538681948424068,
        "alpha": 0.6554722028378692,
        "alpha_ordinal": 0.6534461631835,
        "auc_roc": 0.8692855928704987,
        "cr": {
            "0": {
                "f1-score": 0.7051282051282051,
                "precision": 0.8333333333333334,
                "recall": 0.6111111111111112,
                "support": 90
            },
            "1": {
                "f1-score": 0.9154228855721392,
                "precision": 0.8679245283018868,
                "recall": 0.968421052631579,
                "support": 190
            },
            "2": {
                "f1-score": 0.8428571428571429,
                "precision": 0.8309859154929577,
                "recall": 0.855072463768116,
                "support": 69
            },
            "accuracy": 0.8538681948424068,
            "macro avg": {
                "f1-score": 0.8211360778524958,
                "precision": 0.844081259042726,
                "recall": 0.8115348758369354,
                "support": 349
            },
            "weighted avg": {
                "f1-score": 0.8468453569552659,
                "precision": 0.8517011133133885,
                "recall": 0.8538681948424068,
                "support": 349
            }
        },
        "f1": 0.8468453569552659,
        "kappa": 0.7481819982456637,
        "mae": 0.19484240687679083,
        "mcc": 0.754410887258405,
        "mse": 0.2922636103151863,
        "p": 0.8517011133133885,
        "p_tau": 5.481804700661458e-40,
        "r": 0.8538681948424068,
        "r2": 0.2550849585670042,
        "spearman": 0.6576399331565088,
        "tau": 0.6466338274615467,
        "y_predict": [
            1,
            1,
            1,
            0,
            1,
            1,
            1,
            1,
            1,
            1,
            1,
            1,
            1,
            1,
            1,
            2,
            2,
            2,
            2,
            2,
            2,
            2,
            1,
            0,
            2,
            0,
            0,
            0,
            0,
            2,
            0,
            0,
            0,
            0,
            0,
            2,
            2,
            2,
            2,
            2,
            2,
            2,
            2,
            1,
            2,
            1,
            1,
            2,
            2,
            2,
            2,
            2,
            2,
            2,
            2,
            1,
            0,
            1,
            0,
            0,
            0,
            0,
            0,
            0,
            0,
            1,
            2,
            2,
            2,
            2,
            2,
            0,
            2,
            2,
            0,
            0,
            0,
            0,
            2,
            1,
            0,
            1,
            1,
            1,
            1,
            1,
            1,
            1,
            1,
            1,
            1,
            1,
            1,
            1,
            1,
            1,
            1,
            1,
            1,
            1,
            1,
            1,
            1,
            1,
            1,
            1,
            1,
            1,
            1,
            1,
            2,
            0,
            0,
            2,
            2,
            2,
            2,
            2,
            2,
            1,
            1,
            2,
            2,
            2,
            2,
            2,
            0,
            2,
            2,
            2,
            2,
            2,
            2,
            1,
            1,
            1,
            1,
            1,
            1,
            1,
            1,
            1,
            1,
            1,
            1,
            1,
            1,
            1,
            1,
            1,
            1,
            1,
            1,
            1,
            1,
            1,
            1,
            1,
            1,
            1,
            1,
            1,
            1,
            1,
            1,
            1,
            1,
            1,
            1,
            1,
            1,
            1,
            1,
            1,
            1,
            1,
            1,
            1,
            1,
            1,
            0,
            1,
            1,
            1,
            0,
            0,
            0,
            0,
            1,
            1,
            0,
            1,
            0,
            1,
            0,
            0,
            1,
            2,
            1,
            0,
            1,
            0,
            2,
            1,
            1,
            1,
            1,
            0,
            0,
            0,
            1,
            1,
            2,
            0,
            1,
            0,
            1,
            1,
            1,
            0,
            2,
            0,
            2,
            1,
            0,
            0,
            1,
            1,
            1,
            1,
            1,
            1,
            1,
            1,
            1,
            2,
            2,
            2,
            2,
            2,
            2,
            1,
            1,
            1,
            1,
            1,
            1,
            1,
            1,
            0,
            1,
            1,
            0,
            1,
            1,
            1,
            1,
            1,
            1,
            1,
            1,
            1,
            1,
            1,
            1,
            1,
            1,
            1,
            1,
            1,
            1,
            1,
            1,
            1,
            1,
            1,
            1,
            1,
            1,
            1,
            1,
            1,
            1,
            1,
            1,
            1,
            0,
            2,
            2,
            2,
            1,
            1,
            1,
            1,
            1,
            1,
            1,
            1,
            1,
            1,
            0,
            1,
            0,
            1,
            2,
            0,
            1,
            1,
            0,
            1,
            0,
            1,
            0,
            0,
            1,
            1,
            1,
            1,
            1,
            2,
            1,
            1,
            0,
            2,
            0,
            2,
            1,
            1,
            1,
            1,
            1,
            0,
            0,
            0,
            2,
            1,
            1,
            1,
            1,
            1,
            1,
            1,
            1,
            1,
            0,
            1,
            1,
            0,
            0
        ],