{
    "mean": {
        "acc": 0.8595988538681948,
        "alpha": 0.6557331453534931,
        "alpha_ordinal": 0.6539699374634698,
        "auc_roc": 0.8769338408489352,
        "cr": {
            "0": {
                "f1-score": 0.7051282051282051,
                "precision": 0.8333333333333334,
                "recall": 0.6111111111111112,
                "support": 90
            },
            "1": {
                "f1-score": 0.9223057644110275,
                "precision": 0.8803827751196173,
                "recall": 0.968421052631579,
                "support": 190
            },
            "2": {
                "f1-score": 0.853146853146853,
                "precision": 0.8243243243243243,
                "recall": 0.8840579710144928,
                "support": 69
            },
            "accuracy": 0.8595988538681948,
            "macro avg": {
                "f1-score": 0.8268602742286952,
                "precision": 0.846013477592425,
                "recall": 0.8211967115857276,
                "support": 349
            },
            "weighted avg": {
                "f1-score": 0.8526268383001907,
                "precision": 0.8571664918369789,
                "recall": 0.8595988538681948,
                "support": 349
            }
        },
        "f1": 0.8526268383001907,
        "kappa": 0.7592934055880076,
        "mae": 0.19197707736389685,
        "mcc": 0.7648671014538222,
        "mse": 0.29512893982808025,
        "p": 0.8571664918369789,
        "p_tau": 3.259596435552216e-40,
        "r": 0.8595988538681948,
        "r2": 0.26332076399704873,
        "spearman": 0.6582900255174824,
        "tau": 0.6480896016841781,
        "y_predict": [
            1,
            1,
            1,
            0,
            1,
            1,
            1,
            1,
            1,
            1,
            1,
            1,
            1,
            1,
            1,
            2,
            2,
            2,
            2,
            2,
            2,
            2,
            1,
            0,
            2,
            0,
            0,
            0,
            0,
            2,
            0,
            0,
            0,
            0,
            0,
            2,
            2,
            2,
            2,
            2,
            2,
            2,
            2,
            1,
            2,
            1,
            2,
            2,
            2,
            2,
            2,
            2,
            2,
            2,
            2,
            1,
            1,
            1,
            0,
            0,
            0,
            0,
            0,
            0,
            0,
            1,
            2,
            2,
            2,
            2,
            2,
            0,
            2,
            2,
            0,
            0,
            0,
            0,
            2,
            1,
            0,
            1,
            1,
            1,
            1,
            1,
            1,
            1,
            1,
            1,
            1,
            1,
            1,
            1,
            1,
            1,
            1,
            1,
            1,
            1,
            1,
            1,
            1,
            1,
            1,
            1,
            1,
            1,
            1,
            1,
            2,
            0,
            0,
            2,
            2,
            2,
            2,
            2,
            2,
            2,
            1,
            2,
            2,
            2,
            2,
            2,
            0,
            2,
            2,
            2,
            2,
            2,
            2,
            1,
            1,
            1,
            1,
            1,
            1,
            1,
            1,
            1,
            1,
            1,
            1,
            1,
            1,
            1,
            1,
            1,
            1,
            1,
            1,
            1,
            1,
            1,
            1,
            1,
            1,
            1,
            1,
            1,
            1,
            1,
            1,
            1,
            1,
            1,
            1,
            1,
            1,
            1,
            1,
            1,
            1,
            1,
            1,
            1,
            1,
            1,
            0,
            1,
            1,
            1,
            0,
            0,
            0,
            0,
            1,
            1,
            0,
            1,
            0,
            1,
            0,
            0,
            1,
            2,
            1,
            0,
            1,
            0,
            2,
            1,
            1,
            0,
            1,
            0,
            0,
            0,
            1,
            1,
            2,
            0,
            1,
            0,
            1,
            1,
            1,
            0,
            2,
            0,
            2,
            1,
            0,
            0,
            1,
            1,
            1,
            1,
            1,
            1,
            1,
            1,
            1,
            2,
            2,
            2,
            2,
            2,
            2,
            1,
            1,
            1,
            1,
            1,
            1,
            1,
            1,
            0,
            1,
            1,
            0,
            1,
            1,
            1,
            1,
            1,
            1,
            1,
            1,
            1,
            1,
            1,
            1,
            1,
            1,
            1,
            1,
            1,
            1,
            1,
            0,
            1,
            1,
            1,
            1,
            1,
            1,
            1,
            1,
            1,
            1,
            0,
            1,
            1,
            0,
            2,
            2,
            2,
            1,
            1,
            1,
            1,
            1,
            1,
            1,
            1,
            1,
            1,
            0,
            1,
            2,
            1,
            2,
            0,
            1,
            1,
            0,
            1,
            0,
            1,
            0,
            0,
            1,
            1,
            1,
            1,
            1,
            2,
            1,
            1,
            0,
            2,
            0,
            2,
            1,
            1,
            1,
            1,
            1,
            0,
            0,
            0,
            2,
            1,
            1,
            1,
            1,
            1,
            1,
            1,
            1,
            1,
            1,
            1,
            1,
            0,
            0
        ],