{
    "mean": {
        "acc": 0.8595988538681948,
        "alpha": 0.6687199376414,
        "alpha_ordinal": 0.6658164157847548,
        "auc_roc": 0.8778584177169082,
        "cr": {
            "0": {
                "f1-score": 0.7080745341614907,
                "precision": 0.8028169014084507,
                "recall": 0.6333333333333333,
                "support": 90
            },
            "1": {
                "f1-score": 0.9191919191919192,
                "precision": 0.883495145631068,
                "recall": 0.9578947368421052,
                "support": 190
            },
            "2": {
                "f1-score": 0.8652482269503546,
                "precision": 0.8472222222222222,
                "recall": 0.8840579710144928,
                "support": 69
            },
            "accuracy": 0.8595988538681948,
            "macro avg": {
                "f1-score": 0.8308382267679216,
                "precision": 0.8445114230872469,
                "recall": 0.8250953470633103,
                "support": 349
            },
            "weighted avg": {
                "f1-score": 0.8540839552451955,
                "precision": 0.8555184301719105,
                "recall": 0.8595988538681948,
                "support": 349
            }
        },
        "f1": 0.8540839552451955,
        "kappa": 0.7601643689606328,
        "mae": 0.18911174785100288,
        "mcc": 0.763775381326365,
        "mse": 0.28653295128939826,
        "p": 0.8555184301719105,
        "p_tau": 1.9974542383753618e-41,
        "r": 0.8595988538681948,
        "r2": 0.3006852883420831,
        "spearman": 0.668573262843672,
        "tau": 0.6576398849950454,
        "y_predict": [
            1,
            1,
            1,
            0,
            1,
            1,
            1,
            1,
            1,
            1,
            1,
            1,
            1,
            1,
            1,
            2,
            2,
            2,
            2,
            2,
            2,
            2,
            1,
            0,
            2,
            0,
            0,
            0,
            0,
            2,
            0,
            0,
            0,
            0,
            0,
            2,
            2,
            2,
            2,
            2,
            2,
            2,
            2,
            0,
            2,
            1,
            2,
            2,
            2,
            2,
            2,
            2,
            2,
            2,
            2,
            0,
            1,
            1,
            0,
            0,
            0,
            0,
            0,
            0,
            0,
            1,
            2,
            2,
            2,
            2,
            2,
            2,
            2,
            2,
            0,
            0,
            0,
            0,
            2,
            1,
            0,
            1,
            1,
            1,
            1,
            1,
            1,
            1,
            1,
            1,
            1,
            1,
            1,
            1,
            1,
            1,
            1,
            1,
            1,
            1,
            1,
            1,
            1,
            1,
            1,
            1,
            1,
            1,
            1,
            1,
            2,
            2,
            0,
            2,
            2,
            2,
            2,
            2,
            2,
            2,
            1,
            2,
            2,
            2,
            2,
            2,
            0,
            2,
            2,
            2,
            2,
            2,
            2,
            1,
            1,
            1,
            1,
            1,
            1,
            1,
            1,
            1,
            1,
            1,
            1,
            1,
            1,
            1,
            1,
            1,
            1,
            1,
            1,
            1,
            1,
            1,
            1,
            1,
            1,
            1,
            1,
            1,
            1,
            1,
            1,
            1,
            0,
            1,
            1,
            1,
            1,
            1,
            1,
            1,
            1,
            1,
            1,
            1,
            1,
            1,
            0,
            1,
            1,
            1,
            0,
            0,
            0,
            1,
            1,
            1,
            0,
            1,
            0,
            1,
            0,
            0,
            1,
            2,
            1,
            0,
            1,
            0,
            2,
            1,
            0,
            0,
            1,
            1,
            1,
            0,
            1,
            1,
            0,
            0,
            1,
            0,
            1,
            0,
            1,
            0,
            0,
            0,
            2,
            2,
            0,
            0,
            1,
            1,
            1,
            1,
            1,
            1,
            1,
            1,
            1,
            0,
            0,
            2,
            2,
            2,
            2,
            1,
            1,
            1,
            1,
            1,
            1,
            1,
            1,
            0,
            1,
            1,
            0,
            1,
            1,
            1,
            1,
            1,
            1,
            1,
            1,
            1,
            1,
            1,
            1,
            1,
            1,
            1,
            1,
            1,
            1,
            1,
            0,
            1,
            1,
            1,
            1,
            1,
            1,
            1,
            1,
            1,
            1,
            0,
            1,
            1,
            0,
            2,
            2,
            2,
            1,
            1,
            1,
            1,
            1,
            1,
            1,
            1,
            1,
            1,
            0,
            1,
            2,
            1,
            2,
            0,
            1,
            1,
            0,
            1,
            0,
            1,
            0,
            0,
            1,
            1,
            1,
            1,
            1,
            0,
            1,
            1,
            0,
            2,
            0,
            2,
            1,
            1,
            1,
            1,
            1,
            0,
            0,
            0,
            2,
            1,
            1,
            1,
            1,
            1,
            1,
            1,
            1,
            1,
            1,
            1,
            1,
            0,
            0
        ],