{
    "mean": {
        "acc": 0.8022922636103151,
        "alpha": 0.5323368248406455,
        "alpha_ordinal": 0.5297526875165112,
        "auc_roc": 0.8375440130157111,
        "cr": {
            "0": {
                "f1-score": 0.6704545454545454,
                "precision": 0.686046511627907,
                "recall": 0.6555555555555556,
                "support": 90
            },
            "1": {
                "f1-score": 0.88659793814433,
                "precision": 0.8686868686868687,
                "recall": 0.9052631578947369,
                "support": 190
            },
            "2": {
                "f1-score": 0.7313432835820897,
                "precision": 0.7538461538461538,
                "recall": 0.7101449275362319,
                "support": 69
            },
            "accuracy": 0.8022922636103151,
            "macro avg": {
                "f1-score": 0.7627985890603216,
                "precision": 0.7695265113869766,
                "recall": 0.7569878803288415,
                "support": 349
            },
            "weighted avg": {
                "f1-score": 0.8001639080386704,
                "precision": 0.7988827384309493,
                "recall": 0.8022922636103151,
                "support": 349
            }
        },
        "f1": 0.8001639080386704,
        "kappa": 0.6653371504808494,
        "mae": 0.2693409742120344,
        "mcc": 0.6658372046440552,
        "mse": 0.41260744985673353,
        "p": 0.7988827384309493,
        "p_tau": 2.328286537797133e-26,
        "r": 0.8022922636103151,
        "r2": 0.03830992383941234,
        "spearman": 0.529242967097654,
        "tau": 0.5175936795411625,
        "y_predict": [
            0,
            1,
            1,
            0,
            2,
            1,
            1,
            0,
            1,
            1,
            1,
            1,
            1,
            1,
            1,
            2,
            2,
            2,
            2,
            2,
            2,
            2,
            1,
            0,
            2,
            0,
            0,
            0,
            0,
            2,
            0,
            0,
            0,
            0,
            2,
            2,
            2,
            2,
            2,
            2,
            2,
            0,
            2,
            1,
            2,
            1,
            1,
            0,
            2,
            2,
            2,
            2,
            0,
            0,
            2,
            1,
            0,
            0,
            0,
            0,
            0,
            0,
            0,
            0,
            0,
            1,
            2,
            2,
            2,
            2,
            2,
            2,
            2,
            2,
            0,
            0,
            0,
            0,
            2,
            0,
            0,
            1,
            1,
            1,
            1,
            1,
            1,
            1,
            1,
            0,
            1,
            1,
            1,
            1,
            0,
            1,
            1,
            1,
            2,
            1,
            1,
            1,
            1,
            1,
            1,
            1,
            1,
            1,
            1,
            1,
            1,
            0,
            0,
            1,
            2,
            2,
            2,
            2,
            2,
            1,
            1,
            2,
            2,
            1,
            0,
            2,
            0,
            2,
            2,
            2,
            2,
            2,
            2,
            1,
            1,
            1,
            1,
            1,
            1,
            0,
            1,
            1,
            1,
            1,
            1,
            1,
            1,
            1,
            1,
            1,
            1,
            1,
            1,
            1,
            1,
            1,
            1,
            0,
            1,
            1,
            1,
            1,
            1,
            1,
            1,
            1,
            1,
            1,
            1,
            1,
            0,
            1,
            1,
            1,
            1,
            1,
            1,
            1,
            1,
            1,
            0,
            1,
            0,
            1,
            0,
            0,
            0,
            0,
            1,
            1,
            0,
            1,
            0,
            1,
            1,
            0,
            1,
            2,
            0,
            0,
            0,
            2,
            2,
            1,
            0,
            0,
            1,
            0,
            1,
            0,
            0,
            1,
            2,
            1,
            1,
            0,
            1,
            0,
            0,
            0,
            2,
            0,
            2,
            1,
            0,
            0,
            1,
            1,
            1,
            1,
            1,
            1,
            1,
            1,
            1,
            1,
            0,
            2,
            2,
            2,
            2,
            1,
            1,
            1,
            1,
            1,
            1,
            1,
            1,
            0,
            1,
            1,
            0,
            1,
            1,
            1,
            1,
            1,
            1,
            1,
            1,
            1,
            1,
            1,
            1,
            1,
            1,
            1,
            1,
            1,
            1,
            1,
            0,
            1,
            1,
            1,
            1,
            1,
            1,
            1,
            1,
            1,
            1,
            0,
            1,
            1,
            0,
            0,
            2,
            2,
            1,
            1,
            1,
            1,
            1,
            1,
            1,
            1,
            1,
            1,
            0,
            1,
            2,
            1,
            2,
            0,
            1,
            1,
            0,
            1,
            1,
            1,
            0,
            0,
            1,
            1,
            1,
            1,
            1,
            0,
            1,
            0,
            0,
            2,
            0,
            2,
            1,
            1,
            1,
            1,
            1,
            0,
            0,
            0,
            2,
            1,
            1,
            1,
            1,
            0,
            1,
            1,
            1,
            1,
            1,
            1,
            1,
            0,
            0
        ],