{
    "mean": {
        "acc": 0.8567335243553008,
        "alpha": 0.6511780104712042,
        "alpha_ordinal": 0.6493814454143749,
        "auc_roc": 0.873789186760885,
        "cr": {
            "0": {
                "f1-score": 0.7051282051282051,
                "precision": 0.8333333333333334,
                "recall": 0.6111111111111112,
                "support": 90
            },
            "1": {
                "f1-score": 0.92,
                "precision": 0.8761904761904762,
                "recall": 0.968421052631579,
                "support": 190
            },
            "2": {
                "f1-score": 0.8450704225352113,
                "precision": 0.821917808219178,
                "recall": 0.8695652173913043,
                "support": 69
            },
            "accuracy": 0.8567335243553008,
            "macro avg": {
                "f1-score": 0.8233995425544721,
                "precision": 0.8438138725809958,
                "recall": 0.8163657937113314,
                "support": 349
            },
            "weighted avg": {
                "f1-score": 0.8497747782706822,
                "precision": 0.8544083645940223,
                "recall": 0.8567335243553008,
                "support": 349
            }
        },
        "f1": 0.8497747782706822,
        "kappa": 0.7539619874795556,
        "mae": 0.19484240687679083,
        "mcc": 0.7597175505652772,
        "mse": 0.2979942693409742,
        "p": 0.8544083645940223,
        "p_tau": 1.2980173793717732e-39,
        "r": 0.8567335243553008,
        "r2": 0.2510420535677438,
        "spearman": 0.6535104765358702,
        "tau": 0.6431614151567135,
        "y_predict": [
            1,
            1,
            1,
            0,
            1,
            1,
            1,
            1,
            1,
            1,
            1,
            1,
            1,
            1,
            1,
            2,
            2,
            2,
            2,
            2,
            2,
            2,
            1,
            0,
            2,
            0,
            0,
            0,
            0,
            2,
            0,
            0,
            0,
            0,
            0,
            2,
            2,
            2,
            2,
            2,
            2,
            2,
            2,
            1,
            2,
            1,
            1,
            2,
            2,
            2,
            2,
            2,
            2,
            2,
            2,
            1,
            0,
            0,
            0,
            0,
            0,
            0,
            0,
            0,
            0,
            1,
            2,
            2,
            2,
            2,
            2,
            0,
            2,
            2,
            0,
            0,
            0,
            0,
            2,
            1,
            0,
            1,
            1,
            1,
            1,
            1,
            1,
            1,
            1,
            1,
            1,
            1,
            1,
            1,
            1,
            1,
            1,
            1,
            1,
            1,
            1,
            1,
            1,
            1,
            1,
            1,
            1,
            1,
            1,
            1,
            2,
            0,
            0,
            2,
            2,
            2,
            2,
            2,
            2,
            2,
            1,
            2,
            2,
            2,
            2,
            2,
            0,
            2,
            2,
            2,
            2,
            2,
            2,
            1,
            1,
            1,
            1,
            1,
            1,
            1,
            1,
            1,
            1,
            1,
            1,
            1,
            1,
            1,
            1,
            1,
            1,
            1,
            1,
            1,
            1,
            1,
            1,
            1,
            1,
            1,
            1,
            1,
            1,
            1,
            1,
            1,
            1,
            1,
            1,
            1,
            1,
            1,
            1,
            1,
            1,
            1,
            1,
            1,
            1,
            1,
            0,
            1,
            1,
            1,
            0,
            0,
            0,
            0,
            1,
            1,
            0,
            1,
            0,
            1,
            0,
            0,
            1,
            2,
            1,
            0,
            1,
            0,
            2,
            1,
            1,
            0,
            1,
            0,
            0,
            0,
            1,
            1,
            2,
            0,
            1,
            0,
            1,
            1,
            1,
            0,
            2,
            0,
            2,
            1,
            0,
            1,
            1,
            1,
            1,
            1,
            1,
            1,
            1,
            1,
            1,
            2,
            2,
            2,
            2,
            2,
            2,
            1,
            1,
            1,
            1,
            1,
            1,
            1,
            1,
            0,
            1,
            1,
            0,
            1,
            1,
            1,
            1,
            1,
            1,
            1,
            1,
            1,
            1,
            1,
            1,
            1,
            1,
            1,
            1,
            1,
            1,
            1,
            1,
            1,
            1,
            1,
            1,
            1,
            1,
            1,
            1,
            1,
            1,
            1,
            1,
            1,
            0,
            2,
            2,
            2,
            1,
            1,
            1,
            1,
            1,
            1,
            1,
            1,
            1,
            1,
            0,
            1,
            2,
            1,
            2,
            0,
            1,
            1,
            0,
            1,
            0,
            1,
            0,
            0,
            1,
            1,
            1,
            1,
            1,
            2,
            1,
            1,
            0,
            2,
            0,
            2,
            1,
            1,
            1,
            1,
            1,
            0,
            0,
            0,
            2,
            1,
            1,
            1,
            1,
            1,
            1,
            1,
            1,
            1,
            0,
            1,
            1,
            0,
            0
        ],