{
    "mean": {
        "acc": 0.8681948424068768,
        "alpha": 0.683568830998638,
        "alpha_ordinal": 0.6805401387563339,
        "auc_roc": 0.8885065321386076,
        "cr": {
            "0": {
                "f1-score": 0.7349397590361447,
                "precision": 0.8026315789473685,
                "recall": 0.6777777777777778,
                "support": 90
            },
            "1": {
                "f1-score": 0.9258312020460358,
                "precision": 0.900497512437811,
                "recall": 0.9526315789473684,
                "support": 190
            },
            "2": {
                "f1-score": 0.8652482269503546,
                "precision": 0.8472222222222222,
                "recall": 0.8840579710144928,
                "support": 69
            },
            "accuracy": 0.8681948424068768,
            "macro avg": {
                "f1-score": 0.842006396010845,
                "precision": 0.8501171045358006,
                "recall": 0.8381557759132129,
                "support": 349
            },
            "weighted avg": {
                "f1-score": 0.8646264594887515,
                "precision": 0.8647269421254457,
                "recall": 0.8681948424068768,
                "support": 349
            }
        },
        "f1": 0.8646264594887515,
        "kappa": 0.7764160271854936,
        "mae": 0.18051575931232092,
        "mcc": 0.7782917724261575,
        "mse": 0.27793696275071633,
        "p": 0.8647269421254457,
        "p_tau": 3.083508333668913e-43,
        "r": 0.8681948424068768,
        "r2": 0.3443915097993647,
        "spearman": 0.6816594811661953,
        "tau": 0.6716743574766775,
        "y_predict": [
            1,
            1,
            1,
            0,
            1,
            1,
            1,
            1,
            1,
            1,
            1,
            1,
            1,
            1,
            1,
            2,
            2,
            2,
            2,
            2,
            2,
            2,
            1,
            0,
            2,
            0,
            0,
            0,
            0,
            2,
            0,
            0,
            0,
            0,
            0,
            2,
            2,
            2,
            2,
            2,
            2,
            2,
            2,
            0,
            2,
            1,
            2,
            2,
            2,
            2,
            2,
            2,
            2,
            2,
            2,
            0,
            1,
            0,
            0,
            0,
            0,
            0,
            0,
            0,
            0,
            1,
            2,
            2,
            2,
            2,
            2,
            2,
            2,
            2,
            0,
            0,
            0,
            0,
            2,
            1,
            0,
            1,
            1,
            1,
            1,
            1,
            1,
            1,
            1,
            1,
            1,
            1,
            1,
            1,
            1,
            1,
            1,
            1,
            1,
            1,
            1,
            1,
            1,
            1,
            1,
            1,
            1,
            1,
            1,
            1,
            2,
            2,
            0,
            2,
            2,
            2,
            2,
            2,
            2,
            2,
            1,
            2,
            2,
            2,
            2,
            2,
            0,
            2,
            2,
            2,
            2,
            2,
            2,
            1,
            1,
            1,
            1,
            1,
            1,
            1,
            1,
            1,
            1,
            1,
            1,
            1,
            1,
            1,
            1,
            1,
            1,
            1,
            1,
            1,
            1,
            1,
            1,
            1,
            1,
            1,
            1,
            1,
            1,
            1,
            1,
            1,
            0,
            1,
            1,
            1,
            1,
            1,
            1,
            1,
            1,
            1,
            1,
            1,
            1,
            1,
            0,
            1,
            1,
            1,
            0,
            0,
            0,
            1,
            1,
            1,
            0,
            1,
            0,
            1,
            0,
            0,
            1,
            2,
            0,
            0,
            1,
            0,
            2,
            1,
            0,
            0,
            1,
            1,
            0,
            0,
            1,
            1,
            0,
            0,
            1,
            0,
            1,
            0,
            0,
            0,
            0,
            0,
            2,
            2,
            0,
            0,
            1,
            1,
            1,
            1,
            1,
            1,
            1,
            1,
            1,
            0,
            0,
            2,
            2,
            2,
            2,
            1,
            1,
            1,
            1,
            1,
            1,
            1,
            1,
            0,
            1,
            1,
            0,
            1,
            1,
            1,
            1,
            1,
            1,
            1,
            1,
            1,
            1,
            1,
            1,
            1,
            1,
            1,
            1,
            1,
            1,
            1,
            0,
            1,
            1,
            1,
            1,
            1,
            1,
            1,
            1,
            1,
            1,
            0,
            1,
            1,
            0,
            2,
            2,
            2,
            1,
            1,
            1,
            1,
            1,
            1,
            1,
            1,
            1,
            1,
            0,
            1,
            2,
            1,
            2,
            0,
            1,
            1,
            0,
            1,
            0,
            1,
            0,
            0,
            1,
            1,
            1,
            1,
            1,
            0,
            1,
            1,
            0,
            2,
            0,
            2,
            1,
            1,
            1,
            1,
            1,
            0,
            0,
            0,
            2,
            1,
            1,
            1,
            1,
            1,
            1,
            1,
            1,
            1,
            0,
            1,
            1,
            0,
            0
        ],