{
    "mean": {
        "acc": 0.8567335243553008,
        "alpha": 0.6349256232977163,
        "alpha_ordinal": 0.6325926709330569,
        "auc_roc": 0.8772868555887424,
        "cr": {
            "0": {
                "f1-score": 0.7272727272727272,
                "precision": 0.8,
                "recall": 0.6666666666666666,
                "support": 90
            },
            "1": {
                "f1-score": 0.9242424242424243,
                "precision": 0.8883495145631068,
                "recall": 0.9631578947368421,
                "support": 190
            },
            "2": {
                "f1-score": 0.8175182481751825,
                "precision": 0.8235294117647058,
                "recall": 0.8115942028985508,
                "support": 69
            },
            "accuracy": 0.8567335243553008,
            "macro avg": {
                "f1-score": 0.8230111332301112,
                "precision": 0.8372929754426043,
                "recall": 0.8138062547673531,
                "support": 349
            },
            "weighted avg": {
                "f1-score": 0.8523477512455405,
                "precision": 0.8527505363288108,
                "recall": 0.8567335243553008,
                "support": 349
            }
        },
        "f1": 0.8523477512455405,
        "kappa": 0.7549811145902077,
        "mae": 0.20057306590257878,
        "mcc": 0.7578053952976039,
        "mse": 0.3151862464183381,
        "p": 0.8527505363288108,
        "p_tau": 1.6385875435164031e-37,
        "r": 0.8567335243553008,
        "r2": 0.2300132375947691,
        "spearman": 0.6337502516945726,
        "tau": 0.6244364939659587,
        "y_predict": [
            1,
            1,
            1,
            0,
            1,
            1,
            1,
            1,
            1,
            1,
            1,
            1,
            1,
            1,
            1,
            2,
            2,
            2,
            2,
            2,
            2,
            2,
            1,
            1,
            2,
            0,
            0,
            0,
            0,
            2,
            0,
            0,
            0,
            0,
            0,
            2,
            2,
            2,
            2,
            2,
            2,
            0,
            2,
            0,
            2,
            1,
            1,
            2,
            2,
            2,
            2,
            2,
            2,
            2,
            2,
            1,
            0,
            0,
            0,
            0,
            0,
            0,
            0,
            0,
            0,
            1,
            2,
            2,
            2,
            2,
            2,
            0,
            2,
            2,
            0,
            0,
            0,
            0,
            2,
            1,
            0,
            1,
            1,
            1,
            1,
            1,
            1,
            1,
            1,
            1,
            1,
            1,
            1,
            1,
            1,
            1,
            1,
            1,
            1,
            1,
            1,
            1,
            1,
            1,
            1,
            1,
            1,
            1,
            1,
            1,
            2,
            2,
            0,
            2,
            2,
            2,
            2,
            2,
            1,
            1,
            1,
            2,
            2,
            2,
            2,
            2,
            0,
            2,
            2,
            2,
            2,
            2,
            2,
            1,
            1,
            1,
            1,
            1,
            1,
            1,
            1,
            1,
            1,
            1,
            1,
            1,
            1,
            1,
            1,
            1,
            1,
            1,
            1,
            1,
            1,
            1,
            1,
            1,
            1,
            1,
            1,
            1,
            1,
            1,
            1,
            1,
            1,
            1,
            1,
            1,
            0,
            1,
            1,
            1,
            1,
            1,
            1,
            1,
            1,
            1,
            0,
            1,
            0,
            1,
            0,
            0,
            0,
            0,
            1,
            1,
            0,
            1,
            0,
            1,
            0,
            0,
            1,
            2,
            0,
            0,
            1,
            0,
            2,
            1,
            0,
            0,
            1,
            0,
            1,
            0,
            1,
            1,
            2,
            0,
            1,
            0,
            1,
            0,
            0,
            0,
            2,
            0,
            2,
            1,
            0,
            0,
            1,
            1,
            1,
            1,
            1,
            1,
            1,
            1,
            1,
            0,
            0,
            2,
            2,
            2,
            2,
            1,
            1,
            1,
            1,
            1,
            1,
            1,
            1,
            0,
            1,
            1,
            0,
            1,
            1,
            1,
            1,
            1,
            1,
            1,
            1,
            1,
            1,
            1,
            1,
            1,
            1,
            1,
            1,
            1,
            1,
            1,
            1,
            1,
            1,
            1,
            1,
            1,
            1,
            1,
            1,
            0,
            1,
            0,
            1,
            1,
            0,
            2,
            2,
            2,
            1,
            1,
            1,
            1,
            1,
            1,
            1,
            1,
            1,
            1,
            0,
            1,
            2,
            1,
            2,
            0,
            1,
            1,
            0,
            1,
            1,
            1,
            0,
            0,
            1,
            1,
            1,
            1,
            1,
            0,
            1,
            1,
            0,
            2,
            0,
            2,
            1,
            1,
            1,
            1,
            1,
            0,
            0,
            0,
            2,
            1,
            1,
            1,
            1,
            1,
            1,
            1,
            1,
            1,
            1,
            1,
            1,
            0,
            0
        ],