{
    "mean": {
        "acc": 0.8538681948424068,
        "alpha": 0.6598373205741628,
        "alpha_ordinal": 0.657419817688569,
        "auc_roc": 0.8717138971855953,
        "cr": {
            "0": {
                "f1-score": 0.7125,
                "precision": 0.8142857142857143,
                "recall": 0.6333333333333333,
                "support": 90
            },
            "1": {
                "f1-score": 0.9145728643216081,
                "precision": 0.875,
                "recall": 0.9578947368421052,
                "support": 190
            },
            "2": {
                "f1-score": 0.8428571428571429,
                "precision": 0.8309859154929577,
                "recall": 0.855072463768116,
                "support": 69
            },
            "accuracy": 0.8538681948424068,
            "macro avg": {
                "f1-score": 0.8233100023929171,
                "precision": 0.8400905432595573,
                "recall": 0.815433511314518,
                "support": 349
            },
            "weighted avg": {
                "f1-score": 0.8482836305967003,
                "precision": 0.8506410958588205,
                "recall": 0.8538681948424068,
                "support": 349
            }
        },
        "f1": 0.8482836305967003,
        "kappa": 0.7495990546129823,
        "mae": 0.19484240687679083,
        "mcc": 0.7537968262642597,
        "mse": 0.2922636103151863,
        "p": 0.8506410958588205,
        "p_tau": 2.557861177739842e-40,
        "r": 0.8538681948424068,
        "r2": 0.2765810437327265,
        "spearman": 0.6598814990952303,
        "tau": 0.6487267470895762,
        "y_predict": [
            1,
            1,
            1,
            0,
            1,
            1,
            1,
            1,
            1,
            1,
            1,
            1,
            1,
            1,
            1,
            2,
            2,
            2,
            2,
            2,
            2,
            2,
            1,
            1,
            2,
            0,
            0,
            0,
            0,
            2,
            0,
            0,
            0,
            0,
            0,
            2,
            2,
            2,
            2,
            2,
            2,
            2,
            2,
            0,
            2,
            1,
            1,
            2,
            2,
            2,
            2,
            2,
            2,
            2,
            2,
            1,
            0,
            1,
            0,
            0,
            0,
            0,
            0,
            0,
            0,
            1,
            2,
            2,
            2,
            2,
            2,
            2,
            2,
            2,
            0,
            0,
            0,
            0,
            2,
            1,
            0,
            1,
            1,
            1,
            1,
            1,
            1,
            1,
            1,
            1,
            1,
            1,
            1,
            1,
            1,
            1,
            1,
            1,
            1,
            1,
            1,
            1,
            1,
            1,
            1,
            1,
            1,
            1,
            1,
            1,
            2,
            2,
            0,
            2,
            2,
            2,
            2,
            2,
            1,
            1,
            1,
            2,
            2,
            2,
            2,
            2,
            0,
            2,
            2,
            2,
            2,
            2,
            2,
            1,
            1,
            1,
            1,
            1,
            1,
            1,
            1,
            1,
            1,
            1,
            1,
            1,
            1,
            1,
            1,
            1,
            1,
            1,
            1,
            1,
            1,
            1,
            1,
            1,
            1,
            1,
            1,
            1,
            1,
            1,
            1,
            1,
            0,
            1,
            1,
            1,
            0,
            1,
            1,
            1,
            1,
            1,
            1,
            1,
            1,
            1,
            0,
            1,
            0,
            1,
            0,
            0,
            0,
            0,
            1,
            1,
            0,
            1,
            2,
            1,
            0,
            0,
            1,
            2,
            1,
            0,
            1,
            0,
            2,
            1,
            0,
            0,
            1,
            0,
            1,
            0,
            1,
            1,
            0,
            0,
            1,
            0,
            1,
            0,
            0,
            0,
            2,
            0,
            2,
            1,
            0,
            0,
            1,
            1,
            1,
            1,
            1,
            1,
            1,
            1,
            1,
            2,
            0,
            2,
            2,
            2,
            2,
            1,
            1,
            1,
            1,
            1,
            1,
            1,
            1,
            0,
            1,
            1,
            0,
            1,
            1,
            1,
            1,
            1,
            1,
            1,
            1,
            1,
            1,
            1,
            1,
            1,
            1,
            1,
            1,
            1,
            1,
            1,
            1,
            1,
            1,
            1,
            1,
            1,
            1,
            1,
            1,
            1,
            1,
            1,
            1,
            1,
            0,
            2,
            2,
            2,
            1,
            1,
            1,
            1,
            1,
            1,
            1,
            1,
            1,
            1,
            0,
            1,
            2,
            1,
            2,
            0,
            1,
            1,
            0,
            1,
            1,
            1,
            0,
            0,
            1,
            1,
            1,
            1,
            1,
            0,
            1,
            1,
            0,
            2,
            0,
            2,
            1,
            1,
            1,
            1,
            1,
            0,
            0,
            0,
            2,
            1,
            1,
            1,
            1,
            1,
            1,
            1,
            1,
            1,
            0,
            1,
            1,
            0,
            0
        ],