{
    "mean": {
        "acc": 0.8424068767908309,
        "alpha": 0.6152701580581834,
        "alpha_ordinal": 0.6126608425428249,
        "auc_roc": 0.8629225249508269,
        "cr": {
            "0": {
                "f1-score": 0.6792452830188679,
                "precision": 0.782608695652174,
                "recall": 0.6,
                "support": 90
            },
            "1": {
                "f1-score": 0.9122807017543859,
                "precision": 0.8708133971291866,
                "recall": 0.9578947368421052,
                "support": 190
            },
            "2": {
                "f1-score": 0.8285714285714286,
                "precision": 0.8169014084507042,
                "recall": 0.8405797101449275,
                "support": 69
            },
            "accuracy": 0.8424068767908309,
            "macro avg": {
                "f1-score": 0.8066991377815609,
                "precision": 0.8234411670773549,
                "recall": 0.7994914823290108,
                "support": 349
            },
            "weighted avg": {
                "f1-score": 0.8356356371818338,
                "precision": 0.8374083817946696,
                "recall": 0.8424068767908309,
                "support": 349
            }
        },
        "f1": 0.8356356371818338,
        "kappa": 0.7295793299709785,
        "mae": 0.2148997134670487,
        "mcc": 0.7341219553723469,
        "mse": 0.32951289398280803,
        "p": 0.8374083817946696,
        "p_tau": 3.0354210681077974e-35,
        "r": 0.8424068767908309,
        "r2": 0.17850417553627007,
        "spearman": 0.6156258826409968,
        "tau": 0.604739463884456,
        "y_predict": [
            1,
            1,
            1,
            0,
            1,
            1,
            1,
            1,
            1,
            1,
            1,
            1,
            1,
            1,
            1,
            2,
            2,
            2,
            2,
            2,
            2,
            2,
            1,
            2,
            2,
            0,
            0,
            0,
            0,
            2,
            0,
            0,
            0,
            0,
            0,
            2,
            2,
            2,
            2,
            2,
            2,
            2,
            2,
            1,
            2,
            1,
            1,
            2,
            2,
            2,
            2,
            2,
            2,
            2,
            2,
            0,
            0,
            1,
            0,
            0,
            0,
            0,
            0,
            0,
            0,
            1,
            2,
            2,
            2,
            2,
            2,
            0,
            2,
            2,
            0,
            0,
            0,
            0,
            2,
            1,
            0,
            1,
            1,
            1,
            1,
            1,
            1,
            1,
            1,
            1,
            1,
            1,
            1,
            1,
            1,
            1,
            1,
            1,
            1,
            1,
            1,
            1,
            1,
            1,
            1,
            1,
            1,
            1,
            1,
            1,
            2,
            0,
            0,
            2,
            2,
            2,
            2,
            2,
            2,
            2,
            1,
            2,
            2,
            2,
            0,
            2,
            0,
            2,
            2,
            2,
            2,
            2,
            2,
            1,
            1,
            1,
            1,
            1,
            1,
            1,
            1,
            1,
            1,
            1,
            1,
            1,
            1,
            1,
            1,
            1,
            1,
            1,
            1,
            1,
            1,
            1,
            1,
            1,
            1,
            1,
            1,
            1,
            1,
            1,
            1,
            1,
            1,
            1,
            1,
            1,
            1,
            1,
            1,
            1,
            1,
            1,
            1,
            1,
            1,
            1,
            0,
            1,
            1,
            1,
            0,
            0,
            0,
            0,
            1,
            1,
            0,
            1,
            0,
            1,
            0,
            0,
            1,
            2,
            1,
            0,
            1,
            0,
            2,
            1,
            1,
            0,
            1,
            0,
            0,
            0,
            1,
            1,
            2,
            0,
            1,
            0,
            1,
            1,
            1,
            0,
            2,
            0,
            2,
            1,
            0,
            1,
            1,
            1,
            1,
            1,
            1,
            1,
            1,
            1,
            1,
            0,
            2,
            2,
            2,
            2,
            2,
            1,
            1,
            1,
            1,
            1,
            1,
            1,
            1,
            0,
            1,
            1,
            0,
            1,
            1,
            1,
            1,
            1,
            1,
            1,
            1,
            1,
            1,
            1,
            1,
            1,
            1,
            1,
            1,
            1,
            1,
            1,
            0,
            1,
            1,
            1,
            1,
            1,
            1,
            1,
            1,
            1,
            1,
            1,
            1,
            1,
            0,
            2,
            2,
            2,
            1,
            1,
            1,
            1,
            1,
            1,
            1,
            1,
            1,
            1,
            0,
            1,
            2,
            1,
            2,
            0,
            1,
            1,
            0,
            1,
            0,
            1,
            0,
            0,
            1,
            1,
            1,
            1,
            1,
            0,
            1,
            1,
            0,
            2,
            0,
            2,
            1,
            1,
            1,
            1,
            1,
            0,
            0,
            0,
            2,
            1,
            1,
            1,
            1,
            1,
            1,
            1,
            1,
            1,
            0,
            1,
            1,
            0,
            0
        ],