{
    "mean": {
        "acc": 0.839541547277937,
        "alpha": 0.5994659094750363,
        "alpha_ordinal": 0.5973256548606218,
        "auc_roc": 0.8599226585075642,
        "cr": {
            "0": {
                "f1-score": 0.6666666666666666,
                "precision": 0.7878787878787878,
                "recall": 0.5777777777777777,
                "support": 90
            },
            "1": {
                "f1-score": 0.9127182044887779,
                "precision": 0.8672985781990521,
                "recall": 0.9631578947368421,
                "support": 190
            },
            "2": {
                "f1-score": 0.8226950354609929,
                "precision": 0.8055555555555556,
                "recall": 0.8405797101449275,
                "support": 69
            },
            "accuracy": 0.839541547277937,
            "macro avg": {
                "f1-score": 0.8006933022054792,
                "precision": 0.8202443072111318,
                "recall": 0.7938384608865157,
                "support": 349
            },
            "weighted avg": {
                "f1-score": 0.8314682415463506,
                "precision": 0.8346107567342238,
                "recall": 0.839541547277937,
                "support": 349
            }
        },
        "f1": 0.8314682415463506,
        "kappa": 0.7239664985946923,
        "mae": 0.22063037249283668,
        "mcc": 0.7297306111506663,
        "mse": 0.34097421203438394,
        "p": 0.8346107567342238,
        "p_tau": 1.1245668961151503e-33,
        "r": 0.839541547277937,
        "r2": 0.1370361135353031,
        "spearman": 0.6013947888205765,
        "tau": 0.5907715894092812,
        "y_predict": [
            1,
            1,
            1,
            0,
            1,
            1,
            1,
            1,
            1,
            1,
            1,
            1,
            1,
            1,
            1,
            2,
            2,
            2,
            2,
            2,
            2,
            2,
            1,
            2,
            2,
            0,
            0,
            0,
            0,
            2,
            0,
            0,
            0,
            0,
            0,
            2,
            2,
            2,
            2,
            2,
            2,
            2,
            2,
            1,
            2,
            1,
            1,
            2,
            2,
            2,
            2,
            2,
            2,
            2,
            2,
            1,
            0,
            1,
            0,
            0,
            0,
            0,
            0,
            0,
            0,
            1,
            2,
            2,
            2,
            2,
            2,
            0,
            2,
            2,
            1,
            0,
            0,
            0,
            2,
            1,
            0,
            1,
            1,
            1,
            1,
            1,
            1,
            1,
            1,
            1,
            1,
            1,
            1,
            1,
            1,
            1,
            1,
            1,
            1,
            1,
            1,
            1,
            1,
            1,
            1,
            1,
            1,
            1,
            1,
            1,
            2,
            0,
            0,
            2,
            2,
            2,
            2,
            2,
            2,
            2,
            1,
            2,
            2,
            2,
            0,
            2,
            0,
            2,
            2,
            2,
            2,
            2,
            2,
            1,
            1,
            1,
            1,
            1,
            1,
            1,
            1,
            1,
            1,
            1,
            1,
            1,
            1,
            1,
            1,
            1,
            1,
            1,
            1,
            1,
            1,
            1,
            1,
            1,
            1,
            1,
            1,
            1,
            1,
            1,
            1,
            1,
            1,
            1,
            1,
            1,
            1,
            1,
            1,
            1,
            1,
            1,
            1,
            1,
            1,
            1,
            0,
            1,
            1,
            1,
            0,
            0,
            0,
            0,
            1,
            1,
            0,
            1,
            0,
            1,
            0,
            0,
            1,
            2,
            1,
            0,
            1,
            0,
            2,
            1,
            1,
            0,
            1,
            0,
            0,
            0,
            1,
            1,
            2,
            0,
            1,
            0,
            1,
            1,
            1,
            0,
            2,
            0,
            2,
            1,
            0,
            1,
            1,
            1,
            1,
            1,
            1,
            1,
            1,
            1,
            1,
            0,
            2,
            2,
            2,
            2,
            2,
            1,
            1,
            1,
            1,
            1,
            1,
            1,
            1,
            0,
            1,
            1,
            0,
            1,
            1,
            1,
            1,
            1,
            1,
            1,
            1,
            1,
            1,
            1,
            1,
            1,
            1,
            1,
            1,
            1,
            1,
            1,
            0,
            1,
            1,
            1,
            1,
            1,
            1,
            1,
            1,
            1,
            1,
            1,
            1,
            1,
            0,
            2,
            2,
            2,
            1,
            1,
            1,
            1,
            1,
            1,
            1,
            1,
            1,
            1,
            0,
            1,
            2,
            1,
            2,
            0,
            1,
            1,
            0,
            1,
            0,
            1,
            0,
            0,
            1,
            1,
            1,
            1,
            1,
            2,
            1,
            1,
            0,
            2,
            0,
            2,
            1,
            1,
            1,
            1,
            1,
            0,
            0,
            0,
            2,
            1,
            1,
            1,
            1,
            1,
            1,
            1,
            1,
            1,
            0,
            1,
            1,
            0,
            0
        ],