{
    "mean": {
        "acc": 0.8595988538681948,
        "alpha": 0.6666284030687406,
        "alpha_ordinal": 0.6639635526449058,
        "auc_roc": 0.8766442655593599,
        "cr": {
            "0": {
                "f1-score": 0.7044025157232704,
                "precision": 0.8115942028985508,
                "recall": 0.6222222222222222,
                "support": 90
            },
            "1": {
                "f1-score": 0.9195979899497487,
                "precision": 0.8798076923076923,
                "recall": 0.9631578947368421,
                "support": 190
            },
            "2": {
                "f1-score": 0.8652482269503546,
                "precision": 0.8472222222222222,
                "recall": 0.8840579710144928,
                "support": 69
            },
            "accuracy": 0.8595988538681948,
            "macro avg": {
                "f1-score": 0.8297495775411247,
                "precision": 0.8462080391428217,
                "recall": 0.8231460293245191,
                "support": 349
            },
            "weighted avg": {
                "f1-score": 0.8533580864330116,
                "precision": 0.8557744215835656,
                "recall": 0.8595988538681948,
                "support": 349
            }
        },
        "f1": 0.8533580864330116,
        "kappa": 0.7594897543000998,
        "mae": 0.18911174785100288,
        "mcc": 0.7639908247004956,
        "mse": 0.28653295128939826,
        "p": 0.8557744215835656,
        "p_tau": 2.8761328542500177e-41,
        "r": 0.8595988538681948,
        "r2": 0.29065040650406504,
        "spearman": 0.667553027868593,
        "tau": 0.6566682367189772,
        "y_predict": [
            1,
            1,
            1,
            0,
            1,
            1,
            1,
            1,
            1,
            1,
            1,
            1,
            1,
            1,
            1,
            2,
            2,
            2,
            2,
            2,
            2,
            2,
            1,
            0,
            2,
            0,
            0,
            0,
            0,
            2,
            0,
            0,
            1,
            0,
            0,
            2,
            2,
            2,
            2,
            2,
            2,
            2,
            2,
            0,
            2,
            1,
            2,
            2,
            2,
            2,
            2,
            2,
            2,
            2,
            2,
            1,
            0,
            1,
            0,
            0,
            0,
            0,
            0,
            0,
            0,
            1,
            2,
            2,
            2,
            2,
            2,
            0,
            2,
            2,
            0,
            0,
            0,
            0,
            2,
            1,
            0,
            1,
            1,
            1,
            1,
            1,
            1,
            1,
            1,
            1,
            1,
            1,
            1,
            1,
            1,
            1,
            1,
            1,
            1,
            1,
            1,
            1,
            1,
            1,
            1,
            1,
            1,
            1,
            1,
            1,
            2,
            0,
            0,
            2,
            2,
            2,
            2,
            2,
            2,
            2,
            1,
            2,
            2,
            2,
            2,
            2,
            0,
            2,
            2,
            2,
            2,
            2,
            2,
            1,
            1,
            1,
            1,
            1,
            1,
            1,
            1,
            1,
            1,
            1,
            1,
            1,
            1,
            1,
            1,
            1,
            1,
            1,
            1,
            1,
            1,
            1,
            1,
            1,
            1,
            1,
            1,
            1,
            1,
            1,
            1,
            1,
            1,
            1,
            1,
            1,
            1,
            1,
            1,
            1,
            1,
            1,
            1,
            1,
            1,
            1,
            0,
            1,
            1,
            1,
            0,
            0,
            0,
            0,
            1,
            1,
            0,
            1,
            0,
            1,
            0,
            0,
            1,
            2,
            1,
            0,
            1,
            0,
            2,
            1,
            1,
            0,
            1,
            1,
            0,
            0,
            1,
            1,
            0,
            0,
            1,
            0,
            1,
            1,
            1,
            0,
            2,
            0,
            2,
            1,
            0,
            0,
            1,
            1,
            1,
            1,
            1,
            1,
            1,
            1,
            1,
            2,
            2,
            2,
            2,
            2,
            2,
            1,
            1,
            1,
            1,
            1,
            1,
            1,
            1,
            0,
            1,
            1,
            0,
            1,
            1,
            1,
            1,
            1,
            1,
            1,
            1,
            1,
            1,
            1,
            1,
            1,
            1,
            1,
            1,
            1,
            1,
            1,
            0,
            1,
            1,
            1,
            1,
            1,
            1,
            1,
            1,
            1,
            1,
            0,
            1,
            1,
            0,
            2,
            2,
            2,
            1,
            1,
            1,
            1,
            1,
            1,
            1,
            1,
            1,
            1,
            0,
            1,
            2,
            1,
            2,
            0,
            1,
            1,
            0,
            1,
            0,
            1,
            0,
            0,
            1,
            1,
            1,
            1,
            1,
            0,
            1,
            1,
            0,
            2,
            0,
            2,
            1,
            1,
            1,
            1,
            1,
            0,
            0,
            0,
            2,
            1,
            1,
            1,
            1,
            1,
            1,
            1,
            1,
            1,
            0,
            1,
            1,
            0,
            0
        ],