{
    "mean": {
        "acc": 0.8624641833810889,
        "alpha": 0.6529361831279135,
        "alpha_ordinal": 0.6505630520028577,
        "auc_roc": 0.8823620116072945,
        "cr": {
            "0": {
                "f1-score": 0.7317073170731707,
                "precision": 0.8108108108108109,
                "recall": 0.6666666666666666,
                "support": 90
            },
            "1": {
                "f1-score": 0.9265822784810127,
                "precision": 0.8926829268292683,
                "recall": 0.9631578947368421,
                "support": 190
            },
            "2": {
                "f1-score": 0.8345323741007195,
                "precision": 0.8285714285714286,
                "recall": 0.8405797101449275,
                "support": 69
            },
            "accuracy": 0.8624641833810889,
            "macro avg": {
                "f1-score": 0.8309406565516343,
                "precision": 0.8440217220705026,
                "recall": 0.8234680905161454,
                "support": 349
            },
            "weighted avg": {
                "f1-score": 0.8581290122089612,
                "precision": 0.8588944345041907,
                "recall": 0.8624641833810889,
                "support": 349
            }
        },
        "f1": 0.8581290122089612,
        "kappa": 0.7652499264304031,
        "mae": 0.19197707736389685,
        "mcc": 0.7680677321234041,
        "mse": 0.3008595988538682,
        "p": 0.8588944345041907,
        "p_tau": 1.1721524962819854e-39,
        "r": 0.8624641833810889,
        "r2": 0.2706011146496816,
        "spearman": 0.6520005514625251,
        "tau": 0.6426795391171204,
        "y_predict": [
            1,
            1,
            1,
            0,
            1,
            1,
            1,
            1,
            1,
            1,
            1,
            1,
            1,
            1,
            1,
            2,
            2,
            2,
            2,
            2,
            2,
            2,
            1,
            0,
            2,
            0,
            0,
            0,
            0,
            2,
            0,
            0,
            0,
            0,
            0,
            2,
            2,
            2,
            2,
            2,
            2,
            0,
            2,
            0,
            2,
            1,
            1,
            2,
            2,
            2,
            2,
            2,
            2,
            2,
            2,
            1,
            0,
            0,
            0,
            0,
            0,
            0,
            0,
            0,
            0,
            1,
            2,
            2,
            2,
            2,
            2,
            0,
            2,
            2,
            0,
            0,
            0,
            0,
            2,
            1,
            0,
            1,
            1,
            1,
            1,
            1,
            1,
            1,
            1,
            1,
            1,
            1,
            1,
            1,
            1,
            1,
            1,
            1,
            1,
            1,
            1,
            1,
            1,
            1,
            1,
            1,
            1,
            1,
            1,
            1,
            2,
            2,
            0,
            2,
            2,
            2,
            2,
            2,
            2,
            1,
            1,
            2,
            2,
            2,
            2,
            2,
            0,
            2,
            2,
            2,
            2,
            2,
            2,
            1,
            1,
            1,
            1,
            1,
            1,
            1,
            1,
            1,
            1,
            1,
            1,
            1,
            1,
            1,
            1,
            1,
            1,
            1,
            1,
            1,
            1,
            1,
            1,
            1,
            1,
            1,
            1,
            1,
            1,
            1,
            1,
            1,
            0,
            1,
            1,
            1,
            0,
            1,
            1,
            1,
            1,
            1,
            1,
            1,
            1,
            1,
            0,
            1,
            0,
            1,
            0,
            0,
            0,
            0,
            1,
            1,
            0,
            1,
            2,
            1,
            0,
            0,
            1,
            2,
            1,
            0,
            1,
            0,
            2,
            1,
            0,
            0,
            1,
            0,
            1,
            0,
            1,
            1,
            0,
            0,
            1,
            0,
            1,
            0,
            0,
            0,
            2,
            0,
            2,
            1,
            0,
            0,
            1,
            1,
            1,
            1,
            1,
            1,
            1,
            1,
            1,
            2,
            0,
            2,
            2,
            2,
            2,
            1,
            1,
            1,
            1,
            1,
            1,
            1,
            1,
            0,
            1,
            1,
            0,
            1,
            1,
            1,
            1,
            1,
            1,
            1,
            1,
            1,
            1,
            1,
            1,
            1,
            1,
            1,
            1,
            1,
            1,
            1,
            1,
            1,
            1,
            1,
            1,
            1,
            1,
            1,
            1,
            1,
            1,
            0,
            1,
            1,
            0,
            2,
            2,
            2,
            1,
            1,
            1,
            1,
            1,
            1,
            1,
            1,
            1,
            1,
            0,
            1,
            2,
            1,
            2,
            0,
            1,
            1,
            0,
            1,
            1,
            1,
            0,
            0,
            1,
            1,
            1,
            1,
            1,
            0,
            1,
            1,
            0,
            2,
            0,
            2,
            1,
            1,
            1,
            1,
            1,
            0,
            0,
            0,
            2,
            1,
            1,
            1,
            1,
            1,
            1,
            1,
            1,
            1,
            1,
            1,
            1,
            0,
            0
        ],