{
    "mean": {
        "acc": 0.8510028653295129,
        "alpha": 0.6196949208834484,
        "alpha_ordinal": 0.6172906926307733,
        "auc_roc": 0.8735706393725261,
        "cr": {
            "0": {
                "f1-score": 0.7151515151515152,
                "precision": 0.7866666666666666,
                "recall": 0.6555555555555556,
                "support": 90
            },
            "1": {
                "f1-score": 0.9215189873417722,
                "precision": 0.8878048780487805,
                "recall": 0.9578947368421052,
                "support": 190
            },
            "2": {
                "f1-score": 0.8115942028985508,
                "precision": 0.8115942028985508,
                "recall": 0.8115942028985508,
                "support": 69
            },
            "accuracy": 0.8510028653295129,
            "macro avg": {
                "f1-score": 0.8160882351306128,
                "precision": 0.8286885825379993,
                "recall": 0.8083481650987373,
                "support": 349
            },
            "weighted avg": {
                "f1-score": 0.8465680342652524,
                "precision": 0.8466559508001957,
                "recall": 0.8510028653295129,
                "support": 349
            }
        },
        "f1": 0.8465680342652524,
        "kappa": 0.7456125595738716,
        "mae": 0.20916905444126074,
        "mcc": 0.748191737136427,
        "mse": 0.32951289398280803,
        "p": 0.8466559508001957,
        "p_tau": 9.183248769063134e-36,
        "r": 0.8510028653295129,
        "r2": 0.20081640780565513,
        "spearman": 0.6182733597204458,
        "tau": 0.6088271008838378,
        "y_predict": [
            1,
            1,
            1,
            0,
            1,
            1,
            1,
            1,
            1,
            1,
            1,
            1,
            1,
            1,
            1,
            2,
            2,
            2,
            2,
            2,
            2,
            2,
            1,
            0,
            2,
            0,
            0,
            0,
            0,
            2,
            0,
            0,
            0,
            0,
            0,
            2,
            2,
            2,
            2,
            2,
            2,
            0,
            2,
            0,
            2,
            1,
            1,
            2,
            2,
            2,
            2,
            2,
            2,
            2,
            2,
            1,
            0,
            0,
            0,
            0,
            0,
            0,
            0,
            0,
            0,
            1,
            2,
            2,
            2,
            2,
            2,
            2,
            2,
            2,
            0,
            0,
            0,
            0,
            2,
            1,
            0,
            1,
            1,
            1,
            1,
            1,
            1,
            1,
            1,
            1,
            1,
            1,
            1,
            1,
            1,
            1,
            1,
            1,
            1,
            1,
            1,
            1,
            1,
            1,
            1,
            1,
            1,
            1,
            1,
            1,
            2,
            2,
            0,
            2,
            2,
            2,
            2,
            2,
            1,
            1,
            1,
            2,
            2,
            2,
            0,
            2,
            0,
            2,
            2,
            2,
            2,
            2,
            2,
            1,
            1,
            1,
            1,
            1,
            1,
            1,
            1,
            1,
            1,
            1,
            1,
            1,
            1,
            1,
            1,
            1,
            1,
            1,
            1,
            1,
            1,
            1,
            1,
            1,
            1,
            1,
            1,
            1,
            1,
            1,
            1,
            1,
            0,
            1,
            1,
            1,
            0,
            1,
            1,
            1,
            1,
            1,
            1,
            1,
            1,
            1,
            0,
            1,
            0,
            1,
            0,
            0,
            0,
            0,
            1,
            1,
            0,
            1,
            2,
            1,
            0,
            0,
            1,
            2,
            1,
            0,
            1,
            0,
            2,
            1,
            0,
            0,
            1,
            0,
            1,
            0,
            1,
            1,
            2,
            0,
            1,
            0,
            1,
            0,
            0,
            0,
            2,
            0,
            2,
            1,
            0,
            0,
            1,
            1,
            1,
            1,
            1,
            1,
            1,
            1,
            1,
            0,
            0,
            2,
            2,
            2,
            2,
            1,
            1,
            1,
            1,
            1,
            1,
            1,
            1,
            0,
            1,
            1,
            0,
            1,
            1,
            1,
            1,
            1,
            1,
            1,
            1,
            1,
            1,
            1,
            1,
            1,
            1,
            1,
            1,
            1,
            1,
            1,
            1,
            1,
            1,
            1,
            1,
            1,
            1,
            1,
            1,
            0,
            1,
            0,
            1,
            1,
            0,
            2,
            2,
            2,
            1,
            1,
            1,
            1,
            1,
            1,
            1,
            1,
            1,
            1,
            0,
            1,
            2,
            1,
            2,
            0,
            1,
            1,
            0,
            1,
            1,
            1,
            0,
            0,
            1,
            1,
            1,
            1,
            1,
            0,
            1,
            1,
            0,
            2,
            0,
            2,
            1,
            1,
            1,
            1,
            1,
            0,
            0,
            0,
            2,
            1,
            1,
            1,
            1,
            1,
            1,
            1,
            1,
            1,
            1,
            1,
            1,
            0,
            0
        ],