{
    "mean": {
        "acc": 0.8538681948424068,
        "alpha": 0.6466831131087155,
        "alpha_ordinal": 0.6449173845705448,
        "auc_roc": 0.8706445326728345,
        "cr": {
            "0": {
                "f1-score": 0.6967741935483871,
                "precision": 0.8307692307692308,
                "recall": 0.6,
                "support": 90
            },
            "1": {
                "f1-score": 0.9177057356608479,
                "precision": 0.8720379146919431,
                "recall": 0.968421052631579,
                "support": 190
            },
            "2": {
                "f1-score": 0.8450704225352113,
                "precision": 0.821917808219178,
                "recall": 0.8695652173913043,
                "support": 69
            },
            "accuracy": 0.8538681948424068,
            "macro avg": {
                "f1-score": 0.8198501172481487,
                "precision": 0.8415749845601174,
                "recall": 0.8126620900076277,
                "support": 349
            },
            "weighted avg": {
                "f1-score": 0.8463714222058611,
                "precision": 0.851486427873419,
                "recall": 0.8538681948424068,
                "support": 349
            }
        },
        "f1": 0.8463714222058611,
        "kappa": 0.7486868858014233,
        "mae": 0.1977077363896848,
        "mcc": 0.7549496628269834,
        "mse": 0.3008595988538682,
        "p": 0.851486427873419,
        "p_tau": 4.3525478867182186e-39,
        "r": 0.8538681948424068,
        "r2": 0.23811800906482572,
        "spearman": 0.6495203552929262,
        "tau": 0.6388703681352644,
        "y_predict": [
            1,
            1,
            1,
            0,
            1,
            1,
            1,
            1,
            1,
            1,
            1,
            1,
            1,
            1,
            1,
            2,
            2,
            2,
            2,
            2,
            2,
            2,
            1,
            0,
            2,
            0,
            0,
            0,
            0,
            2,
            0,
            0,
            0,
            0,
            0,
            2,
            2,
            2,
            2,
            2,
            2,
            2,
            2,
            1,
            2,
            1,
            1,
            2,
            2,
            2,
            2,
            2,
            2,
            2,
            2,
            1,
            1,
            1,
            0,
            0,
            0,
            0,
            0,
            0,
            0,
            1,
            2,
            2,
            2,
            2,
            2,
            0,
            2,
            2,
            0,
            0,
            0,
            0,
            2,
            1,
            0,
            1,
            1,
            1,
            1,
            1,
            1,
            1,
            1,
            1,
            1,
            1,
            1,
            1,
            1,
            1,
            1,
            1,
            1,
            1,
            1,
            1,
            1,
            1,
            1,
            1,
            1,
            1,
            1,
            1,
            2,
            0,
            0,
            2,
            2,
            2,
            2,
            2,
            2,
            2,
            1,
            2,
            2,
            2,
            2,
            2,
            0,
            2,
            2,
            2,
            2,
            2,
            2,
            1,
            1,
            1,
            1,
            1,
            1,
            1,
            1,
            1,
            1,
            1,
            1,
            1,
            1,
            1,
            1,
            1,
            1,
            1,
            1,
            1,
            1,
            1,
            1,
            1,
            1,
            1,
            1,
            1,
            1,
            1,
            1,
            1,
            1,
            1,
            1,
            1,
            1,
            1,
            1,
            1,
            1,
            1,
            1,
            1,
            1,
            1,
            0,
            1,
            1,
            1,
            0,
            0,
            0,
            0,
            1,
            1,
            0,
            1,
            0,
            1,
            0,
            0,
            1,
            2,
            1,
            0,
            1,
            0,
            2,
            1,
            1,
            0,
            1,
            0,
            0,
            0,
            1,
            1,
            2,
            0,
            1,
            0,
            1,
            1,
            1,
            0,
            2,
            0,
            2,
            1,
            0,
            0,
            1,
            1,
            1,
            1,
            1,
            1,
            1,
            1,
            1,
            2,
            2,
            2,
            2,
            2,
            2,
            1,
            1,
            1,
            1,
            1,
            1,
            1,
            1,
            0,
            1,
            1,
            0,
            1,
            1,
            1,
            1,
            1,
            1,
            1,
            1,
            1,
            1,
            1,
            1,
            1,
            1,
            1,
            1,
            1,
            1,
            1,
            0,
            1,
            1,
            1,
            1,
            1,
            1,
            1,
            1,
            1,
            1,
            1,
            1,
            1,
            0,
            2,
            2,
            2,
            1,
            1,
            1,
            1,
            1,
            1,
            1,
            1,
            1,
            1,
            0,
            1,
            2,
            1,
            2,
            0,
            1,
            1,
            0,
            1,
            0,
            1,
            0,
            0,
            1,
            1,
            1,
            1,
            1,
            2,
            1,
            1,
            0,
            2,
            0,
            2,
            1,
            1,
            1,
            1,
            1,
            0,
            0,
            0,
            2,
            1,
            1,
            1,
            1,
            1,
            1,
            1,
            1,
            1,
            1,
            1,
            1,
            0,
            0
        ],