{
    "mean": {
        "acc": 0.8510028653295129,
        "alpha": 0.6242370564337563,
        "alpha_ordinal": 0.6224481054022613,
        "auc_roc": 0.8700729705446686,
        "cr": {
            "0": {
                "f1-score": 0.7006369426751594,
                "precision": 0.8208955223880597,
                "recall": 0.6111111111111112,
                "support": 90
            },
            "1": {
                "f1-score": 0.92,
                "precision": 0.8761904761904762,
                "recall": 0.968421052631579,
                "support": 190
            },
            "2": {
                "f1-score": 0.8226950354609929,
                "precision": 0.8055555555555556,
                "recall": 0.8405797101449275,
                "support": 69
            },
            "accuracy": 0.8510028653295129,
            "macro avg": {
                "f1-score": 0.8144439927120507,
                "precision": 0.8342138513780304,
                "recall": 0.8067039579625392,
                "support": 349
            },
            "weighted avg": {
                "f1-score": 0.8441927859242775,
                "precision": 0.8479659622477055,
                "recall": 0.8510028653295129,
                "support": 349
            }
        },
        "f1": 0.8441927859242775,
        "kappa": 0.7440446807610397,
        "mae": 0.20630372492836677,
        "mcc": 0.7494364421260632,
        "mse": 0.3209169054441261,
        "p": 0.8479659622477055,
        "p_tau": 1.7226110117009116e-36,
        "r": 0.8510028653295129,
        "r2": 0.19382914655776917,
        "spearman": 0.6258487447657304,
        "tau": 0.6160565017389605,
        "y_predict": [
            1,
            1,
            1,
            0,
            1,
            1,
            1,
            1,
            1,
            1,
            1,
            1,
            1,
            1,
            1,
            2,
            2,
            2,
            2,
            2,
            2,
            2,
            1,
            0,
            2,
            0,
            0,
            0,
            0,
            2,
            0,
            0,
            0,
            0,
            0,
            2,
            2,
            2,
            2,
            2,
            2,
            2,
            2,
            1,
            2,
            1,
            1,
            2,
            2,
            2,
            2,
            2,
            2,
            2,
            2,
            1,
            0,
            0,
            0,
            0,
            0,
            0,
            0,
            0,
            0,
            1,
            2,
            2,
            2,
            2,
            2,
            0,
            2,
            2,
            0,
            0,
            0,
            0,
            2,
            1,
            0,
            1,
            1,
            1,
            1,
            1,
            1,
            1,
            1,
            1,
            1,
            1,
            1,
            1,
            1,
            1,
            1,
            1,
            1,
            1,
            1,
            1,
            1,
            1,
            1,
            1,
            1,
            1,
            1,
            1,
            2,
            0,
            0,
            2,
            2,
            2,
            2,
            2,
            2,
            1,
            1,
            2,
            2,
            2,
            2,
            2,
            0,
            2,
            2,
            2,
            2,
            2,
            2,
            1,
            1,
            1,
            1,
            1,
            1,
            1,
            1,
            1,
            1,
            1,
            1,
            1,
            1,
            1,
            1,
            1,
            1,
            1,
            1,
            1,
            1,
            1,
            1,
            1,
            1,
            1,
            1,
            1,
            1,
            1,
            1,
            1,
            1,
            1,
            1,
            1,
            1,
            1,
            1,
            1,
            1,
            1,
            1,
            1,
            1,
            1,
            0,
            1,
            1,
            1,
            0,
            0,
            0,
            0,
            1,
            1,
            0,
            1,
            0,
            1,
            0,
            0,
            1,
            2,
            1,
            0,
            1,
            0,
            2,
            1,
            1,
            0,
            1,
            0,
            0,
            0,
            1,
            1,
            2,
            0,
            1,
            0,
            1,
            1,
            1,
            0,
            2,
            0,
            2,
            2,
            0,
            1,
            1,
            1,
            1,
            1,
            1,
            1,
            1,
            1,
            1,
            0,
            2,
            2,
            2,
            2,
            2,
            1,
            1,
            1,
            1,
            1,
            1,
            1,
            1,
            0,
            1,
            1,
            0,
            1,
            1,
            1,
            1,
            1,
            1,
            1,
            1,
            1,
            1,
            1,
            1,
            1,
            1,
            1,
            1,
            1,
            1,
            1,
            0,
            1,
            1,
            1,
            1,
            1,
            1,
            1,
            1,
            1,
            1,
            1,
            1,
            1,
            0,
            2,
            2,
            2,
            1,
            1,
            1,
            1,
            1,
            1,
            1,
            1,
            1,
            1,
            0,
            1,
            2,
            1,
            2,
            0,
            1,
            1,
            0,
            1,
            0,
            1,
            0,
            0,
            1,
            1,
            1,
            1,
            1,
            2,
            1,
            1,
            0,
            2,
            0,
            2,
            1,
            1,
            1,
            1,
            1,
            0,
            0,
            0,
            2,
            1,
            1,
            1,
            1,
            1,
            1,
            1,
            1,
            1,
            1,
            1,
            1,
            0,
            0
        ],