{
    "mean": {
        "acc": 0.8166189111747851,
        "alpha": 0.5412932214062849,
        "alpha_ordinal": 0.5369447672629439,
        "auc_roc": 0.8466173720890703,
        "cr": {
            "0": {
                "f1-score": 0.6589595375722543,
                "precision": 0.6867469879518072,
                "recall": 0.6333333333333333,
                "support": 90
            },
            "1": {
                "f1-score": 0.9007633587786261,
                "precision": 0.8719211822660099,
                "recall": 0.9315789473684211,
                "support": 190
            },
            "2": {
                "f1-score": 0.7727272727272727,
                "precision": 0.8095238095238095,
                "recall": 0.7391304347826086,
                "support": 69
            },
            "accuracy": 0.8166189111747851,
            "macro avg": {
                "f1-score": 0.7774833896927177,
                "precision": 0.7893973265805423,
                "recall": 0.7680142384947878,
                "support": 349
            },
            "weighted avg": {
                "f1-score": 0.813093347758234,
                "precision": 0.8118320813849496,
                "recall": 0.8166189111747851,
                "support": 349
            }
        },
        "f1": 0.813093347758234,
        "kappa": 0.6872321953678551,
        "mae": 0.25501432664756446,
        "mcc": 0.6886199476612759,
        "mse": 0.3982808022922636,
        "p": 0.8118320813849496,
        "p_tau": 3.656459191365044e-27,
        "r": 0.8166189111747851,
        "r2": 0.040412232464295705,
        "spearman": 0.5367944032876478,
        "tau": 0.5265603609729891,
        "y_predict": [
            1,
            1,
            1,
            0,
            1,
            1,
            1,
            1,
            1,
            1,
            1,
            1,
            1,
            1,
            1,
            2,
            2,
            0,
            2,
            0,
            0,
            0,
            1,
            0,
            2,
            0,
            0,
            0,
            0,
            2,
            0,
            0,
            0,
            0,
            0,
            2,
            2,
            2,
            2,
            2,
            2,
            2,
            2,
            0,
            2,
            1,
            1,
            2,
            2,
            2,
            2,
            2,
            2,
            2,
            2,
            0,
            0,
            1,
            0,
            0,
            0,
            0,
            0,
            0,
            0,
            1,
            2,
            2,
            2,
            2,
            0,
            0,
            2,
            2,
            0,
            0,
            0,
            0,
            2,
            1,
            0,
            1,
            1,
            1,
            1,
            1,
            1,
            1,
            1,
            1,
            1,
            1,
            1,
            1,
            1,
            1,
            1,
            0,
            1,
            1,
            1,
            1,
            1,
            1,
            1,
            1,
            1,
            1,
            1,
            0,
            2,
            0,
            0,
            1,
            2,
            2,
            2,
            2,
            2,
            1,
            1,
            2,
            2,
            2,
            0,
            2,
            0,
            2,
            2,
            2,
            2,
            2,
            2,
            1,
            1,
            1,
            1,
            1,
            1,
            1,
            1,
            1,
            1,
            1,
            1,
            1,
            1,
            1,
            1,
            1,
            1,
            1,
            1,
            1,
            1,
            1,
            1,
            1,
            1,
            0,
            1,
            1,
            1,
            1,
            1,
            1,
            1,
            1,
            1,
            1,
            0,
            1,
            1,
            1,
            1,
            1,
            1,
            1,
            1,
            1,
            0,
            1,
            1,
            1,
            0,
            0,
            0,
            0,
            1,
            1,
            0,
            1,
            0,
            1,
            0,
            1,
            1,
            2,
            0,
            0,
            1,
            2,
            2,
            1,
            0,
            0,
            1,
            0,
            0,
            0,
            1,
            1,
            2,
            0,
            1,
            0,
            1,
            1,
            0,
            0,
            2,
            0,
            2,
            1,
            0,
            1,
            1,
            1,
            1,
            1,
            1,
            1,
            1,
            1,
            1,
            0,
            2,
            2,
            2,
            2,
            2,
            1,
            1,
            1,
            1,
            1,
            1,
            1,
            1,
            0,
            1,
            1,
            0,
            1,
            1,
            1,
            1,
            1,
            1,
            1,
            1,
            1,
            1,
            1,
            1,
            1,
            1,
            1,
            1,
            1,
            1,
            1,
            0,
            1,
            1,
            1,
            1,
            0,
            1,
            1,
            1,
            1,
            1,
            1,
            0,
            1,
            0,
            2,
            2,
            2,
            1,
            1,
            1,
            1,
            1,
            1,
            1,
            1,
            1,
            1,
            1,
            1,
            0,
            1,
            2,
            0,
            1,
            1,
            0,
            1,
            0,
            1,
            0,
            0,
            1,
            1,
            1,
            1,
            1,
            0,
            1,
            1,
            0,
            2,
            0,
            2,
            1,
            1,
            1,
            1,
            1,
            0,
            0,
            0,
            2,
            1,
            1,
            1,
            1,
            1,
            1,
            1,
            1,
            1,
            0,
            1,
            1,
            0,
            0
        ],