{
    "mean": {
        "acc": 0.8481375358166189,
        "alpha": 0.6240040482544289,
        "alpha_ordinal": 0.6216871339309251,
        "auc_roc": 0.8692118331269275,
        "cr": {
            "0": {
                "f1-score": 0.7116564417177914,
                "precision": 0.7945205479452054,
                "recall": 0.6444444444444445,
                "support": 90
            },
            "1": {
                "f1-score": 0.9168765743073047,
                "precision": 0.8792270531400966,
                "recall": 0.9578947368421052,
                "support": 190
            },
            "2": {
                "f1-score": 0.8115942028985508,
                "precision": 0.8115942028985508,
                "recall": 0.8115942028985508,
                "support": 69
            },
            "accuracy": 0.8481375358166189,
            "macro avg": {
                "f1-score": 0.8133757396412156,
                "precision": 0.8284472679946177,
                "recall": 0.8046444613950335,
                "support": 349
            },
            "weighted avg": {
                "f1-score": 0.8431393377449545,
                "precision": 0.8440114309790454,
                "recall": 0.8481375358166189,
                "support": 349
            }
        },
        "f1": 0.8431393377449545,
        "kappa": 0.7399915659263424,
        "mae": 0.20916905444126074,
        "mcc": 0.7433029324227676,
        "mse": 0.3237822349570201,
        "p": 0.8440114309790454,
        "p_tau": 3.392597268682336e-36,
        "r": 0.8481375358166189,
        "r2": 0.20396835008679493,
        "spearman": 0.6230641706219487,
        "tau": 0.6129640579438328,
        "y_predict": [
            1,
            1,
            1,
            0,
            1,
            1,
            1,
            1,
            1,
            1,
            1,
            1,
            1,
            1,
            1,
            2,
            2,
            2,
            2,
            2,
            2,
            2,
            1,
            0,
            2,
            0,
            0,
            0,
            0,
            2,
            0,
            0,
            0,
            0,
            0,
            2,
            2,
            2,
            2,
            2,
            2,
            0,
            2,
            1,
            2,
            1,
            1,
            2,
            2,
            2,
            2,
            2,
            2,
            2,
            2,
            1,
            0,
            0,
            0,
            0,
            0,
            0,
            0,
            0,
            0,
            1,
            2,
            2,
            2,
            2,
            2,
            0,
            2,
            2,
            0,
            0,
            0,
            0,
            2,
            1,
            0,
            1,
            1,
            1,
            1,
            1,
            1,
            1,
            1,
            1,
            1,
            1,
            1,
            1,
            1,
            1,
            1,
            1,
            1,
            1,
            1,
            1,
            1,
            1,
            1,
            1,
            1,
            1,
            1,
            1,
            2,
            2,
            0,
            2,
            2,
            2,
            2,
            2,
            1,
            1,
            1,
            2,
            2,
            2,
            0,
            2,
            0,
            2,
            2,
            2,
            2,
            2,
            2,
            1,
            1,
            1,
            1,
            1,
            1,
            1,
            1,
            1,
            1,
            1,
            1,
            1,
            1,
            1,
            1,
            1,
            1,
            1,
            1,
            1,
            1,
            1,
            1,
            1,
            1,
            1,
            1,
            1,
            1,
            1,
            1,
            1,
            0,
            1,
            1,
            1,
            0,
            1,
            1,
            1,
            1,
            1,
            1,
            1,
            1,
            1,
            0,
            1,
            0,
            1,
            0,
            0,
            0,
            0,
            1,
            1,
            0,
            1,
            2,
            1,
            0,
            0,
            1,
            2,
            1,
            0,
            1,
            0,
            2,
            1,
            0,
            0,
            1,
            0,
            1,
            0,
            1,
            1,
            2,
            0,
            1,
            0,
            1,
            0,
            0,
            0,
            2,
            0,
            2,
            1,
            0,
            0,
            1,
            1,
            1,
            1,
            1,
            1,
            1,
            1,
            1,
            2,
            0,
            2,
            2,
            2,
            2,
            1,
            1,
            1,
            1,
            1,
            1,
            1,
            1,
            0,
            1,
            1,
            0,
            1,
            1,
            1,
            1,
            1,
            1,
            1,
            1,
            1,
            1,
            1,
            1,
            1,
            1,
            1,
            1,
            1,
            1,
            1,
            1,
            1,
            1,
            1,
            1,
            1,
            1,
            1,
            1,
            0,
            1,
            1,
            1,
            1,
            0,
            2,
            2,
            2,
            1,
            1,
            1,
            1,
            1,
            1,
            1,
            1,
            1,
            1,
            0,
            1,
            2,
            1,
            2,
            0,
            1,
            1,
            0,
            1,
            1,
            1,
            0,
            0,
            1,
            1,
            1,
            1,
            1,
            0,
            1,
            1,
            0,
            2,
            0,
            2,
            1,
            1,
            1,
            1,
            1,
            0,
            0,
            0,
            2,
            1,
            1,
            1,
            1,
            1,
            1,
            1,
            1,
            1,
            1,
            1,
            1,
            0,
            0
        ],