{
    "mean": {
        "acc": 0.8510028653295129,
        "alpha": 0.63330839587808,
        "alpha_ordinal": 0.6315225570060813,
        "auc_roc": 0.8687140307423324,
        "cr": {
            "0": {
                "f1-score": 0.6753246753246752,
                "precision": 0.8125,
                "recall": 0.5777777777777777,
                "support": 90
            },
            "1": {
                "f1-score": 0.9177057356608479,
                "precision": 0.8720379146919431,
                "recall": 0.968421052631579,
                "support": 190
            },
            "2": {
                "f1-score": 0.853146853146853,
                "precision": 0.8243243243243243,
                "recall": 0.8840579710144928,
                "support": 69
            },
            "accuracy": 0.8510028653295129,
            "macro avg": {
                "f1-score": 0.8153924213774587,
                "precision": 0.8362874130054226,
                "recall": 0.8100856004746165,
                "support": 349
            },
            "weighted avg": {
                "f1-score": 0.8424368006358588,
                "precision": 0.8472509517760676,
                "recall": 0.8510028653295129,
                "support": 349
            }
        },
        "f1": 0.8424368006358588,
        "kappa": 0.7438351330369115,
        "mae": 0.2034383954154728,
        "mcc": 0.750379447671724,
        "mse": 0.3123209169054441,
        "p": 0.8472509517760676,
        "p_tau": 1.2460102229227972e-37,
        "r": 0.8510028653295129,
        "r2": 0.20850151887145774,
        "spearman": 0.6371397329661369,
        "tau": 0.626339077846717,
        "y_predict": [
            1,
            1,
            1,
            0,
            1,
            1,
            1,
            1,
            1,
            1,
            1,
            1,
            1,
            1,
            1,
            2,
            2,
            2,
            2,
            2,
            2,
            2,
            1,
            0,
            2,
            0,
            0,
            0,
            0,
            2,
            0,
            0,
            1,
            0,
            0,
            2,
            2,
            2,
            2,
            2,
            2,
            2,
            2,
            0,
            2,
            1,
            2,
            2,
            2,
            2,
            2,
            2,
            2,
            2,
            2,
            1,
            1,
            1,
            0,
            0,
            0,
            0,
            0,
            0,
            0,
            1,
            2,
            2,
            2,
            2,
            2,
            0,
            2,
            2,
            0,
            0,
            0,
            0,
            2,
            1,
            0,
            1,
            1,
            1,
            1,
            1,
            1,
            1,
            1,
            1,
            1,
            1,
            1,
            1,
            1,
            1,
            1,
            1,
            1,
            1,
            1,
            1,
            1,
            1,
            1,
            1,
            1,
            1,
            1,
            1,
            2,
            0,
            0,
            2,
            2,
            2,
            2,
            2,
            2,
            2,
            1,
            2,
            2,
            2,
            2,
            2,
            0,
            2,
            2,
            2,
            2,
            2,
            2,
            1,
            1,
            1,
            1,
            1,
            1,
            1,
            1,
            1,
            1,
            1,
            1,
            1,
            1,
            1,
            1,
            1,
            1,
            1,
            1,
            1,
            1,
            1,
            1,
            1,
            1,
            1,
            1,
            1,
            1,
            1,
            1,
            1,
            1,
            1,
            1,
            1,
            1,
            1,
            1,
            1,
            1,
            1,
            1,
            1,
            1,
            1,
            0,
            1,
            1,
            1,
            0,
            0,
            0,
            1,
            1,
            1,
            0,
            1,
            0,
            1,
            0,
            0,
            1,
            2,
            1,
            0,
            1,
            0,
            2,
            1,
            1,
            0,
            1,
            1,
            0,
            0,
            1,
            1,
            2,
            0,
            1,
            0,
            1,
            1,
            1,
            0,
            2,
            0,
            2,
            2,
            0,
            0,
            1,
            1,
            1,
            1,
            1,
            1,
            1,
            1,
            1,
            2,
            2,
            2,
            2,
            2,
            2,
            1,
            1,
            1,
            1,
            1,
            1,
            1,
            1,
            0,
            1,
            1,
            0,
            1,
            1,
            1,
            1,
            1,
            1,
            1,
            1,
            1,
            1,
            1,
            1,
            1,
            1,
            1,
            1,
            1,
            1,
            1,
            1,
            1,
            1,
            1,
            1,
            1,
            1,
            1,
            1,
            1,
            1,
            1,
            1,
            1,
            0,
            2,
            2,
            2,
            1,
            1,
            1,
            1,
            1,
            1,
            1,
            1,
            1,
            1,
            0,
            1,
            2,
            1,
            2,
            0,
            1,
            1,
            0,
            1,
            0,
            1,
            0,
            0,
            1,
            1,
            1,
            1,
            1,
            0,
            1,
            1,
            0,
            2,
            0,
            2,
            1,
            1,
            1,
            1,
            1,
            0,
            0,
            0,
            2,
            1,
            1,
            1,
            1,
            1,
            1,
            1,
            1,
            1,
            0,
            1,
            1,
            0,
            0
        ],