{
    "mean": {
        "acc": 0.6565349544072948,
        "alpha": 0.43540138335778655,
        "alpha_ordinal": 0.435702247001873,
        "auc_roc": 0.7055621030903322,
        "cr": {
            "0": {
                "f1-score": 0.5731707317073171,
                "precision": 0.6911764705882353,
                "recall": 0.4895833333333333,
                "support": 96
            },
            "1": {
                "f1-score": 0.7377049180327868,
                "precision": 0.6308411214953271,
                "recall": 0.8881578947368421,
                "support": 152
            },
            "2": {
                "f1-score": 0.53125,
                "precision": 0.723404255319149,
                "recall": 0.41975308641975306,
                "support": 81
            },
            "accuracy": 0.6565349544072948,
            "macro avg": {
                "f1-score": 0.6140418832467013,
                "precision": 0.6818072824675704,
                "recall": 0.5991647714966429,
                "support": 329
            },
            "weighted avg": {
                "f1-score": 0.6388656163674348,
                "precision": 0.6712356727191835,
                "recall": 0.6565349544072948,
                "support": 329
            }
        },
        "f1": 0.6388656163674348,
        "kappa": 0.43135305454434214,
        "mae": 0.3951367781155015,
        "mcc": 0.4540730319365473,
        "mse": 0.49848024316109424,
        "p": 0.6712356727191835,
        "p_tau": 3.6530950711825464e-17,
        "r": 0.6565349544072948,
        "r2": -0.442905278921752,
        "spearman": 0.445150805572769,
        "tau": 0.42359325286999344,
        "y_predict": [
            1,
            1,
            2,
            1,
            0,
            1,
            2,
            1,
            1,
            0,
            2,
            2,
            2,
            2,
            2,
            0,
            1,
            2,
            1,
            2,
            2,
            1,
            0,
            2,
            2,
            1,
            0,
            1,
            0,
            0,
            0,
            1,
            1,
            1,
            2,
            1,
            1,
            1,
            1,
            1,
            1,
            1,
            1,
            1,
            1,
            0,
            1,
            1,
            1,
            1,
            1,
            1,
            1,
            1,
            1,
            1,
            1,
            1,
            2,
            1,
            1,
            1,
            1,
            1,
            1,
            1,
            1,
            1,
            1,
            0,
            1,
            1,
            1,
            2,
            1,
            1,
            1,
            1,
            1,
            1,
            1,
            1,
            2,
            0,
            1,
            0,
            1,
            0,
            1,
            2,
            0,
            2,
            0,
            0,
            1,
            0,
            0,
            1,
            0,
            1,
            1,
            1,
            0,
            1,
            1,
            0,
            1,
            1,
            1,
            1,
            1,
            1,
            1,
            1,
            1,
            1,
            1,
            0,
            1,
            1,
            1,
            1,
            1,
            2,
            0,
            1,
            2,
            0,
            1,
            1,
            1,
            1,
            1,
            1,
            1,
            0,
            2,
            1,
            1,
            1,
            1,
            1,
            0,
            0,
            2,
            2,
            1,
            2,
            1,
            1,
            1,
            1,
            2,
            2,
            2,
            1,
            2,
            2,
            2,
            2,
            1,
            2,
            2,
            1,
            0,
            1,
            1,
            1,
            1,
            0,
            1,
            1,
            1,
            1,
            1,
            1,
            1,
            0,
            0,
            1,
            0,
            0,
            1,
            1,
            1,
            1,
            0,
            2,
            0,
            0,
            1,
            0,
            1,
            1,
            1,
            0,
            1,
            1,
            1,
            1,
            1,
            1,
            1,
            1,
            1,
            0,
            1,
            1,
            1,
            1,
            1,
            1,
            1,
            1,
            1,
            1,
            0,
            1,
            1,
            1,
            1,
            1,
            2,
            2,
            1,
            2,
            2,
            2,
            1,
            1,
            1,
            1,
            1,
            1,
            0,
            2,
            1,
            1,
            1,
            1,
            1,
            1,
            1,
            1,
            1,
            1,
            1,
            0,
            1,
            1,
            1,
            1,
            0,
            1,
            1,
            1,
            1,
            1,
            1,
            1,
            2,
            2,
            0,
            1,
            0,
            1,
            1,
            1,
            0,
            1,
            1,
            1,
            1,
            1,
            1,
            1,
            1,
            2,
            2,
            1,
            1,
            1,
            1,
            1,
            0,
            0,
            1,
            0,
            1,
            1,
            0,
            0,
            2,
            0,
            2,
            0,
            0,
            0,
            1,
            1,
            2,
            1,
            1,
            1,
            1,
            1,
            0,
            1,
            0,
            0,
            1,
            0,
            0,
            0,
            1,
            0,
            1,
            0,
            1,
            1,
            0,
            1,
            1,
            0,
            0,
            0,
            1,
            0,
            1
        ],