{
    "mean": {
        "acc": 0.6231003039513677,
        "alpha": 0.3843250547504775,
        "alpha_ordinal": 0.3833940711933964,
        "auc_roc": 0.680439319702989,
        "cr": {
            "0": {
                "f1-score": 0.5153374233128833,
                "precision": 0.6268656716417911,
                "recall": 0.4375,
                "support": 96
            },
            "1": {
                "f1-score": 0.7107438016528926,
                "precision": 0.6113744075829384,
                "recall": 0.8486842105263158,
                "support": 152
            },
            "2": {
                "f1-score": 0.5151515151515151,
                "precision": 0.6666666666666666,
                "recall": 0.41975308641975306,
                "support": 81
            },
            "accuracy": 0.6231003039513677,
            "macro avg": {
                "f1-score": 0.5804109133724303,
                "precision": 0.6349689152971321,
                "recall": 0.5686457656486897,
                "support": 329
            },
            "weighted avg": {
                "f1-score": 0.6055705872843441,
                "precision": 0.6295076426450413,
                "recall": 0.6231003039513677,
                "support": 329
            }
        },
        "f1": 0.6055705872843441,
        "kappa": 0.37816663110081394,
        "mae": 0.43465045592705165,
        "mcc": 0.3958666730659906,
        "mse": 0.5501519756838906,
        "p": 0.6295076426450413,
        "p_tau": 1.960498389116503e-13,
        "r": 0.6231003039513677,
        "r2": -0.5440802779650467,
        "spearman": 0.39036268611915087,
        "tau": 0.3691564428881402,
        "y_predict": [
            1,
            1,
            1,
            1,
            2,
            1,
            1,
            1,
            1,
            0,
            2,
            2,
            2,
            2,
            2,
            1,
            1,
            2,
            1,
            2,
            1,
            1,
            0,
            1,
            2,
            2,
            0,
            1,
            0,
            0,
            0,
            1,
            0,
            1,
            2,
            1,
            1,
            1,
            2,
            1,
            1,
            1,
            1,
            1,
            1,
            1,
            1,
            1,
            1,
            1,
            1,
            1,
            1,
            0,
            1,
            1,
            1,
            1,
            2,
            1,
            1,
            2,
            1,
            1,
            2,
            1,
            1,
            1,
            1,
            1,
            1,
            1,
            1,
            1,
            1,
            1,
            1,
            1,
            1,
            1,
            1,
            1,
            2,
            0,
            0,
            1,
            1,
            1,
            1,
            2,
            1,
            2,
            0,
            1,
            1,
            0,
            0,
            0,
            0,
            1,
            1,
            1,
            0,
            1,
            1,
            1,
            1,
            1,
            1,
            1,
            2,
            1,
            1,
            1,
            1,
            1,
            1,
            1,
            1,
            1,
            1,
            0,
            1,
            2,
            0,
            0,
            0,
            1,
            1,
            1,
            1,
            1,
            1,
            1,
            1,
            2,
            2,
            0,
            1,
            1,
            1,
            1,
            0,
            0,
            2,
            2,
            1,
            0,
            1,
            1,
            1,
            1,
            1,
            1,
            2,
            1,
            2,
            1,
            2,
            2,
            2,
            2,
            2,
            1,
            0,
            2,
            1,
            1,
            1,
            1,
            1,
            1,
            1,
            1,
            1,
            1,
            1,
            0,
            0,
            1,
            0,
            1,
            1,
            1,
            1,
            1,
            0,
            2,
            0,
            1,
            0,
            0,
            2,
            1,
            1,
            1,
            1,
            1,
            1,
            2,
            1,
            1,
            1,
            1,
            0,
            0,
            1,
            1,
            1,
            1,
            1,
            0,
            1,
            1,
            1,
            0,
            1,
            1,
            1,
            2,
            1,
            2,
            2,
            2,
            1,
            2,
            1,
            2,
            1,
            1,
            1,
            1,
            1,
            1,
            0,
            2,
            1,
            1,
            1,
            0,
            1,
            1,
            1,
            1,
            1,
            1,
            1,
            0,
            1,
            0,
            1,
            1,
            0,
            1,
            1,
            1,
            1,
            1,
            1,
            1,
            2,
            2,
            0,
            1,
            0,
            1,
            1,
            1,
            0,
            0,
            1,
            1,
            2,
            1,
            1,
            1,
            2,
            1,
            1,
            1,
            1,
            1,
            1,
            1,
            0,
            0,
            1,
            0,
            1,
            1,
            1,
            0,
            2,
            0,
            2,
            0,
            0,
            0,
            1,
            1,
            2,
            0,
            1,
            2,
            1,
            1,
            0,
            1,
            0,
            0,
            1,
            0,
            0,
            0,
            2,
            0,
            1,
            1,
            1,
            1,
            0,
            0,
            1,
            0,
            0,
            0,
            0,
            1,
            1
        ],