{
    "mean": {
        "acc": 0.6352583586626139,
        "alpha": 0.3849518439967631,
        "alpha_ordinal": 0.38503645488984806,
        "auc_roc": 0.6880844872507863,
        "cr": {
            "0": {
                "f1-score": 0.5341614906832298,
                "precision": 0.6615384615384615,
                "recall": 0.4479166666666667,
                "support": 96
            },
            "1": {
                "f1-score": 0.7262872628726288,
                "precision": 0.6175115207373272,
                "recall": 0.881578947368421,
                "support": 152
            },
            "2": {
                "f1-score": 0.4999999999999999,
                "precision": 0.6808510638297872,
                "recall": 0.3950617283950617,
                "support": 81
            },
            "accuracy": 0.6352583586626139,
            "macro avg": {
                "f1-score": 0.5868162511852861,
                "precision": 0.6533003487018587,
                "recall": 0.5748524474767165,
                "support": 329
            },
            "weighted avg": {
                "f1-score": 0.6145141855994822,
                "precision": 0.6459525216716682,
                "recall": 0.6352583586626139,
                "support": 329
            }
        },
        "f1": 0.6145141855994822,
        "kappa": 0.3945713847569391,
        "mae": 0.42249240121580545,
        "mcc": 0.4176573575410534,
        "mse": 0.5379939209726444,
        "p": 0.6459525216716682,
        "p_tau": 9.84000392208583e-14,
        "r": 0.6352583586626139,
        "r2": -0.5943763005147298,
        "spearman": 0.39426677755016004,
        "tau": 0.37451187536677744,
        "y_predict": [
            1,
            1,
            1,
            1,
            2,
            1,
            1,
            1,
            1,
            0,
            2,
            2,
            2,
            2,
            1,
            1,
            1,
            2,
            1,
            2,
            2,
            1,
            0,
            1,
            2,
            2,
            0,
            1,
            0,
            0,
            0,
            1,
            0,
            1,
            2,
            1,
            1,
            1,
            1,
            1,
            1,
            1,
            1,
            1,
            1,
            0,
            1,
            1,
            1,
            1,
            1,
            1,
            1,
            0,
            1,
            1,
            1,
            1,
            2,
            2,
            1,
            1,
            1,
            1,
            1,
            1,
            1,
            1,
            1,
            1,
            1,
            1,
            1,
            1,
            1,
            1,
            1,
            1,
            1,
            1,
            1,
            1,
            2,
            0,
            0,
            1,
            1,
            1,
            1,
            2,
            1,
            2,
            0,
            1,
            1,
            0,
            0,
            0,
            0,
            1,
            1,
            1,
            0,
            1,
            1,
            0,
            1,
            1,
            1,
            1,
            1,
            1,
            1,
            1,
            1,
            1,
            1,
            1,
            1,
            1,
            1,
            0,
            1,
            1,
            0,
            1,
            0,
            1,
            1,
            1,
            1,
            1,
            1,
            1,
            1,
            2,
            2,
            0,
            1,
            1,
            1,
            1,
            0,
            0,
            1,
            2,
            1,
            2,
            1,
            1,
            1,
            1,
            2,
            2,
            2,
            1,
            2,
            1,
            2,
            1,
            1,
            2,
            2,
            1,
            0,
            2,
            1,
            1,
            1,
            1,
            1,
            1,
            1,
            1,
            1,
            1,
            1,
            0,
            0,
            1,
            0,
            0,
            1,
            1,
            2,
            1,
            0,
            2,
            0,
            0,
            0,
            0,
            1,
            1,
            1,
            0,
            1,
            1,
            1,
            2,
            1,
            1,
            1,
            1,
            1,
            0,
            1,
            1,
            1,
            1,
            1,
            1,
            1,
            1,
            1,
            0,
            1,
            1,
            1,
            1,
            1,
            0,
            2,
            2,
            1,
            2,
            1,
            2,
            1,
            1,
            1,
            1,
            1,
            1,
            0,
            2,
            1,
            1,
            1,
            0,
            1,
            1,
            1,
            1,
            1,
            1,
            1,
            0,
            1,
            1,
            1,
            1,
            0,
            1,
            1,
            1,
            2,
            1,
            1,
            1,
            2,
            2,
            0,
            1,
            0,
            1,
            1,
            1,
            0,
            0,
            1,
            1,
            2,
            1,
            1,
            1,
            2,
            2,
            1,
            1,
            1,
            1,
            1,
            1,
            0,
            0,
            1,
            0,
            1,
            1,
            1,
            0,
            2,
            0,
            2,
            0,
            0,
            0,
            1,
            1,
            2,
            1,
            1,
            2,
            1,
            1,
            0,
            1,
            0,
            0,
            1,
            0,
            0,
            0,
            2,
            0,
            1,
            1,
            1,
            1,
            0,
            1,
            1,
            0,
            0,
            0,
            1,
            1,
            1
        ],