{
    "mean": {
        "acc": 0.6474164133738601,
        "alpha": 0.41563297240582253,
        "alpha_ordinal": 0.41648640645508184,
        "auc_roc": 0.6965383845233877,
        "cr": {
            "0": {
                "f1-score": 0.5625,
                "precision": 0.703125,
                "recall": 0.46875,
                "support": 96
            },
            "1": {
                "f1-score": 0.7331536388140161,
                "precision": 0.6210045662100456,
                "recall": 0.8947368421052632,
                "support": 152
            },
            "2": {
                "f1-score": 0.5039370078740157,
                "precision": 0.6956521739130435,
                "recall": 0.3950617283950617,
                "support": 81
            },
            "accuracy": 0.6474164133738601,
            "macro avg": {
                "f1-score": 0.5998635488960106,
                "precision": 0.6732605800410297,
                "recall": 0.5861828568334416,
                "support": 329
            },
            "weighted avg": {
                "f1-score": 0.6269247742781937,
                "precision": 0.6633450460513175,
                "recall": 0.6474164133738601,
                "support": 329
            }
        },
        "f1": 0.6269247742781937,
        "kappa": 0.41361031298495765,
        "mae": 0.40425531914893614,
        "mcc": 0.4395762580164951,
        "mse": 0.5075987841945289,
        "p": 0.6633450460513175,
        "p_tau": 6.737565446739525e-16,
        "r": 0.6474164133738601,
        "r2": -0.5318965036524841,
        "spearman": 0.4274689266183699,
        "tau": 0.4065741547640958,
        "y_predict": [
            1,
            1,
            1,
            1,
            2,
            1,
            1,
            1,
            1,
            0,
            2,
            2,
            2,
            2,
            1,
            1,
            1,
            2,
            1,
            2,
            2,
            1,
            0,
            1,
            2,
            2,
            0,
            1,
            0,
            0,
            0,
            1,
            1,
            1,
            2,
            1,
            1,
            1,
            1,
            1,
            1,
            1,
            1,
            1,
            1,
            0,
            1,
            1,
            1,
            1,
            1,
            1,
            1,
            0,
            1,
            1,
            1,
            1,
            2,
            1,
            1,
            1,
            1,
            1,
            1,
            1,
            1,
            1,
            1,
            1,
            1,
            1,
            1,
            1,
            1,
            1,
            1,
            1,
            1,
            1,
            1,
            1,
            2,
            0,
            0,
            1,
            1,
            0,
            1,
            2,
            1,
            2,
            0,
            1,
            1,
            0,
            0,
            0,
            0,
            1,
            1,
            1,
            0,
            1,
            1,
            0,
            1,
            1,
            1,
            1,
            1,
            1,
            1,
            1,
            1,
            1,
            1,
            1,
            1,
            1,
            1,
            1,
            1,
            1,
            0,
            1,
            0,
            1,
            1,
            1,
            1,
            1,
            1,
            1,
            1,
            2,
            2,
            1,
            1,
            1,
            1,
            1,
            0,
            0,
            1,
            2,
            1,
            2,
            1,
            1,
            1,
            1,
            2,
            2,
            2,
            1,
            2,
            1,
            2,
            2,
            1,
            1,
            2,
            1,
            0,
            2,
            1,
            1,
            1,
            1,
            1,
            1,
            1,
            1,
            1,
            1,
            1,
            0,
            0,
            1,
            0,
            0,
            1,
            1,
            2,
            1,
            0,
            2,
            0,
            0,
            1,
            0,
            1,
            1,
            1,
            0,
            1,
            1,
            1,
            2,
            1,
            1,
            1,
            1,
            1,
            0,
            1,
            1,
            0,
            1,
            1,
            1,
            1,
            1,
            1,
            0,
            1,
            1,
            1,
            1,
            1,
            1,
            2,
            2,
            1,
            2,
            1,
            2,
            1,
            1,
            1,
            1,
            1,
            1,
            0,
            2,
            1,
            1,
            1,
            0,
            1,
            1,
            1,
            1,
            1,
            1,
            1,
            0,
            1,
            1,
            1,
            1,
            0,
            1,
            1,
            1,
            2,
            1,
            1,
            1,
            2,
            2,
            0,
            1,
            0,
            1,
            1,
            1,
            0,
            0,
            1,
            1,
            1,
            1,
            1,
            1,
            2,
            2,
            2,
            1,
            1,
            1,
            1,
            1,
            0,
            0,
            1,
            0,
            1,
            1,
            1,
            0,
            2,
            0,
            2,
            0,
            0,
            0,
            1,
            1,
            2,
            1,
            1,
            2,
            0,
            1,
            0,
            1,
            0,
            0,
            1,
            0,
            0,
            0,
            2,
            0,
            1,
            1,
            1,
            1,
            0,
            1,
            1,
            0,
            0,
            0,
            0,
            1,
            1
        ],