{
    "mean": {
        "acc": 0.6504559270516718,
        "alpha": 0.4210953083696869,
        "alpha_ordinal": 0.42216569174174234,
        "auc_roc": 0.6970668478205607,
        "cr": {
            "0": {
                "f1-score": 0.5660377358490566,
                "precision": 0.7142857142857143,
                "recall": 0.46875,
                "support": 96
            },
            "1": {
                "f1-score": 0.736,
                "precision": 0.6188340807174888,
                "recall": 0.9078947368421053,
                "support": 152
            },
            "2": {
                "f1-score": 0.5,
                "precision": 0.7209302325581395,
                "recall": 0.38271604938271603,
                "support": 81
            },
            "accuracy": 0.6504559270516718,
            "macro avg": {
                "f1-score": 0.6006792452830189,
                "precision": 0.6846833425204476,
                "recall": 0.5864535954082738,
                "support": 329
            },
            "weighted avg": {
                "f1-score": 0.6283028043814877,
                "precision": 0.6718223637619943,
                "recall": 0.6504559270516718,
                "support": 329
            }
        },
        "f1": 0.6283028043814877,
        "kappa": 0.41625266146202977,
        "mae": 0.3981762917933131,
        "mcc": 0.4462628373316557,
        "mse": 0.49544072948328266,
        "p": 0.6718223637619943,
        "p_tau": 2.0023092501307005e-16,
        "r": 0.6504559270516718,
        "r2": -0.555578116841678,
        "spearman": 0.4354030131071046,
        "tau": 0.41458659531044956,
        "y_predict": [
            1,
            1,
            1,
            1,
            2,
            1,
            1,
            1,
            1,
            0,
            2,
            2,
            2,
            2,
            1,
            1,
            1,
            2,
            1,
            2,
            2,
            1,
            0,
            1,
            2,
            2,
            0,
            1,
            0,
            0,
            0,
            1,
            1,
            1,
            2,
            1,
            1,
            1,
            1,
            1,
            1,
            1,
            1,
            1,
            1,
            0,
            1,
            1,
            1,
            1,
            1,
            1,
            1,
            1,
            1,
            1,
            1,
            1,
            2,
            1,
            1,
            1,
            1,
            1,
            1,
            1,
            1,
            1,
            1,
            1,
            1,
            1,
            1,
            1,
            1,
            1,
            1,
            1,
            1,
            1,
            1,
            1,
            2,
            0,
            0,
            1,
            1,
            0,
            1,
            2,
            1,
            2,
            0,
            1,
            1,
            0,
            0,
            0,
            0,
            1,
            1,
            1,
            0,
            1,
            1,
            0,
            1,
            1,
            1,
            1,
            1,
            1,
            1,
            1,
            1,
            1,
            1,
            1,
            1,
            1,
            1,
            1,
            1,
            1,
            0,
            1,
            0,
            1,
            1,
            1,
            1,
            1,
            1,
            1,
            1,
            2,
            2,
            1,
            1,
            1,
            1,
            1,
            0,
            0,
            2,
            2,
            1,
            2,
            1,
            1,
            1,
            1,
            2,
            2,
            2,
            1,
            2,
            1,
            2,
            1,
            1,
            1,
            2,
            1,
            0,
            2,
            1,
            1,
            1,
            1,
            1,
            1,
            1,
            1,
            1,
            1,
            1,
            0,
            0,
            1,
            0,
            0,
            1,
            1,
            2,
            1,
            0,
            2,
            0,
            0,
            1,
            0,
            1,
            1,
            1,
            0,
            1,
            1,
            1,
            1,
            1,
            1,
            1,
            1,
            1,
            0,
            1,
            1,
            0,
            1,
            1,
            1,
            1,
            1,
            1,
            0,
            1,
            1,
            1,
            1,
            1,
            1,
            2,
            2,
            1,
            2,
            1,
            2,
            1,
            1,
            1,
            1,
            1,
            1,
            0,
            2,
            1,
            1,
            1,
            0,
            1,
            1,
            1,
            1,
            1,
            1,
            1,
            0,
            1,
            1,
            1,
            1,
            0,
            1,
            1,
            1,
            2,
            1,
            1,
            1,
            2,
            2,
            0,
            1,
            0,
            1,
            1,
            1,
            0,
            0,
            1,
            1,
            1,
            1,
            1,
            1,
            2,
            1,
            2,
            1,
            1,
            1,
            1,
            1,
            0,
            0,
            1,
            0,
            1,
            1,
            1,
            0,
            2,
            0,
            2,
            0,
            0,
            0,
            1,
            1,
            2,
            1,
            1,
            2,
            0,
            1,
            0,
            1,
            0,
            0,
            1,
            0,
            0,
            0,
            1,
            0,
            1,
            1,
            1,
            1,
            0,
            1,
            1,
            0,
            0,
            0,
            0,
            1,
            1
        ],