{
    "mean": {
        "acc": 0.5957446808510638,
        "alpha": 0.36721886532300585,
        "alpha_ordinal": 0.366433087908007,
        "auc_roc": 0.660706666400724,
        "cr": {
            "0": {
                "f1-score": 0.5058823529411766,
                "precision": 0.581081081081081,
                "recall": 0.4479166666666667,
                "support": 96
            },
            "1": {
                "f1-score": 0.6797752808988764,
                "precision": 0.5931372549019608,
                "recall": 0.7960526315789473,
                "support": 152
            },
            "2": {
                "f1-score": 0.48484848484848486,
                "precision": 0.6274509803921569,
                "recall": 0.3950617283950617,
                "support": 81
            },
            "accuracy": 0.5957446808510638,
            "macro avg": {
                "f1-score": 0.5568353728961792,
                "precision": 0.6005564387917329,
                "recall": 0.5463436755468919,
                "support": 329
            },
            "weighted avg": {
                "f1-score": 0.5810433916465333,
                "precision": 0.5980674040749134,
                "recall": 0.5957446808510638,
                "support": 329
            }
        },
        "f1": 0.5810433916465333,
        "kappa": 0.3369950604563774,
        "mae": 0.46200607902735563,
        "mcc": 0.3490147133240625,
        "mse": 0.5775075987841946,
        "p": 0.5980674040749134,
        "p_tau": 3.5983025472819907e-12,
        "r": 0.5957446808510638,
        "r2": -0.539806877524879,
        "spearman": 0.37121061158563406,
        "tau": 0.34862240327356553,
        "y_predict": [
            1,
            1,
            1,
            1,
            2,
            1,
            1,
            1,
            1,
            0,
            1,
            2,
            2,
            2,
            1,
            1,
            1,
            2,
            1,
            2,
            1,
            1,
            1,
            1,
            2,
            2,
            0,
            1,
            0,
            0,
            0,
            2,
            0,
            2,
            2,
            1,
            1,
            1,
            2,
            1,
            1,
            1,
            1,
            0,
            1,
            1,
            1,
            1,
            1,
            1,
            1,
            1,
            1,
            0,
            1,
            1,
            1,
            1,
            1,
            0,
            1,
            2,
            1,
            1,
            2,
            1,
            1,
            1,
            1,
            1,
            1,
            1,
            1,
            1,
            1,
            1,
            1,
            1,
            1,
            1,
            1,
            1,
            2,
            1,
            0,
            1,
            0,
            1,
            1,
            2,
            0,
            2,
            0,
            1,
            1,
            0,
            0,
            1,
            0,
            1,
            0,
            1,
            0,
            1,
            1,
            1,
            1,
            1,
            1,
            1,
            2,
            1,
            1,
            1,
            1,
            1,
            1,
            0,
            1,
            1,
            1,
            0,
            1,
            2,
            0,
            0,
            0,
            1,
            1,
            1,
            0,
            1,
            1,
            1,
            1,
            2,
            2,
            0,
            1,
            1,
            1,
            1,
            0,
            0,
            2,
            2,
            1,
            0,
            1,
            1,
            1,
            1,
            1,
            1,
            2,
            0,
            1,
            2,
            2,
            2,
            2,
            2,
            2,
            1,
            0,
            2,
            1,
            1,
            1,
            0,
            1,
            1,
            1,
            1,
            1,
            1,
            1,
            0,
            0,
            1,
            0,
            1,
            1,
            1,
            2,
            1,
            0,
            2,
            0,
            0,
            0,
            1,
            1,
            1,
            1,
            1,
            1,
            1,
            1,
            2,
            1,
            1,
            1,
            1,
            0,
            0,
            1,
            1,
            1,
            2,
            1,
            0,
            1,
            2,
            1,
            0,
            1,
            1,
            1,
            1,
            1,
            2,
            2,
            1,
            1,
            2,
            1,
            2,
            1,
            1,
            1,
            0,
            1,
            1,
            0,
            2,
            1,
            1,
            1,
            0,
            1,
            1,
            1,
            1,
            1,
            1,
            1,
            0,
            1,
            1,
            1,
            1,
            0,
            1,
            1,
            1,
            2,
            1,
            1,
            1,
            2,
            2,
            0,
            1,
            0,
            1,
            1,
            1,
            0,
            0,
            1,
            1,
            2,
            1,
            1,
            1,
            2,
            2,
            1,
            1,
            1,
            1,
            1,
            1,
            0,
            0,
            1,
            0,
            1,
            1,
            0,
            0,
            2,
            0,
            2,
            0,
            0,
            0,
            1,
            1,
            2,
            0,
            1,
            2,
            1,
            1,
            0,
            1,
            0,
            0,
            1,
            0,
            0,
            0,
            1,
            0,
            1,
            1,
            1,
            1,
            0,
            1,
            1,
            0,
            0,
            0,
            0,
            1,
            0
        ],