{
    "mean": {
        "acc": 0.5531914893617021,
        "alpha": 0.2747454924567643,
        "alpha_ordinal": 0.2768945487718585,
        "auc_roc": 0.6333794919869126,
        "cr": {
            "0": {
                "f1-score": 0.49740932642487046,
                "precision": 0.4948453608247423,
                "recall": 0.5,
                "support": 96
            },
            "1": {
                "f1-score": 0.6451612903225806,
                "precision": 0.582010582010582,
                "recall": 0.7236842105263158,
                "support": 152
            },
            "2": {
                "f1-score": 0.3870967741935484,
                "precision": 0.5581395348837209,
                "recall": 0.2962962962962963,
                "support": 81
            },
            "accuracy": 0.5531914893617021,
            "macro avg": {
                "f1-score": 0.5098891303136664,
                "precision": 0.544998492573015,
                "recall": 0.5066601689408707,
                "support": 329
            },
            "weighted avg": {
                "f1-score": 0.5385126145151892,
                "precision": 0.5506992870223864,
                "recall": 0.5531914893617021,
                "support": 329
            }
        },
        "f1": 0.5385126145151892,
        "kappa": 0.2751131628645942,
        "mae": 0.5258358662613982,
        "mcc": 0.2815815927220906,
        "mse": 0.6838905775075987,
        "p": 0.5506992870223864,
        "p_tau": 1.1440278856762908e-07,
        "r": 0.5531914893617021,
        "r2": -0.7157658075282776,
        "spearman": 0.28476032899883225,
        "tau": 0.2661333408086531,
        "y_predict": [
            0,
            1,
            1,
            0,
            0,
            1,
            1,
            1,
            1,
            0,
            0,
            2,
            2,
            2,
            2,
            0,
            1,
            2,
            1,
            2,
            1,
            1,
            0,
            1,
            1,
            1,
            0,
            1,
            0,
            0,
            0,
            1,
            1,
            1,
            2,
            1,
            1,
            2,
            1,
            1,
            1,
            1,
            1,
            0,
            1,
            0,
            1,
            1,
            1,
            1,
            0,
            1,
            1,
            1,
            1,
            0,
            0,
            1,
            2,
            1,
            1,
            1,
            0,
            1,
            1,
            1,
            1,
            1,
            1,
            0,
            1,
            0,
            1,
            1,
            1,
            0,
            0,
            1,
            1,
            1,
            1,
            1,
            2,
            0,
            1,
            0,
            0,
            0,
            1,
            2,
            0,
            2,
            0,
            0,
            1,
            0,
            1,
            1,
            0,
            0,
            1,
            1,
            0,
            1,
            0,
            0,
            0,
            0,
            1,
            0,
            1,
            1,
            1,
            1,
            1,
            0,
            1,
            0,
            1,
            1,
            1,
            1,
            1,
            2,
            0,
            1,
            1,
            1,
            1,
            1,
            1,
            1,
            1,
            1,
            1,
            0,
            2,
            1,
            1,
            1,
            1,
            1,
            0,
            0,
            0,
            2,
            2,
            1,
            0,
            1,
            1,
            1,
            0,
            2,
            1,
            1,
            2,
            1,
            0,
            1,
            0,
            2,
            2,
            1,
            0,
            1,
            2,
            0,
            1,
            0,
            2,
            1,
            1,
            1,
            1,
            1,
            1,
            0,
            0,
            1,
            0,
            0,
            0,
            0,
            1,
            1,
            0,
            2,
            0,
            0,
            0,
            0,
            1,
            1,
            1,
            0,
            1,
            1,
            1,
            0,
            1,
            1,
            1,
            1,
            1,
            0,
            1,
            1,
            1,
            1,
            1,
            1,
            1,
            1,
            1,
            1,
            0,
            0,
            1,
            1,
            1,
            1,
            2,
            1,
            1,
            2,
            2,
            2,
            0,
            1,
            2,
            1,
            0,
            2,
            0,
            1,
            1,
            0,
            2,
            1,
            1,
            1,
            1,
            1,
            1,
            1,
            0,
            0,
            1,
            1,
            1,
            1,
            0,
            2,
            2,
            1,
            2,
            1,
            1,
            1,
            2,
            2,
            0,
            2,
            0,
            1,
            1,
            1,
            0,
            1,
            1,
            1,
            1,
            1,
            1,
            1,
            2,
            2,
            1,
            1,
            1,
            1,
            1,
            1,
            0,
            1,
            1,
            0,
            1,
            1,
            0,
            0,
            2,
            0,
            2,
            0,
            0,
            0,
            1,
            1,
            2,
            0,
            1,
            2,
            1,
            1,
            0,
            1,
            1,
            0,
            1,
            0,
            0,
            0,
            1,
            0,
            1,
            1,
            2,
            1,
            0,
            1,
            1,
            0,
            0,
            0,
            1,
            0,
            1
        ],