{
    "mean": {
        "acc": 0.5775075987841946,
        "alpha": 0.3447930298062376,
        "alpha_ordinal": 0.3432104038417043,
        "auc_roc": 0.6519047459817235,
        "cr": {
            "0": {
                "f1-score": 0.5053763440860215,
                "precision": 0.5222222222222223,
                "recall": 0.4895833333333333,
                "support": 96
            },
            "1": {
                "f1-score": 0.656891495601173,
                "precision": 0.5925925925925926,
                "recall": 0.7368421052631579,
                "support": 152
            },
            "2": {
                "f1-score": 0.47328244274809156,
                "precision": 0.62,
                "recall": 0.38271604938271603,
                "support": 81
            },
            "accuracy": 0.5775075987841946,
            "macro avg": {
                "f1-score": 0.5451834274784286,
                "precision": 0.5782716049382716,
                "recall": 0.536380495993069,
                "support": 329
            },
            "weighted avg": {
                "f1-score": 0.5674757271314036,
                "precision": 0.5788067094450073,
                "recall": 0.5775075987841946,
                "support": 329
            }
        },
        "f1": 0.5674757271314036,
        "kappa": 0.3156398246112866,
        "mae": 0.48936170212765956,
        "mcc": 0.32184572627068747,
        "mse": 0.6231003039513677,
        "p": 0.5788067094450073,
        "p_tau": 6.187668132423516e-11,
        "r": 0.5775075987841946,
        "r2": -0.5169815564552405,
        "spearman": 0.34937287623557356,
        "tau": 0.32727797918896756,
        "y_predict": [
            2,
            1,
            2,
            0,
            2,
            1,
            1,
            2,
            1,
            0,
            2,
            2,
            2,
            2,
            2,
            0,
            1,
            1,
            1,
            2,
            0,
            1,
            0,
            1,
            2,
            2,
            0,
            0,
            0,
            0,
            0,
            1,
            1,
            1,
            2,
            1,
            0,
            1,
            2,
            1,
            0,
            1,
            1,
            0,
            1,
            0,
            1,
            0,
            1,
            1,
            1,
            1,
            1,
            0,
            0,
            1,
            0,
            1,
            2,
            0,
            1,
            1,
            1,
            1,
            1,
            0,
            0,
            1,
            0,
            2,
            1,
            1,
            1,
            0,
            1,
            1,
            1,
            1,
            1,
            1,
            1,
            1,
            1,
            0,
            0,
            0,
            1,
            1,
            1,
            2,
            1,
            2,
            0,
            1,
            1,
            1,
            0,
            0,
            0,
            1,
            1,
            1,
            0,
            0,
            1,
            1,
            1,
            1,
            0,
            2,
            2,
            1,
            0,
            0,
            1,
            1,
            1,
            0,
            0,
            1,
            0,
            1,
            1,
            2,
            0,
            1,
            2,
            1,
            1,
            1,
            1,
            1,
            1,
            1,
            1,
            1,
            0,
            1,
            1,
            1,
            1,
            0,
            0,
            1,
            1,
            2,
            2,
            2,
            0,
            1,
            1,
            1,
            2,
            1,
            2,
            1,
            2,
            1,
            1,
            1,
            1,
            1,
            2,
            1,
            0,
            2,
            1,
            2,
            1,
            1,
            1,
            1,
            1,
            1,
            1,
            1,
            1,
            0,
            0,
            1,
            0,
            2,
            1,
            0,
            1,
            1,
            0,
            2,
            0,
            0,
            0,
            0,
            1,
            1,
            1,
            0,
            1,
            1,
            1,
            1,
            1,
            1,
            1,
            1,
            0,
            2,
            0,
            1,
            1,
            1,
            1,
            1,
            0,
            1,
            0,
            0,
            2,
            1,
            0,
            1,
            1,
            1,
            0,
            2,
            1,
            2,
            1,
            2,
            1,
            1,
            1,
            1,
            1,
            0,
            0,
            1,
            1,
            0,
            1,
            1,
            1,
            1,
            1,
            1,
            0,
            1,
            0,
            0,
            1,
            1,
            1,
            1,
            0,
            1,
            1,
            1,
            1,
            1,
            1,
            1,
            2,
            2,
            1,
            1,
            1,
            0,
            2,
            1,
            1,
            0,
            1,
            1,
            1,
            1,
            1,
            1,
            0,
            2,
            2,
            1,
            1,
            1,
            1,
            0,
            0,
            1,
            1,
            0,
            1,
            0,
            0,
            0,
            2,
            1,
            2,
            0,
            0,
            0,
            1,
            2,
            2,
            1,
            1,
            0,
            1,
            1,
            0,
            1,
            1,
            0,
            1,
            0,
            1,
            1,
            2,
            0,
            1,
            0,
            0,
            1,
            0,
            1,
            2,
            0,
            0,
            1,
            1,
            2,
            1
        ],