{
    "mean": {
        "acc": 0.5896656534954408,
        "alpha": 0.3178063509611162,
        "alpha_ordinal": 0.3181141754009217,
        "auc_roc": 0.6549271551720767,
        "cr": {
            "0": {
                "f1-score": 0.4941176470588235,
                "precision": 0.5675675675675675,
                "recall": 0.4375,
                "support": 96
            },
            "1": {
                "f1-score": 0.6869806094182825,
                "precision": 0.5933014354066986,
                "recall": 0.8157894736842105,
                "support": 152
            },
            "2": {
                "f1-score": 0.4409448818897638,
                "precision": 0.6086956521739131,
                "recall": 0.345679012345679,
                "support": 81
            },
            "accuracy": 0.5896656534954408,
            "macro avg": {
                "f1-score": 0.5406810461222898,
                "precision": 0.5898548850493931,
                "recall": 0.5329894953432965,
                "support": 329
            },
            "weighted avg": {
                "f1-score": 0.5701303409796258,
                "precision": 0.58958253037809,
                "recall": 0.5896656534954408,
                "support": 329
            }
        },
        "f1": 0.5701303409796258,
        "kappa": 0.3233855856679312,
        "mae": 0.47720364741641336,
        "mcc": 0.33770621271736384,
        "mse": 0.6109422492401215,
        "p": 0.58958253037809,
        "p_tau": 1.3712690210039445e-09,
        "r": 0.5896656534954408,
        "r2": -0.7089363241678721,
        "spearman": 0.3234557197759758,
        "tau": 0.3044892081877871,
        "y_predict": [
            2,
            1,
            1,
            1,
            2,
            1,
            1,
            1,
            1,
            0,
            1,
            1,
            1,
            2,
            0,
            0,
            1,
            2,
            1,
            1,
            1,
            1,
            1,
            2,
            2,
            1,
            1,
            1,
            0,
            0,
            0,
            2,
            0,
            2,
            2,
            1,
            1,
            1,
            1,
            1,
            1,
            1,
            1,
            0,
            1,
            1,
            1,
            1,
            1,
            1,
            1,
            1,
            1,
            0,
            1,
            1,
            1,
            1,
            2,
            0,
            1,
            1,
            1,
            1,
            2,
            1,
            1,
            1,
            1,
            1,
            0,
            1,
            1,
            2,
            1,
            1,
            1,
            1,
            1,
            1,
            1,
            1,
            2,
            0,
            0,
            1,
            0,
            1,
            1,
            2,
            0,
            2,
            0,
            1,
            1,
            1,
            0,
            0,
            0,
            0,
            1,
            1,
            0,
            1,
            1,
            1,
            1,
            1,
            1,
            1,
            2,
            1,
            1,
            1,
            1,
            1,
            1,
            0,
            1,
            1,
            1,
            0,
            1,
            1,
            0,
            1,
            0,
            1,
            1,
            2,
            1,
            1,
            1,
            1,
            1,
            1,
            2,
            0,
            1,
            1,
            1,
            1,
            0,
            0,
            0,
            2,
            1,
            0,
            0,
            1,
            1,
            1,
            0,
            2,
            2,
            1,
            1,
            1,
            2,
            2,
            2,
            2,
            2,
            1,
            0,
            2,
            1,
            1,
            1,
            0,
            1,
            1,
            1,
            1,
            1,
            1,
            0,
            0,
            0,
            1,
            0,
            1,
            1,
            1,
            1,
            1,
            0,
            2,
            1,
            1,
            0,
            1,
            1,
            1,
            1,
            1,
            1,
            1,
            1,
            2,
            1,
            1,
            1,
            1,
            0,
            0,
            1,
            1,
            1,
            2,
            1,
            1,
            1,
            1,
            1,
            1,
            1,
            1,
            1,
            1,
            1,
            2,
            2,
            1,
            1,
            2,
            2,
            2,
            1,
            1,
            1,
            0,
            1,
            1,
            0,
            2,
            1,
            1,
            1,
            0,
            1,
            1,
            1,
            1,
            1,
            1,
            1,
            0,
            1,
            1,
            1,
            1,
            0,
            1,
            1,
            1,
            2,
            1,
            1,
            1,
            2,
            2,
            0,
            1,
            0,
            1,
            1,
            1,
            0,
            0,
            1,
            1,
            1,
            1,
            1,
            1,
            2,
            2,
            1,
            1,
            1,
            1,
            1,
            1,
            0,
            0,
            1,
            0,
            1,
            1,
            1,
            0,
            2,
            0,
            1,
            0,
            0,
            0,
            1,
            2,
            2,
            0,
            1,
            2,
            1,
            1,
            0,
            1,
            0,
            0,
            1,
            0,
            0,
            0,
            2,
            0,
            1,
            0,
            1,
            1,
            0,
            1,
            1,
            0,
            0,
            0,
            0,
            1,
            0
        ],