{
    "mean": {
        "acc": 0.6534954407294833,
        "alpha": 0.428965384037599,
        "alpha_ordinal": 0.4282291794312001,
        "auc_roc": 0.7001512940066689,
        "cr": {
            "0": {
                "f1-score": 0.5359477124183007,
                "precision": 0.7192982456140351,
                "recall": 0.4270833333333333,
                "support": 96
            },
            "1": {
                "f1-score": 0.7379679144385027,
                "precision": 0.6216216216216216,
                "recall": 0.9078947368421053,
                "support": 152
            },
            "2": {
                "f1-score": 0.5496183206106869,
                "precision": 0.72,
                "recall": 0.4444444444444444,
                "support": 81
            },
            "accuracy": 0.6534954407294833,
            "macro avg": {
                "f1-score": 0.6078446491558301,
                "precision": 0.6869732890785523,
                "recall": 0.5931408382066277,
                "support": 329
            },
            "weighted avg": {
                "f1-score": 0.6326479858853342,
                "precision": 0.6743438239070938,
                "recall": 0.6534954407294833,
                "support": 329
            }
        },
        "f1": 0.6326479858853342,
        "kappa": 0.42276260100038465,
        "mae": 0.3951367781155015,
        "mcc": 0.4521680163497877,
        "mse": 0.49240121580547114,
        "p": 0.6743438239070938,
        "p_tau": 7.387556256319852e-17,
        "r": 0.6534954407294833,
        "r2": -0.5161290322580643,
        "spearman": 0.4410393428990908,
        "tau": 0.4199867038897842,
        "y_predict": [
            2,
            1,
            2,
            1,
            2,
            1,
            1,
            2,
            1,
            0,
            2,
            2,
            2,
            2,
            2,
            0,
            1,
            2,
            1,
            2,
            2,
            1,
            0,
            1,
            2,
            2,
            0,
            1,
            0,
            0,
            0,
            2,
            1,
            1,
            2,
            1,
            1,
            1,
            1,
            1,
            1,
            1,
            1,
            0,
            1,
            0,
            1,
            1,
            1,
            1,
            1,
            1,
            1,
            1,
            1,
            1,
            1,
            1,
            2,
            1,
            1,
            1,
            1,
            1,
            1,
            1,
            1,
            1,
            1,
            1,
            1,
            1,
            1,
            1,
            1,
            1,
            1,
            1,
            1,
            1,
            1,
            1,
            2,
            0,
            0,
            0,
            1,
            0,
            1,
            2,
            1,
            2,
            0,
            1,
            1,
            0,
            0,
            1,
            0,
            1,
            1,
            1,
            0,
            1,
            1,
            0,
            1,
            1,
            1,
            1,
            2,
            1,
            1,
            1,
            1,
            1,
            1,
            1,
            1,
            1,
            1,
            1,
            1,
            1,
            0,
            1,
            2,
            1,
            1,
            1,
            1,
            1,
            1,
            1,
            1,
            2,
            1,
            1,
            1,
            1,
            1,
            1,
            0,
            0,
            2,
            2,
            1,
            2,
            1,
            1,
            1,
            1,
            2,
            2,
            2,
            1,
            2,
            1,
            2,
            2,
            1,
            1,
            2,
            1,
            0,
            1,
            1,
            1,
            1,
            1,
            1,
            1,
            1,
            1,
            1,
            1,
            1,
            0,
            0,
            1,
            0,
            0,
            1,
            1,
            2,
            1,
            0,
            2,
            0,
            0,
            2,
            0,
            1,
            1,
            1,
            0,
            1,
            1,
            1,
            1,
            1,
            1,
            1,
            1,
            1,
            1,
            1,
            1,
            0,
            1,
            1,
            1,
            1,
            1,
            1,
            1,
            1,
            1,
            1,
            1,
            1,
            1,
            2,
            2,
            1,
            2,
            1,
            2,
            1,
            1,
            1,
            1,
            1,
            1,
            0,
            2,
            1,
            1,
            1,
            0,
            1,
            1,
            1,
            1,
            1,
            1,
            1,
            0,
            1,
            1,
            1,
            1,
            0,
            1,
            1,
            1,
            1,
            1,
            1,
            1,
            2,
            2,
            1,
            1,
            1,
            0,
            2,
            1,
            0,
            1,
            1,
            1,
            1,
            1,
            1,
            1,
            2,
            2,
            2,
            1,
            1,
            1,
            1,
            1,
            0,
            0,
            1,
            0,
            1,
            1,
            0,
            0,
            2,
            0,
            2,
            0,
            0,
            0,
            1,
            1,
            2,
            1,
            1,
            1,
            0,
            1,
            0,
            1,
            1,
            0,
            1,
            0,
            0,
            1,
            1,
            0,
            1,
            1,
            1,
            1,
            0,
            1,
            1,
            0,
            0,
            1,
            1,
            1,
            1
        ],