{
    "mean": {
        "acc": 0.6717325227963525,
        "alpha": 0.44077922495061594,
        "alpha_ordinal": 0.44106667025188084,
        "auc_roc": 0.7156127808139567,
        "cr": {
            "0": {
                "f1-score": 0.5769230769230769,
                "precision": 0.75,
                "recall": 0.46875,
                "support": 96
            },
            "1": {
                "f1-score": 0.7560321715817694,
                "precision": 0.6380090497737556,
                "recall": 0.9276315789473685,
                "support": 152
            },
            "2": {
                "f1-score": 0.5426356589147286,
                "precision": 0.7291666666666666,
                "recall": 0.43209876543209874,
                "support": 81
            },
            "accuracy": 0.6717325227963525,
            "macro avg": {
                "f1-score": 0.6251969691398583,
                "precision": 0.705725238813474,
                "recall": 0.6094934481264891,
                "support": 329
            },
            "weighted avg": {
                "f1-score": 0.6512309843074084,
                "precision": 0.6931303208681181,
                "recall": 0.6717325227963525,
                "support": 329
            }
        },
        "f1": 0.6512309843074084,
        "kappa": 0.4533622559652928,
        "mae": 0.3799392097264438,
        "mcc": 0.48378255233616513,
        "mse": 0.48328267477203646,
        "p": 0.6931303208681181,
        "p_tau": 7.233902231192275e-18,
        "r": 0.6717325227963525,
        "r2": -0.47821295354357374,
        "spearman": 0.4537567927747189,
        "tau": 0.43359682284104634,
        "y_predict": [
            1,
            1,
            2,
            1,
            2,
            1,
            2,
            1,
            1,
            0,
            2,
            2,
            2,
            2,
            2,
            0,
            1,
            2,
            1,
            2,
            2,
            1,
            0,
            2,
            1,
            1,
            0,
            1,
            0,
            0,
            0,
            1,
            1,
            1,
            2,
            1,
            1,
            1,
            1,
            1,
            1,
            1,
            1,
            1,
            1,
            0,
            1,
            1,
            1,
            1,
            1,
            1,
            1,
            1,
            1,
            1,
            1,
            1,
            2,
            1,
            1,
            1,
            1,
            1,
            1,
            1,
            1,
            1,
            1,
            1,
            1,
            1,
            1,
            1,
            1,
            1,
            1,
            1,
            1,
            1,
            1,
            1,
            2,
            1,
            0,
            0,
            1,
            0,
            1,
            2,
            1,
            2,
            0,
            1,
            1,
            0,
            0,
            1,
            0,
            1,
            1,
            1,
            0,
            1,
            1,
            0,
            1,
            1,
            1,
            1,
            1,
            1,
            1,
            1,
            1,
            1,
            1,
            1,
            1,
            1,
            1,
            1,
            1,
            2,
            0,
            1,
            1,
            1,
            1,
            1,
            1,
            1,
            1,
            1,
            2,
            0,
            2,
            1,
            1,
            1,
            1,
            1,
            0,
            0,
            2,
            2,
            1,
            2,
            1,
            1,
            1,
            1,
            2,
            2,
            2,
            1,
            2,
            1,
            2,
            2,
            1,
            2,
            2,
            1,
            0,
            1,
            1,
            1,
            1,
            1,
            1,
            1,
            1,
            1,
            1,
            1,
            1,
            0,
            0,
            1,
            0,
            0,
            1,
            1,
            1,
            1,
            0,
            2,
            0,
            0,
            2,
            0,
            1,
            1,
            1,
            0,
            1,
            1,
            1,
            1,
            1,
            1,
            1,
            1,
            1,
            0,
            1,
            1,
            1,
            1,
            1,
            1,
            1,
            1,
            1,
            1,
            1,
            1,
            1,
            1,
            1,
            2,
            2,
            2,
            1,
            2,
            2,
            2,
            1,
            1,
            1,
            1,
            1,
            1,
            0,
            2,
            1,
            1,
            1,
            1,
            1,
            1,
            1,
            1,
            1,
            1,
            1,
            0,
            1,
            1,
            1,
            1,
            0,
            1,
            1,
            1,
            1,
            1,
            1,
            1,
            2,
            2,
            0,
            1,
            0,
            1,
            1,
            1,
            0,
            1,
            1,
            1,
            1,
            1,
            1,
            1,
            2,
            2,
            2,
            1,
            1,
            1,
            1,
            1,
            0,
            0,
            1,
            0,
            1,
            1,
            0,
            0,
            2,
            0,
            2,
            0,
            0,
            0,
            1,
            1,
            2,
            1,
            1,
            1,
            0,
            1,
            0,
            1,
            0,
            0,
            1,
            0,
            0,
            0,
            1,
            0,
            1,
            1,
            1,
            1,
            0,
            0,
            1,
            0,
            0,
            0,
            1,
            1,
            1
        ],