{
    "mean": {
        "acc": 0.6443768996960486,
        "alpha": 0.4316140726703468,
        "alpha_ordinal": 0.4286646695843277,
        "auc_roc": 0.6971082058177307,
        "cr": {
            "0": {
                "f1-score": 0.5,
                "precision": 0.625,
                "recall": 0.4166666666666667,
                "support": 96
            },
            "1": {
                "f1-score": 0.7237569060773479,
                "precision": 0.6238095238095238,
                "recall": 0.8618421052631579,
                "support": 152
            },
            "2": {
                "f1-score": 0.6029411764705882,
                "precision": 0.7454545454545455,
                "recall": 0.5061728395061729,
                "support": 81
            },
            "accuracy": 0.6443768996960486,
            "macro avg": {
                "f1-score": 0.608899360849312,
                "precision": 0.6647546897546898,
                "recall": 0.5948938704786658,
                "support": 329
            },
            "weighted avg": {
                "f1-score": 0.6287212310573694,
                "precision": 0.6541059750786195,
                "recall": 0.6443768996960486,
                "support": 329
            }
        },
        "f1": 0.6287212310573694,
        "kappa": 0.4143057119381639,
        "mae": 0.4072948328267477,
        "mcc": 0.43297572012405316,
        "mse": 0.5106382978723404,
        "p": 0.6541059750786195,
        "p_tau": 1.6575321988711673e-16,
        "r": 0.6443768996960486,
        "r2": -0.41469157921679045,
        "spearman": 0.4366540434517563,
        "tau": 0.41368747786357807,
        "y_predict": [
            2,
            1,
            2,
            1,
            2,
            1,
            1,
            2,
            1,
            0,
            2,
            2,
            2,
            2,
            2,
            0,
            1,
            2,
            1,
            2,
            1,
            1,
            0,
            1,
            2,
            2,
            0,
            0,
            0,
            0,
            0,
            2,
            1,
            1,
            2,
            1,
            1,
            1,
            2,
            1,
            1,
            1,
            1,
            1,
            1,
            0,
            1,
            1,
            1,
            1,
            1,
            1,
            1,
            1,
            1,
            1,
            0,
            1,
            2,
            1,
            1,
            2,
            1,
            1,
            1,
            1,
            1,
            1,
            1,
            1,
            1,
            1,
            1,
            0,
            1,
            1,
            1,
            1,
            1,
            1,
            1,
            1,
            1,
            1,
            1,
            0,
            1,
            0,
            1,
            2,
            1,
            2,
            0,
            1,
            1,
            0,
            0,
            1,
            0,
            1,
            1,
            1,
            0,
            1,
            1,
            1,
            1,
            1,
            1,
            1,
            1,
            1,
            0,
            1,
            1,
            1,
            1,
            0,
            1,
            1,
            2,
            1,
            1,
            2,
            0,
            1,
            2,
            1,
            1,
            1,
            1,
            1,
            1,
            1,
            1,
            1,
            0,
            1,
            1,
            1,
            1,
            1,
            0,
            0,
            2,
            2,
            1,
            2,
            0,
            1,
            1,
            1,
            2,
            2,
            2,
            1,
            2,
            1,
            2,
            0,
            2,
            2,
            2,
            1,
            0,
            2,
            1,
            1,
            1,
            1,
            1,
            1,
            1,
            1,
            1,
            1,
            1,
            0,
            0,
            1,
            0,
            1,
            1,
            1,
            1,
            1,
            0,
            2,
            0,
            0,
            0,
            0,
            2,
            1,
            1,
            0,
            1,
            0,
            0,
            1,
            1,
            1,
            1,
            1,
            1,
            0,
            0,
            1,
            1,
            1,
            1,
            1,
            1,
            1,
            1,
            0,
            1,
            1,
            1,
            1,
            1,
            1,
            2,
            2,
            1,
            2,
            2,
            2,
            1,
            1,
            1,
            1,
            1,
            1,
            0,
            1,
            1,
            1,
            1,
            1,
            1,
            1,
            1,
            1,
            1,
            1,
            0,
            0,
            1,
            1,
            1,
            1,
            0,
            1,
            1,
            1,
            1,
            1,
            1,
            1,
            2,
            2,
            1,
            1,
            1,
            0,
            2,
            1,
            0,
            1,
            0,
            2,
            1,
            1,
            2,
            1,
            2,
            2,
            2,
            1,
            1,
            1,
            1,
            1,
            0,
            0,
            1,
            1,
            1,
            2,
            0,
            0,
            2,
            1,
            2,
            0,
            0,
            0,
            1,
            2,
            1,
            1,
            1,
            1,
            0,
            1,
            1,
            1,
            1,
            0,
            1,
            0,
            0,
            1,
            2,
            0,
            1,
            1,
            1,
            1,
            0,
            1,
            1,
            0,
            0,
            1,
            1,
            0,
            1
        ],