{
    "mean": {
        "acc": 0.6352583586626139,
        "alpha": 0.39354828261890495,
        "alpha_ordinal": 0.39389905542519377,
        "auc_roc": 0.6852389494951392,
        "cr": {
            "0": {
                "f1-score": 0.535031847133758,
                "precision": 0.6885245901639344,
                "recall": 0.4375,
                "support": 96
            },
            "1": {
                "f1-score": 0.7253333333333333,
                "precision": 0.6098654708520179,
                "recall": 0.8947368421052632,
                "support": 152
            },
            "2": {
                "f1-score": 0.49206349206349204,
                "precision": 0.6888888888888889,
                "recall": 0.38271604938271603,
                "support": 81
            },
            "accuracy": 0.6352583586626139,
            "macro avg": {
                "f1-score": 0.5841428908435278,
                "precision": 0.662426316634947,
                "recall": 0.5716509638293265,
                "support": 329
            },
            "weighted avg": {
                "f1-score": 0.6123734554670222,
                "precision": 0.652273289438433,
                "recall": 0.6352583586626139,
                "support": 329
            }
        },
        "f1": 0.6123734554670222,
        "kappa": 0.391154154586392,
        "mae": 0.41641337386018235,
        "mcc": 0.41926259275290845,
        "mse": 0.5197568389057751,
        "p": 0.652273289438433,
        "p_tau": 1.999544823953373e-14,
        "r": 0.6352583586626139,
        "r2": -0.6251372118551042,
        "spearman": 0.4058966377924053,
        "tau": 0.38560786010644404,
        "y_predict": [
            1,
            1,
            1,
            1,
            2,
            1,
            1,
            1,
            1,
            0,
            2,
            2,
            2,
            2,
            1,
            1,
            1,
            2,
            1,
            2,
            2,
            1,
            0,
            1,
            2,
            2,
            0,
            1,
            0,
            0,
            0,
            1,
            1,
            1,
            2,
            1,
            1,
            1,
            1,
            1,
            1,
            1,
            1,
            1,
            1,
            0,
            1,
            1,
            1,
            1,
            1,
            1,
            1,
            0,
            1,
            1,
            1,
            1,
            2,
            1,
            1,
            1,
            1,
            1,
            1,
            1,
            1,
            1,
            1,
            1,
            1,
            1,
            1,
            1,
            1,
            1,
            1,
            1,
            1,
            1,
            1,
            1,
            2,
            0,
            0,
            1,
            1,
            0,
            1,
            2,
            1,
            2,
            0,
            1,
            1,
            0,
            0,
            0,
            0,
            1,
            1,
            1,
            0,
            1,
            1,
            0,
            1,
            1,
            1,
            1,
            1,
            1,
            1,
            1,
            1,
            1,
            1,
            1,
            1,
            1,
            1,
            1,
            1,
            1,
            0,
            1,
            0,
            1,
            1,
            1,
            1,
            1,
            1,
            1,
            1,
            2,
            2,
            0,
            1,
            1,
            1,
            1,
            0,
            0,
            1,
            2,
            1,
            2,
            1,
            1,
            1,
            1,
            2,
            2,
            2,
            1,
            2,
            1,
            2,
            2,
            1,
            1,
            2,
            1,
            0,
            2,
            1,
            1,
            1,
            1,
            1,
            1,
            1,
            1,
            1,
            1,
            1,
            0,
            0,
            1,
            0,
            0,
            1,
            1,
            2,
            1,
            0,
            2,
            1,
            0,
            1,
            0,
            1,
            1,
            1,
            0,
            1,
            1,
            1,
            2,
            1,
            1,
            1,
            1,
            1,
            0,
            1,
            1,
            1,
            1,
            1,
            1,
            1,
            1,
            1,
            0,
            1,
            1,
            1,
            1,
            1,
            1,
            2,
            2,
            1,
            2,
            1,
            2,
            1,
            1,
            1,
            1,
            1,
            1,
            0,
            2,
            1,
            1,
            1,
            0,
            1,
            1,
            1,
            1,
            1,
            1,
            1,
            0,
            1,
            1,
            1,
            1,
            0,
            1,
            1,
            1,
            2,
            1,
            1,
            1,
            2,
            2,
            0,
            1,
            0,
            1,
            1,
            1,
            0,
            0,
            1,
            1,
            1,
            1,
            1,
            1,
            2,
            2,
            1,
            1,
            1,
            1,
            1,
            1,
            0,
            0,
            1,
            0,
            1,
            1,
            1,
            0,
            2,
            0,
            2,
            0,
            0,
            0,
            1,
            1,
            2,
            1,
            1,
            2,
            1,
            1,
            0,
            1,
            0,
            0,
            1,
            0,
            0,
            0,
            2,
            0,
            1,
            1,
            1,
            1,
            0,
            1,
            1,
            0,
            0,
            0,
            1,
            1,
            1
        ],