{
    "mean": {
        "acc": 0.668693009118541,
        "alpha": 0.46482497451085103,
        "alpha_ordinal": 0.4647731169112852,
        "auc_roc": 0.7111704626072864,
        "cr": {
            "0": {
                "f1-score": 0.5769230769230769,
                "precision": 0.75,
                "recall": 0.46875,
                "support": 96
            },
            "1": {
                "f1-score": 0.7466666666666667,
                "precision": 0.6278026905829597,
                "recall": 0.9210526315789473,
                "support": 152
            },
            "2": {
                "f1-score": 0.5511811023622047,
                "precision": 0.7608695652173914,
                "recall": 0.43209876543209874,
                "support": 81
            },
            "accuracy": 0.668693009118541,
            "macro avg": {
                "f1-score": 0.6249236153173161,
                "precision": 0.7128907519334504,
                "recall": 0.6073004656703487,
                "support": 329
            },
            "weighted avg": {
                "f1-score": 0.6490079574750374,
                "precision": 0.6962201937727008,
                "recall": 0.668693009118541,
                "support": 329
            }
        },
        "f1": 0.6490079574750374,
        "kappa": 0.4470929246519373,
        "mae": 0.3738601823708207,
        "mcc": 0.4791957892413313,
        "mse": 0.45896656534954405,
        "p": 0.6962201937727008,
        "p_tau": 1.1428308510824366e-19,
        "r": 0.668693009118541,
        "r2": -0.4325797335486474,
        "spearman": 0.4792160012508034,
        "tau": 0.4572834636832237,
        "y_predict": [
            1,
            1,
            1,
            1,
            2,
            1,
            1,
            1,
            1,
            0,
            2,
            2,
            2,
            2,
            2,
            1,
            1,
            2,
            1,
            2,
            2,
            1,
            0,
            1,
            2,
            2,
            0,
            1,
            0,
            0,
            0,
            1,
            1,
            1,
            2,
            1,
            1,
            1,
            1,
            1,
            1,
            1,
            1,
            1,
            1,
            0,
            1,
            1,
            1,
            1,
            1,
            1,
            1,
            1,
            1,
            1,
            1,
            2,
            2,
            1,
            1,
            1,
            1,
            1,
            1,
            1,
            1,
            1,
            1,
            1,
            1,
            1,
            1,
            1,
            1,
            1,
            1,
            1,
            1,
            1,
            1,
            1,
            2,
            0,
            0,
            0,
            1,
            0,
            1,
            2,
            1,
            2,
            0,
            1,
            1,
            0,
            0,
            0,
            0,
            1,
            1,
            1,
            0,
            1,
            1,
            0,
            1,
            1,
            1,
            1,
            1,
            1,
            1,
            1,
            1,
            1,
            1,
            1,
            1,
            1,
            1,
            1,
            1,
            1,
            0,
            1,
            1,
            1,
            1,
            1,
            1,
            1,
            1,
            1,
            1,
            2,
            2,
            1,
            1,
            1,
            1,
            1,
            0,
            0,
            2,
            2,
            1,
            2,
            1,
            1,
            1,
            1,
            2,
            2,
            2,
            1,
            2,
            1,
            2,
            2,
            1,
            1,
            2,
            1,
            0,
            2,
            1,
            1,
            1,
            1,
            1,
            1,
            1,
            1,
            1,
            1,
            1,
            0,
            0,
            1,
            0,
            0,
            1,
            1,
            2,
            1,
            0,
            2,
            0,
            0,
            1,
            0,
            1,
            1,
            1,
            0,
            1,
            1,
            1,
            1,
            1,
            1,
            1,
            1,
            1,
            0,
            1,
            1,
            1,
            1,
            1,
            1,
            1,
            1,
            1,
            0,
            1,
            1,
            1,
            1,
            1,
            1,
            2,
            2,
            1,
            2,
            1,
            2,
            1,
            1,
            1,
            1,
            1,
            1,
            0,
            2,
            1,
            1,
            1,
            0,
            1,
            1,
            1,
            1,
            1,
            1,
            1,
            0,
            1,
            1,
            1,
            1,
            0,
            1,
            1,
            1,
            2,
            1,
            1,
            1,
            2,
            2,
            0,
            1,
            0,
            1,
            1,
            1,
            0,
            1,
            1,
            1,
            1,
            1,
            1,
            1,
            2,
            2,
            2,
            1,
            1,
            1,
            1,
            1,
            0,
            0,
            1,
            0,
            1,
            1,
            1,
            0,
            2,
            0,
            2,
            0,
            0,
            0,
            1,
            1,
            2,
            1,
            1,
            1,
            0,
            1,
            1,
            1,
            0,
            0,
            1,
            0,
            0,
            0,
            1,
            0,
            1,
            1,
            1,
            1,
            0,
            1,
            1,
            0,
            0,
            0,
            0,
            1,
            1
        ],