{
    "mean": {
        "acc": 0.662613981762918,
        "alpha": 0.4324421239072679,
        "alpha_ordinal": 0.4329195547543787,
        "auc_roc": 0.7063294748179662,
        "cr": {
            "0": {
                "f1-score": 0.567741935483871,
                "precision": 0.7457627118644068,
                "recall": 0.4583333333333333,
                "support": 96
            },
            "1": {
                "f1-score": 0.7480106100795756,
                "precision": 0.6266666666666667,
                "recall": 0.9276315789473685,
                "support": 152
            },
            "2": {
                "f1-score": 0.5238095238095238,
                "precision": 0.7333333333333333,
                "recall": 0.4074074074074074,
                "support": 81
            },
            "accuracy": 0.662613981762918,
            "macro avg": {
                "f1-score": 0.6131873564576568,
                "precision": 0.7019209039548023,
                "recall": 0.5977907732293698,
                "support": 329
            },
            "weighted avg": {
                "f1-score": 0.6402109725444333,
                "precision": 0.6876794944447308,
                "recall": 0.662613981762918,
                "support": 329
            }
        },
        "f1": 0.6402109725444333,
        "kappa": 0.435843168757338,
        "mae": 0.3860182370820669,
        "mcc": 0.46928231716186863,
        "mse": 0.48328267477203646,
        "p": 0.6876794944447308,
        "p_tau": 2.4872373346773565e-17,
        "r": 0.662613981762918,
        "r2": -0.5376543209876541,
        "spearman": 0.44734685552798126,
        "tau": 0.4270164692226807,
        "y_predict": [
            1,
            1,
            2,
            1,
            2,
            1,
            1,
            1,
            1,
            0,
            2,
            2,
            2,
            2,
            2,
            0,
            1,
            2,
            1,
            2,
            2,
            1,
            0,
            1,
            2,
            1,
            0,
            1,
            0,
            0,
            0,
            1,
            1,
            1,
            2,
            1,
            1,
            1,
            1,
            1,
            1,
            1,
            1,
            1,
            1,
            0,
            1,
            1,
            1,
            1,
            1,
            1,
            1,
            1,
            1,
            1,
            1,
            1,
            2,
            1,
            1,
            1,
            1,
            1,
            1,
            1,
            1,
            1,
            1,
            1,
            1,
            1,
            1,
            1,
            1,
            1,
            1,
            1,
            1,
            1,
            1,
            1,
            2,
            0,
            0,
            0,
            1,
            1,
            1,
            2,
            1,
            2,
            0,
            1,
            1,
            0,
            0,
            0,
            0,
            1,
            1,
            1,
            0,
            1,
            1,
            0,
            1,
            1,
            1,
            1,
            1,
            1,
            1,
            1,
            1,
            1,
            1,
            1,
            1,
            1,
            1,
            1,
            1,
            2,
            0,
            1,
            1,
            1,
            1,
            1,
            1,
            1,
            1,
            1,
            1,
            1,
            1,
            1,
            1,
            1,
            1,
            1,
            0,
            0,
            2,
            2,
            1,
            2,
            0,
            1,
            1,
            1,
            2,
            2,
            2,
            1,
            2,
            1,
            2,
            2,
            1,
            2,
            2,
            1,
            0,
            1,
            1,
            1,
            1,
            1,
            1,
            1,
            1,
            1,
            1,
            1,
            1,
            0,
            0,
            1,
            0,
            0,
            1,
            1,
            2,
            1,
            0,
            2,
            0,
            0,
            2,
            0,
            1,
            1,
            1,
            0,
            1,
            1,
            1,
            1,
            1,
            1,
            1,
            1,
            1,
            0,
            1,
            1,
            1,
            1,
            1,
            1,
            1,
            1,
            1,
            1,
            1,
            1,
            1,
            1,
            1,
            1,
            2,
            2,
            1,
            2,
            2,
            2,
            1,
            1,
            1,
            1,
            1,
            1,
            0,
            2,
            1,
            1,
            1,
            1,
            1,
            1,
            1,
            1,
            1,
            1,
            1,
            0,
            1,
            1,
            1,
            1,
            0,
            1,
            1,
            1,
            1,
            1,
            1,
            1,
            2,
            2,
            0,
            1,
            0,
            1,
            1,
            1,
            0,
            1,
            1,
            1,
            1,
            1,
            1,
            1,
            2,
            2,
            2,
            1,
            1,
            1,
            1,
            1,
            0,
            0,
            1,
            0,
            1,
            1,
            1,
            0,
            2,
            0,
            2,
            0,
            0,
            0,
            1,
            1,
            2,
            1,
            1,
            1,
            0,
            1,
            0,
            1,
            0,
            0,
            1,
            0,
            0,
            0,
            1,
            0,
            1,
            1,
            1,
            1,
            0,
            1,
            1,
            0,
            0,
            0,
            1,
            1,
            1
        ],