{
    "mean": {
        "acc": 0.6565349544072948,
        "alpha": 0.43416405023547877,
        "alpha_ordinal": 0.434361359325365,
        "auc_roc": 0.7006797573038419,
        "cr": {
            "0": {
                "f1-score": 0.5584415584415585,
                "precision": 0.7413793103448276,
                "recall": 0.4479166666666667,
                "support": 96
            },
            "1": {
                "f1-score": 0.7407407407407406,
                "precision": 0.6194690265486725,
                "recall": 0.9210526315789473,
                "support": 152
            },
            "2": {
                "f1-score": 0.5238095238095238,
                "precision": 0.7333333333333333,
                "recall": 0.4074074074074074,
                "support": 81
            },
            "accuracy": 0.6565349544072948,
            "macro avg": {
                "f1-score": 0.6076639409972743,
                "precision": 0.6980605567422778,
                "recall": 0.5921255685510072,
                "support": 329
            },
            "weighted avg": {
                "f1-score": 0.6341384608861812,
                "precision": 0.6830750937036526,
                "recall": 0.6565349544072948,
                "support": 329
            }
        },
        "f1": 0.6341384608861812,
        "kappa": 0.42518090172552425,
        "mae": 0.3890577507598784,
        "mcc": 0.45887892366691235,
        "mse": 0.48024316109422494,
        "p": 0.6830750937036526,
        "p_tau": 2.0011579512716224e-17,
        "r": 0.6565349544072948,
        "r2": -0.5416691381457974,
        "spearman": 0.44936407355368757,
        "tau": 0.428391567997999,
        "y_predict": [
            1,
            1,
            1,
            1,
            2,
            1,
            1,
            1,
            1,
            0,
            2,
            2,
            2,
            2,
            1,
            1,
            1,
            2,
            1,
            2,
            2,
            1,
            0,
            1,
            2,
            2,
            0,
            1,
            0,
            0,
            0,
            1,
            1,
            1,
            2,
            1,
            1,
            1,
            1,
            1,
            1,
            1,
            1,
            1,
            1,
            0,
            1,
            1,
            1,
            1,
            1,
            1,
            1,
            1,
            1,
            1,
            1,
            1,
            2,
            1,
            1,
            1,
            1,
            1,
            1,
            1,
            1,
            1,
            1,
            1,
            1,
            1,
            1,
            1,
            1,
            1,
            1,
            1,
            1,
            1,
            1,
            1,
            2,
            0,
            0,
            1,
            1,
            0,
            1,
            2,
            1,
            2,
            0,
            1,
            1,
            0,
            0,
            0,
            0,
            1,
            1,
            1,
            0,
            1,
            1,
            0,
            1,
            1,
            1,
            1,
            1,
            1,
            1,
            1,
            1,
            1,
            1,
            1,
            1,
            1,
            1,
            1,
            1,
            1,
            0,
            1,
            1,
            1,
            1,
            1,
            1,
            1,
            1,
            1,
            1,
            2,
            2,
            1,
            1,
            1,
            1,
            1,
            0,
            0,
            2,
            2,
            1,
            2,
            1,
            1,
            1,
            1,
            2,
            2,
            2,
            1,
            2,
            1,
            2,
            2,
            1,
            1,
            2,
            1,
            0,
            2,
            1,
            1,
            1,
            1,
            1,
            1,
            1,
            1,
            1,
            1,
            1,
            0,
            0,
            1,
            0,
            0,
            1,
            1,
            2,
            1,
            0,
            2,
            0,
            0,
            1,
            0,
            1,
            1,
            1,
            0,
            1,
            1,
            1,
            1,
            1,
            1,
            1,
            1,
            1,
            0,
            1,
            1,
            1,
            1,
            1,
            1,
            1,
            1,
            1,
            0,
            1,
            1,
            1,
            1,
            1,
            1,
            2,
            2,
            1,
            2,
            1,
            2,
            1,
            1,
            1,
            1,
            1,
            1,
            0,
            2,
            1,
            1,
            1,
            0,
            1,
            1,
            1,
            1,
            1,
            1,
            1,
            0,
            1,
            1,
            1,
            1,
            0,
            1,
            1,
            1,
            2,
            1,
            1,
            1,
            2,
            2,
            0,
            1,
            0,
            1,
            1,
            1,
            0,
            1,
            1,
            1,
            1,
            1,
            1,
            1,
            2,
            2,
            2,
            1,
            1,
            1,
            1,
            1,
            0,
            0,
            1,
            0,
            1,
            1,
            1,
            0,
            2,
            0,
            2,
            0,
            0,
            0,
            1,
            1,
            2,
            1,
            1,
            2,
            0,
            1,
            1,
            1,
            0,
            0,
            1,
            0,
            0,
            0,
            1,
            1,
            1,
            1,
            1,
            1,
            0,
            1,
            1,
            0,
            0,
            0,
            0,
            1,
            1
        ],