{
    "mean": {
        "acc": 0.662613981762918,
        "alpha": 0.43238832714706255,
        "alpha_ordinal": 0.43244648941108754,
        "auc_roc": 0.7086258702778553,
        "cr": {
            "0": {
                "f1-score": 0.5641025641025641,
                "precision": 0.7333333333333333,
                "recall": 0.4583333333333333,
                "support": 96
            },
            "1": {
                "f1-score": 0.7473118279569891,
                "precision": 0.6318181818181818,
                "recall": 0.9144736842105263,
                "support": 152
            },
            "2": {
                "f1-score": 0.5384615384615384,
                "precision": 0.7142857142857143,
                "recall": 0.43209876543209874,
                "support": 81
            },
            "accuracy": 0.662613981762918,
            "macro avg": {
                "f1-score": 0.6166253101736973,
                "precision": 0.6931457431457432,
                "recall": 0.601635260991986,
                "support": 329
            },
            "weighted avg": {
                "f1-score": 0.6424335216373651,
                "precision": 0.6817431808313268,
                "recall": 0.662613981762918,
                "support": 329
            }
        },
        "f1": 0.6424335216373651,
        "kappa": 0.43879087779690196,
        "mae": 0.3890577507598784,
        "mcc": 0.4672450159328924,
        "mse": 0.49240121580547114,
        "p": 0.6817431808313268,
        "p_tau": 3.794557472941453e-17,
        "r": 0.662613981762918,
        "r2": -0.4912702853945159,
        "spearman": 0.4442618934230483,
        "tau": 0.4237655214022409,
        "y_predict": [
            2,
            1,
            2,
            1,
            2,
            1,
            1,
            1,
            1,
            0,
            2,
            2,
            2,
            2,
            2,
            0,
            1,
            2,
            1,
            2,
            2,
            1,
            0,
            2,
            2,
            1,
            0,
            1,
            0,
            0,
            0,
            1,
            1,
            1,
            2,
            1,
            1,
            1,
            2,
            1,
            1,
            1,
            1,
            0,
            1,
            0,
            1,
            1,
            1,
            1,
            1,
            1,
            1,
            1,
            1,
            1,
            1,
            1,
            2,
            1,
            1,
            1,
            1,
            1,
            1,
            1,
            1,
            1,
            1,
            1,
            1,
            1,
            1,
            1,
            1,
            1,
            1,
            1,
            1,
            1,
            1,
            1,
            2,
            0,
            0,
            0,
            1,
            1,
            1,
            2,
            1,
            2,
            0,
            1,
            1,
            0,
            0,
            1,
            0,
            1,
            1,
            1,
            0,
            1,
            1,
            0,
            1,
            1,
            1,
            1,
            1,
            1,
            1,
            1,
            1,
            1,
            1,
            1,
            1,
            1,
            1,
            1,
            1,
            2,
            0,
            1,
            2,
            1,
            1,
            1,
            1,
            1,
            1,
            1,
            1,
            1,
            2,
            1,
            1,
            1,
            1,
            1,
            0,
            0,
            2,
            2,
            1,
            2,
            1,
            1,
            1,
            1,
            2,
            2,
            2,
            1,
            2,
            1,
            2,
            2,
            1,
            2,
            1,
            1,
            0,
            1,
            1,
            1,
            1,
            1,
            1,
            1,
            1,
            1,
            1,
            1,
            1,
            0,
            0,
            1,
            0,
            0,
            1,
            1,
            2,
            1,
            0,
            2,
            0,
            0,
            2,
            0,
            1,
            1,
            1,
            0,
            1,
            1,
            1,
            1,
            1,
            1,
            1,
            1,
            1,
            0,
            1,
            1,
            1,
            1,
            1,
            1,
            1,
            1,
            1,
            1,
            1,
            1,
            1,
            1,
            1,
            1,
            2,
            2,
            1,
            2,
            2,
            2,
            1,
            1,
            1,
            1,
            1,
            1,
            0,
            2,
            1,
            1,
            1,
            0,
            1,
            1,
            1,
            1,
            1,
            1,
            1,
            0,
            1,
            1,
            1,
            1,
            0,
            1,
            1,
            1,
            1,
            1,
            1,
            1,
            2,
            2,
            0,
            1,
            0,
            1,
            1,
            1,
            0,
            1,
            1,
            1,
            1,
            1,
            1,
            1,
            2,
            2,
            2,
            1,
            1,
            1,
            1,
            1,
            0,
            0,
            1,
            0,
            1,
            1,
            0,
            0,
            2,
            0,
            2,
            0,
            0,
            0,
            1,
            1,
            2,
            1,
            1,
            1,
            0,
            1,
            0,
            1,
            0,
            0,
            1,
            0,
            0,
            0,
            1,
            0,
            1,
            1,
            1,
            1,
            0,
            1,
            1,
            0,
            0,
            0,
            1,
            1,
            1
        ],