{
    "mean": {
        "acc": 0.6322188449848024,
        "alpha": 0.3922610015174507,
        "alpha_ordinal": 0.39241588835304153,
        "auc_roc": 0.6875560239536134,
        "cr": {
            "0": {
                "f1-score": 0.5398773006134969,
                "precision": 0.6567164179104478,
                "recall": 0.4583333333333333,
                "support": 96
            },
            "1": {
                "f1-score": 0.7197802197802198,
                "precision": 0.6179245283018868,
                "recall": 0.8618421052631579,
                "support": 152
            },
            "2": {
                "f1-score": 0.5038167938931298,
                "precision": 0.66,
                "recall": 0.4074074074074074,
                "support": 81
            },
            "accuracy": 0.6322188449848024,
            "macro avg": {
                "f1-score": 0.587824771428949,
                "precision": 0.6448803154041115,
                "recall": 0.5758609486679662,
                "support": 329
            },
            "weighted avg": {
                "f1-score": 0.6141154242274547,
                "precision": 0.6396027490008809,
                "recall": 0.6322188449848024,
                "support": 329
            }
        },
        "f1": 0.6141154242274547,
        "kappa": 0.3925535973144122,
        "mae": 0.425531914893617,
        "mcc": 0.41165431501004585,
        "mse": 0.541033434650456,
        "p": 0.6396027490008809,
        "p_tau": 4.5089575240491127e-14,
        "r": 0.6322188449848024,
        "r2": -0.5328761386242276,
        "spearman": 0.39991517742310817,
        "tau": 0.37904327971538393,
        "y_predict": [
            1,
            1,
            1,
            1,
            2,
            1,
            1,
            1,
            1,
            0,
            2,
            2,
            2,
            2,
            1,
            1,
            1,
            2,
            1,
            2,
            2,
            1,
            0,
            2,
            2,
            2,
            0,
            1,
            0,
            0,
            0,
            2,
            0,
            1,
            2,
            1,
            1,
            1,
            1,
            1,
            1,
            1,
            1,
            1,
            1,
            0,
            1,
            1,
            1,
            1,
            1,
            1,
            1,
            0,
            1,
            1,
            1,
            1,
            2,
            0,
            1,
            2,
            1,
            1,
            1,
            1,
            1,
            1,
            1,
            1,
            1,
            1,
            1,
            1,
            1,
            1,
            1,
            1,
            1,
            1,
            1,
            1,
            2,
            0,
            0,
            1,
            1,
            1,
            1,
            2,
            1,
            2,
            0,
            1,
            1,
            0,
            0,
            0,
            0,
            1,
            1,
            1,
            0,
            1,
            1,
            0,
            1,
            1,
            1,
            1,
            1,
            1,
            1,
            1,
            1,
            1,
            1,
            1,
            1,
            1,
            1,
            1,
            1,
            1,
            0,
            0,
            0,
            1,
            1,
            1,
            1,
            1,
            1,
            1,
            1,
            2,
            2,
            0,
            1,
            1,
            1,
            1,
            0,
            0,
            1,
            2,
            1,
            2,
            0,
            1,
            1,
            1,
            2,
            2,
            2,
            1,
            2,
            1,
            2,
            1,
            1,
            2,
            2,
            1,
            0,
            2,
            1,
            1,
            1,
            1,
            1,
            1,
            1,
            1,
            1,
            1,
            1,
            0,
            0,
            1,
            0,
            0,
            1,
            1,
            2,
            1,
            0,
            2,
            0,
            0,
            0,
            0,
            1,
            1,
            1,
            0,
            1,
            1,
            1,
            2,
            1,
            1,
            1,
            1,
            1,
            0,
            1,
            1,
            1,
            2,
            1,
            1,
            1,
            1,
            1,
            0,
            1,
            1,
            1,
            1,
            1,
            0,
            2,
            2,
            1,
            2,
            1,
            2,
            1,
            1,
            1,
            1,
            1,
            1,
            0,
            2,
            1,
            1,
            1,
            0,
            1,
            1,
            1,
            1,
            1,
            1,
            1,
            0,
            1,
            1,
            1,
            1,
            0,
            1,
            1,
            1,
            2,
            1,
            1,
            1,
            2,
            2,
            0,
            1,
            0,
            1,
            1,
            1,
            0,
            0,
            1,
            1,
            2,
            1,
            1,
            1,
            2,
            2,
            1,
            1,
            1,
            1,
            1,
            1,
            0,
            0,
            1,
            0,
            1,
            1,
            1,
            0,
            2,
            0,
            2,
            0,
            0,
            0,
            1,
            1,
            2,
            1,
            1,
            2,
            1,
            1,
            0,
            1,
            0,
            0,
            1,
            0,
            0,
            0,
            2,
            0,
            1,
            1,
            1,
            1,
            0,
            1,
            1,
            0,
            0,
            0,
            1,
            1,
            1
        ],