{
    "mean": {
        "acc": 0.60790273556231,
        "alpha": 0.3742344482906945,
        "alpha_ordinal": 0.37227468004909536,
        "auc_roc": 0.6693203248255143,
        "cr": {
            "0": {
                "f1-score": 0.5086705202312138,
                "precision": 0.5714285714285714,
                "recall": 0.4583333333333333,
                "support": 96
            },
            "1": {
                "f1-score": 0.6927374301675977,
                "precision": 0.6019417475728155,
                "recall": 0.8157894736842105,
                "support": 152
            },
            "2": {
                "f1-score": 0.5039370078740157,
                "precision": 0.6956521739130435,
                "recall": 0.3950617283950617,
                "support": 81
            },
            "accuracy": 0.60790273556231,
            "macro avg": {
                "f1-score": 0.5684483194242758,
                "precision": 0.6230074976381434,
                "recall": 0.5563948451375352,
                "support": 329
            },
            "weighted avg": {
                "f1-score": 0.5925451579497467,
                "precision": 0.6161097707451895,
                "recall": 0.60790273556231,
                "support": 329
            }
        },
        "f1": 0.5925451579497467,
        "kappa": 0.35510780872498526,
        "mae": 0.44984802431610943,
        "mcc": 0.369224556816582,
        "mse": 0.5653495440729484,
        "p": 0.6161097707451895,
        "p_tau": 1.053455068424822e-12,
        "r": 0.60790273556231,
        "r2": -0.5489799017870705,
        "spearman": 0.37924536583335244,
        "tau": 0.35781761928891526,
        "y_predict": [
            1,
            1,
            2,
            1,
            2,
            1,
            2,
            2,
            1,
            0,
            1,
            2,
            2,
            2,
            2,
            0,
            1,
            2,
            1,
            2,
            2,
            1,
            0,
            1,
            1,
            1,
            0,
            1,
            0,
            0,
            0,
            1,
            1,
            1,
            2,
            1,
            1,
            1,
            1,
            1,
            1,
            1,
            1,
            1,
            1,
            0,
            1,
            1,
            1,
            1,
            1,
            1,
            1,
            1,
            1,
            0,
            0,
            0,
            2,
            1,
            1,
            1,
            0,
            1,
            1,
            1,
            1,
            1,
            1,
            0,
            1,
            0,
            1,
            2,
            1,
            1,
            1,
            1,
            1,
            1,
            1,
            1,
            2,
            0,
            1,
            0,
            1,
            0,
            1,
            2,
            1,
            2,
            0,
            0,
            1,
            0,
            0,
            1,
            0,
            1,
            1,
            1,
            0,
            1,
            1,
            0,
            0,
            1,
            1,
            1,
            1,
            1,
            1,
            1,
            1,
            1,
            1,
            0,
            1,
            1,
            1,
            1,
            1,
            2,
            0,
            1,
            1,
            1,
            1,
            1,
            1,
            1,
            1,
            1,
            1,
            0,
            2,
            1,
            0,
            1,
            1,
            1,
            0,
            0,
            2,
            2,
            1,
            2,
            0,
            1,
            1,
            1,
            2,
            2,
            2,
            1,
            2,
            2,
            2,
            2,
            1,
            2,
            1,
            1,
            0,
            1,
            1,
            1,
            1,
            0,
            2,
            0,
            1,
            1,
            1,
            1,
            1,
            0,
            0,
            1,
            0,
            0,
            1,
            1,
            1,
            1,
            0,
            2,
            0,
            0,
            2,
            0,
            1,
            1,
            1,
            0,
            1,
            1,
            1,
            1,
            1,
            1,
            1,
            1,
            1,
            0,
            1,
            1,
            1,
            1,
            0,
            1,
            1,
            1,
            1,
            1,
            0,
            1,
            1,
            1,
            1,
            0,
            2,
            1,
            1,
            2,
            2,
            2,
            1,
            1,
            1,
            1,
            0,
            1,
            0,
            1,
            1,
            1,
            2,
            1,
            1,
            1,
            1,
            1,
            0,
            1,
            1,
            0,
            1,
            1,
            1,
            1,
            0,
            1,
            1,
            1,
            1,
            1,
            1,
            1,
            2,
            2,
            0,
            1,
            0,
            1,
            1,
            1,
            0,
            1,
            1,
            1,
            1,
            1,
            1,
            1,
            2,
            2,
            1,
            1,
            1,
            1,
            1,
            1,
            0,
            0,
            1,
            0,
            1,
            1,
            0,
            0,
            2,
            0,
            2,
            0,
            0,
            0,
            1,
            1,
            2,
            0,
            1,
            2,
            0,
            1,
            0,
            1,
            0,
            0,
            1,
            1,
            0,
            0,
            1,
            0,
            1,
            1,
            1,
            1,
            0,
            1,
            1,
            0,
            0,
            0,
            1,
            1,
            1
        ],