{
    "mean": {
        "acc": 0.6534954407294833,
        "alpha": 0.4336728885322867,
        "alpha_ordinal": 0.43277079949539476,
        "auc_roc": 0.6986636282715838,
        "cr": {
            "0": {
                "f1-score": 0.5298013245033112,
                "precision": 0.7272727272727273,
                "recall": 0.4166666666666667,
                "support": 96
            },
            "1": {
                "f1-score": 0.7374005305039788,
                "precision": 0.6177777777777778,
                "recall": 0.9144736842105263,
                "support": 152
            },
            "2": {
                "f1-score": 0.5538461538461538,
                "precision": 0.7346938775510204,
                "recall": 0.4444444444444444,
                "support": 81
            },
            "accuracy": 0.6534954407294833,
            "macro avg": {
                "f1-score": 0.6070160029511479,
                "precision": 0.6932481275338418,
                "recall": 0.5918615984405459,
                "support": 329
            },
            "weighted avg": {
                "f1-score": 0.6316332712779973,
                "precision": 0.6785124866931207,
                "recall": 0.6534954407294833,
                "support": 329
            }
        },
        "f1": 0.6316332712779973,
        "kappa": 0.4211322385479689,
        "mae": 0.39209726443769,
        "mcc": 0.45351502946752487,
        "mse": 0.48328267477203646,
        "p": 0.6785124866931207,
        "p_tau": 2.8065572013728076e-17,
        "r": 0.6534954407294833,
        "r2": -0.5304564072557052,
        "spearman": 0.4472831357702432,
        "tau": 0.4260907166836278,
        "y_predict": [
            2,
            1,
            1,
            1,
            2,
            1,
            1,
            2,
            1,
            0,
            2,
            2,
            2,
            2,
            1,
            1,
            1,
            2,
            1,
            2,
            2,
            1,
            0,
            1,
            2,
            2,
            0,
            1,
            0,
            0,
            0,
            2,
            1,
            1,
            2,
            1,
            1,
            1,
            1,
            1,
            1,
            1,
            1,
            0,
            1,
            0,
            1,
            1,
            1,
            1,
            1,
            1,
            1,
            1,
            1,
            1,
            1,
            2,
            2,
            1,
            1,
            1,
            1,
            1,
            1,
            1,
            1,
            1,
            1,
            1,
            1,
            1,
            1,
            1,
            1,
            1,
            1,
            1,
            1,
            1,
            1,
            1,
            2,
            0,
            0,
            0,
            1,
            0,
            1,
            2,
            1,
            2,
            0,
            1,
            1,
            0,
            0,
            1,
            0,
            1,
            1,
            1,
            0,
            1,
            1,
            0,
            1,
            1,
            1,
            1,
            1,
            1,
            1,
            1,
            1,
            1,
            1,
            0,
            1,
            1,
            1,
            1,
            1,
            2,
            0,
            1,
            1,
            1,
            1,
            1,
            1,
            1,
            1,
            1,
            1,
            2,
            1,
            1,
            1,
            1,
            1,
            1,
            0,
            0,
            2,
            2,
            1,
            2,
            1,
            1,
            1,
            1,
            2,
            2,
            2,
            1,
            2,
            1,
            2,
            2,
            1,
            2,
            2,
            1,
            0,
            1,
            1,
            1,
            1,
            1,
            1,
            1,
            1,
            1,
            1,
            1,
            1,
            0,
            0,
            1,
            0,
            0,
            1,
            1,
            2,
            1,
            0,
            2,
            0,
            0,
            2,
            0,
            1,
            1,
            1,
            0,
            1,
            1,
            1,
            1,
            1,
            1,
            1,
            1,
            1,
            1,
            1,
            1,
            0,
            1,
            1,
            1,
            1,
            1,
            1,
            1,
            1,
            1,
            1,
            1,
            1,
            1,
            2,
            2,
            1,
            2,
            1,
            2,
            1,
            1,
            1,
            1,
            1,
            1,
            0,
            2,
            1,
            1,
            1,
            1,
            1,
            1,
            1,
            1,
            1,
            1,
            1,
            0,
            1,
            1,
            1,
            1,
            0,
            1,
            1,
            1,
            1,
            1,
            1,
            1,
            2,
            2,
            1,
            1,
            0,
            1,
            2,
            1,
            0,
            1,
            1,
            1,
            1,
            1,
            1,
            1,
            2,
            2,
            2,
            1,
            1,
            1,
            1,
            1,
            0,
            0,
            1,
            0,
            1,
            1,
            1,
            0,
            2,
            0,
            2,
            0,
            0,
            0,
            1,
            1,
            2,
            1,
            1,
            1,
            0,
            1,
            0,
            1,
            1,
            0,
            1,
            0,
            0,
            1,
            1,
            0,
            1,
            1,
            1,
            1,
            0,
            1,
            1,
            0,
            0,
            1,
            1,
            1,
            1
        ],