{
    "mean": {
        "acc": 0.6443768996960486,
        "alpha": 0.428008789022014,
        "alpha_ordinal": 0.42696993212964884,
        "auc_roc": 0.6968186509510188,
        "cr": {
            "0": {
                "f1-score": 0.5316455696202531,
                "precision": 0.6774193548387096,
                "recall": 0.4375,
                "support": 96
            },
            "1": {
                "f1-score": 0.7252747252747254,
                "precision": 0.6226415094339622,
                "recall": 0.868421052631579,
                "support": 152
            },
            "2": {
                "f1-score": 0.5588235294117647,
                "precision": 0.6909090909090909,
                "recall": 0.4691358024691358,
                "support": 81
            },
            "accuracy": 0.6443768996960486,
            "macro avg": {
                "f1-score": 0.605247941435581,
                "precision": 0.6636566517272543,
                "recall": 0.5916856183669049,
                "support": 329
            },
            "weighted avg": {
                "f1-score": 0.6277946468317795,
                "precision": 0.655432838486671,
                "recall": 0.6443768996960486,
                "support": 329
            }
        },
        "f1": 0.6277946468317795,
        "kappa": 0.41330589849108357,
        "mae": 0.4072948328267477,
        "mcc": 0.43345076127306464,
        "mse": 0.5106382978723404,
        "p": 0.655432838486671,
        "p_tau": 1.921735664010088e-16,
        "r": 0.6443768996960486,
        "r2": -0.4377276037873268,
        "spearman": 0.4354614414924134,
        "tau": 0.41300662941230387,
        "y_predict": [
            2,
            1,
            2,
            1,
            2,
            1,
            2,
            2,
            1,
            0,
            2,
            2,
            2,
            2,
            2,
            1,
            1,
            2,
            1,
            1,
            0,
            1,
            0,
            1,
            2,
            2,
            0,
            1,
            1,
            0,
            0,
            1,
            1,
            1,
            2,
            1,
            1,
            1,
            2,
            1,
            1,
            1,
            1,
            1,
            1,
            0,
            1,
            1,
            1,
            1,
            1,
            1,
            1,
            1,
            1,
            1,
            1,
            2,
            2,
            1,
            1,
            1,
            1,
            1,
            1,
            1,
            1,
            1,
            1,
            1,
            1,
            0,
            1,
            2,
            1,
            1,
            1,
            1,
            1,
            1,
            1,
            1,
            2,
            0,
            0,
            0,
            1,
            0,
            1,
            2,
            1,
            2,
            0,
            1,
            1,
            0,
            0,
            1,
            0,
            1,
            1,
            1,
            0,
            1,
            1,
            0,
            1,
            1,
            1,
            1,
            1,
            1,
            1,
            1,
            1,
            1,
            1,
            0,
            1,
            1,
            1,
            1,
            1,
            2,
            0,
            1,
            1,
            1,
            1,
            1,
            1,
            1,
            1,
            1,
            1,
            1,
            0,
            1,
            1,
            1,
            1,
            1,
            0,
            0,
            2,
            2,
            1,
            1,
            1,
            1,
            1,
            1,
            2,
            2,
            2,
            1,
            2,
            2,
            2,
            2,
            1,
            0,
            2,
            1,
            0,
            2,
            1,
            1,
            1,
            1,
            1,
            1,
            1,
            1,
            1,
            1,
            0,
            0,
            0,
            1,
            0,
            0,
            1,
            1,
            2,
            1,
            0,
            2,
            0,
            0,
            1,
            0,
            1,
            1,
            1,
            0,
            1,
            1,
            1,
            1,
            1,
            1,
            1,
            1,
            1,
            2,
            2,
            1,
            1,
            1,
            2,
            1,
            1,
            2,
            0,
            1,
            1,
            1,
            1,
            1,
            1,
            1,
            2,
            2,
            1,
            2,
            1,
            2,
            1,
            1,
            1,
            0,
            1,
            1,
            0,
            2,
            1,
            1,
            1,
            1,
            1,
            1,
            1,
            1,
            1,
            1,
            0,
            0,
            1,
            1,
            1,
            1,
            0,
            1,
            1,
            1,
            1,
            2,
            1,
            1,
            2,
            2,
            0,
            1,
            0,
            1,
            1,
            1,
            0,
            1,
            1,
            1,
            1,
            1,
            1,
            1,
            2,
            2,
            2,
            1,
            1,
            1,
            1,
            1,
            0,
            0,
            1,
            0,
            1,
            1,
            1,
            0,
            2,
            0,
            2,
            0,
            0,
            0,
            1,
            1,
            2,
            1,
            1,
            1,
            0,
            1,
            1,
            1,
            0,
            0,
            1,
            0,
            0,
            0,
            2,
            1,
            1,
            1,
            1,
            1,
            0,
            1,
            2,
            0,
            0,
            0,
            1,
            1,
            1
        ],