{
    "mean": {
        "acc": 0.6565349544072948,
        "alpha": 0.4393592430166994,
        "alpha_ordinal": 0.4383102463841487,
        "auc_roc": 0.701488487028646,
        "cr": {
            "0": {
                "f1-score": 0.5298013245033112,
                "precision": 0.7272727272727273,
                "recall": 0.4166666666666667,
                "support": 96
            },
            "1": {
                "f1-score": 0.7393617021276597,
                "precision": 0.6205357142857143,
                "recall": 0.9144736842105263,
                "support": 152
            },
            "2": {
                "f1-score": 0.564885496183206,
                "precision": 0.74,
                "recall": 0.4567901234567901,
                "support": 81
            },
            "accuracy": 0.6565349544072948,
            "macro avg": {
                "f1-score": 0.6113495076047256,
                "precision": 0.695936147186147,
                "recall": 0.5959768247779944,
                "support": 329
            },
            "weighted avg": {
                "f1-score": 0.6352572372843824,
                "precision": 0.6810930406979039,
                "recall": 0.6565349544072948,
                "support": 329
            }
        },
        "f1": 0.6352572372843824,
        "kappa": 0.42683810492885,
        "mae": 0.3890577507598784,
        "mcc": 0.4586280765619352,
        "mse": 0.48024316109422494,
        "p": 0.6810930406979039,
        "p_tau": 1.1359629746523317e-17,
        "r": 0.6565349544072948,
        "r2": -0.5058516801853996,
        "spearman": 0.45256958555271765,
        "tau": 0.4312289998215812,
        "y_predict": [
            2,
            1,
            1,
            1,
            2,
            1,
            1,
            2,
            1,
            0,
            2,
            2,
            2,
            2,
            2,
            1,
            1,
            2,
            1,
            2,
            2,
            1,
            0,
            1,
            2,
            2,
            0,
            1,
            0,
            0,
            0,
            2,
            1,
            1,
            2,
            1,
            1,
            1,
            1,
            1,
            1,
            1,
            1,
            0,
            1,
            0,
            1,
            1,
            1,
            1,
            1,
            1,
            1,
            1,
            1,
            1,
            1,
            2,
            2,
            1,
            1,
            1,
            1,
            1,
            1,
            1,
            1,
            1,
            1,
            1,
            1,
            1,
            1,
            1,
            1,
            1,
            1,
            1,
            1,
            1,
            1,
            1,
            2,
            0,
            0,
            0,
            1,
            0,
            1,
            2,
            1,
            2,
            0,
            1,
            1,
            0,
            0,
            0,
            0,
            1,
            1,
            1,
            0,
            1,
            1,
            0,
            1,
            1,
            1,
            1,
            1,
            1,
            1,
            1,
            1,
            1,
            1,
            0,
            1,
            1,
            1,
            1,
            1,
            2,
            0,
            1,
            1,
            1,
            1,
            1,
            1,
            1,
            1,
            1,
            1,
            2,
            1,
            1,
            1,
            1,
            1,
            1,
            0,
            0,
            2,
            2,
            1,
            2,
            1,
            1,
            1,
            1,
            2,
            2,
            2,
            1,
            2,
            1,
            2,
            2,
            1,
            2,
            2,
            1,
            0,
            1,
            1,
            1,
            1,
            1,
            1,
            1,
            1,
            1,
            1,
            1,
            1,
            0,
            0,
            1,
            0,
            0,
            1,
            1,
            2,
            1,
            0,
            2,
            0,
            0,
            2,
            0,
            1,
            1,
            1,
            0,
            1,
            1,
            1,
            1,
            1,
            1,
            1,
            1,
            1,
            1,
            1,
            1,
            0,
            1,
            1,
            1,
            1,
            1,
            1,
            1,
            1,
            1,
            1,
            1,
            1,
            1,
            2,
            2,
            1,
            2,
            1,
            2,
            1,
            1,
            1,
            1,
            1,
            1,
            0,
            2,
            1,
            1,
            1,
            1,
            1,
            1,
            1,
            1,
            1,
            1,
            1,
            0,
            1,
            1,
            1,
            1,
            0,
            1,
            1,
            1,
            1,
            1,
            1,
            1,
            2,
            2,
            1,
            1,
            0,
            1,
            2,
            1,
            0,
            1,
            1,
            1,
            1,
            1,
            1,
            1,
            2,
            2,
            2,
            1,
            1,
            1,
            1,
            1,
            0,
            0,
            1,
            0,
            1,
            1,
            1,
            0,
            2,
            0,
            2,
            0,
            0,
            0,
            1,
            1,
            2,
            1,
            1,
            1,
            0,
            1,
            0,
            1,
            1,
            0,
            1,
            0,
            0,
            1,
            1,
            1,
            1,
            1,
            1,
            1,
            0,
            1,
            1,
            0,
            0,
            1,
            1,
            1,
            1
        ],