{
    "mean": {
        "acc": 0.6474164133738601,
        "alpha": 0.4132705172699611,
        "alpha_ordinal": 0.4133668657290609,
        "auc_roc": 0.6961190359421526,
        "cr": {
            "0": {
                "f1-score": 0.5454545454545455,
                "precision": 0.7241379310344828,
                "recall": 0.4375,
                "support": 96
            },
            "1": {
                "f1-score": 0.7345844504021448,
                "precision": 0.6199095022624435,
                "recall": 0.9013157894736842,
                "support": 152
            },
            "2": {
                "f1-score": 0.5190839694656489,
                "precision": 0.68,
                "recall": 0.41975308641975306,
                "support": 81
            },
            "accuracy": 0.6474164133738601,
            "macro avg": {
                "f1-score": 0.5997076551074464,
                "precision": 0.674682477765642,
                "recall": 0.5861896252978124,
                "support": 329
            },
            "weighted avg": {
                "f1-score": 0.6263412594269907,
                "precision": 0.6651169778820722,
                "recall": 0.6474164133738601,
                "support": 329
            }
        },
        "f1": 0.6263412594269907,
        "kappa": 0.4131414248589135,
        "mae": 0.40425531914893614,
        "mcc": 0.44090159857195277,
        "mse": 0.5075987841945289,
        "p": 0.6651169778820722,
        "p_tau": 9.56260141165987e-16,
        "r": 0.6474164133738601,
        "r2": -0.5490865005074999,
        "spearman": 0.4250138990267469,
        "tau": 0.40435535745758433,
        "y_predict": [
            2,
            1,
            1,
            1,
            2,
            1,
            1,
            1,
            1,
            0,
            2,
            2,
            2,
            2,
            2,
            0,
            1,
            2,
            1,
            2,
            2,
            1,
            0,
            2,
            2,
            2,
            0,
            1,
            0,
            0,
            0,
            2,
            1,
            1,
            2,
            1,
            1,
            1,
            1,
            1,
            1,
            1,
            1,
            0,
            1,
            0,
            1,
            1,
            1,
            1,
            1,
            1,
            1,
            1,
            1,
            1,
            1,
            1,
            2,
            1,
            1,
            1,
            1,
            1,
            1,
            1,
            1,
            1,
            1,
            1,
            1,
            1,
            1,
            1,
            1,
            1,
            1,
            1,
            1,
            1,
            1,
            1,
            2,
            0,
            0,
            0,
            1,
            0,
            1,
            2,
            1,
            2,
            0,
            1,
            1,
            0,
            0,
            0,
            0,
            1,
            1,
            1,
            0,
            1,
            1,
            0,
            1,
            1,
            1,
            1,
            2,
            1,
            1,
            1,
            1,
            1,
            1,
            1,
            1,
            1,
            1,
            1,
            1,
            2,
            0,
            1,
            2,
            1,
            1,
            1,
            1,
            1,
            1,
            1,
            1,
            2,
            1,
            1,
            1,
            1,
            1,
            1,
            0,
            0,
            2,
            2,
            1,
            2,
            0,
            1,
            1,
            1,
            2,
            2,
            2,
            1,
            2,
            1,
            2,
            2,
            1,
            1,
            2,
            1,
            0,
            1,
            1,
            1,
            1,
            1,
            1,
            1,
            1,
            1,
            1,
            1,
            1,
            0,
            0,
            1,
            0,
            0,
            1,
            1,
            2,
            1,
            0,
            2,
            0,
            0,
            2,
            0,
            1,
            1,
            1,
            0,
            1,
            1,
            1,
            1,
            1,
            1,
            1,
            1,
            1,
            1,
            1,
            1,
            0,
            1,
            1,
            1,
            1,
            1,
            1,
            1,
            1,
            1,
            1,
            1,
            1,
            1,
            2,
            2,
            1,
            2,
            1,
            2,
            1,
            1,
            1,
            1,
            1,
            1,
            0,
            2,
            1,
            1,
            1,
            1,
            1,
            1,
            1,
            1,
            1,
            1,
            1,
            0,
            1,
            1,
            1,
            1,
            0,
            1,
            1,
            1,
            1,
            1,
            1,
            1,
            2,
            2,
            1,
            1,
            1,
            0,
            2,
            1,
            0,
            1,
            1,
            1,
            1,
            1,
            1,
            1,
            2,
            2,
            2,
            1,
            1,
            1,
            1,
            1,
            0,
            0,
            1,
            0,
            1,
            1,
            0,
            0,
            2,
            0,
            2,
            0,
            0,
            0,
            1,
            1,
            2,
            1,
            1,
            1,
            0,
            1,
            0,
            1,
            1,
            0,
            1,
            0,
            0,
            1,
            1,
            0,
            1,
            1,
            1,
            1,
            0,
            1,
            1,
            0,
            0,
            1,
            1,
            1,
            1
        ],