{
    "mean": {
        "acc": 0.6382978723404256,
        "alpha": 0.4267796353733263,
        "alpha_ordinal": 0.42658719665890943,
        "auc_roc": 0.6953723432131037,
        "cr": {
            "0": {
                "f1-score": 0.5595238095238094,
                "precision": 0.6527777777777778,
                "recall": 0.4895833333333333,
                "support": 96
            },
            "1": {
                "f1-score": 0.7154929577464788,
                "precision": 0.625615763546798,
                "recall": 0.8355263157894737,
                "support": 152
            },
            "2": {
                "f1-score": 0.5333333333333333,
                "precision": 0.6666666666666666,
                "recall": 0.4444444444444444,
                "support": 81
            },
            "accuracy": 0.6382978723404256,
            "macro avg": {
                "f1-score": 0.6027833668678738,
                "precision": 0.6483534026637474,
                "recall": 0.5898513645224172,
                "support": 329
            },
            "weighted avg": {
                "f1-score": 0.625134392984044,
                "precision": 0.6436482149719756,
                "recall": 0.6382978723404256,
                "support": 329
            }
        },
        "f1": 0.625134392984044,
        "kappa": 0.4076914930634352,
        "mae": 0.41641337386018235,
        "mcc": 0.42149886194308245,
        "mse": 0.5258358662613982,
        "p": 0.6436482149719756,
        "p_tau": 3.4578851409331746e-16,
        "r": 0.6382978723404256,
        "r2": -0.38383175297836125,
        "spearman": 0.43195023860711373,
        "tau": 0.40867308389672174,
        "y_predict": [
            2,
            1,
            2,
            0,
            2,
            1,
            1,
            2,
            1,
            0,
            2,
            2,
            2,
            2,
            2,
            0,
            1,
            2,
            1,
            2,
            0,
            1,
            1,
            0,
            2,
            2,
            0,
            0,
            0,
            0,
            0,
            2,
            1,
            1,
            2,
            1,
            1,
            1,
            2,
            1,
            1,
            1,
            1,
            0,
            1,
            0,
            1,
            1,
            1,
            1,
            1,
            1,
            1,
            1,
            1,
            1,
            0,
            1,
            2,
            1,
            1,
            1,
            1,
            1,
            1,
            0,
            1,
            1,
            1,
            1,
            1,
            1,
            1,
            0,
            1,
            1,
            1,
            1,
            1,
            1,
            1,
            1,
            1,
            0,
            0,
            0,
            0,
            0,
            1,
            2,
            1,
            2,
            0,
            1,
            1,
            0,
            0,
            1,
            0,
            1,
            1,
            1,
            0,
            1,
            1,
            0,
            1,
            1,
            1,
            1,
            1,
            1,
            0,
            1,
            1,
            1,
            1,
            2,
            1,
            1,
            2,
            1,
            1,
            2,
            1,
            1,
            2,
            1,
            1,
            1,
            1,
            1,
            1,
            1,
            1,
            2,
            0,
            1,
            1,
            1,
            1,
            1,
            0,
            0,
            2,
            2,
            1,
            2,
            0,
            1,
            1,
            1,
            2,
            2,
            2,
            1,
            2,
            1,
            2,
            0,
            1,
            2,
            2,
            1,
            0,
            1,
            1,
            1,
            1,
            1,
            1,
            1,
            1,
            1,
            1,
            1,
            1,
            0,
            0,
            1,
            0,
            1,
            1,
            1,
            2,
            1,
            0,
            2,
            0,
            0,
            0,
            0,
            1,
            1,
            1,
            0,
            1,
            0,
            0,
            1,
            1,
            1,
            1,
            1,
            1,
            1,
            0,
            1,
            1,
            1,
            1,
            1,
            1,
            2,
            1,
            0,
            1,
            1,
            1,
            1,
            1,
            2,
            1,
            2,
            1,
            2,
            1,
            2,
            1,
            1,
            1,
            0,
            1,
            1,
            0,
            1,
            1,
            1,
            1,
            1,
            1,
            1,
            1,
            1,
            1,
            1,
            0,
            0,
            1,
            1,
            1,
            1,
            0,
            1,
            1,
            1,
            1,
            1,
            1,
            1,
            2,
            2,
            0,
            1,
            0,
            0,
            2,
            1,
            0,
            0,
            1,
            2,
            1,
            1,
            1,
            1,
            2,
            2,
            2,
            1,
            1,
            1,
            1,
            1,
            0,
            0,
            1,
            0,
            1,
            2,
            0,
            0,
            2,
            1,
            2,
            0,
            0,
            1,
            1,
            1,
            2,
            1,
            1,
            1,
            1,
            1,
            0,
            1,
            1,
            0,
            1,
            0,
            0,
            1,
            1,
            0,
            1,
            1,
            1,
            1,
            0,
            1,
            2,
            0,
            0,
            1,
            0,
            2,
            1
        ],