{
    "mean": {
        "acc": 0.6443768996960486,
        "alpha": 0.40985499807519565,
        "alpha_ordinal": 0.4110750880896572,
        "auc_roc": 0.6937135257663255,
        "cr": {
            "0": {
                "f1-score": 0.5625,
                "precision": 0.703125,
                "recall": 0.46875,
                "support": 96
            },
            "1": {
                "f1-score": 0.7311827956989247,
                "precision": 0.6181818181818182,
                "recall": 0.8947368421052632,
                "support": 152
            },
            "2": {
                "f1-score": 0.49206349206349204,
                "precision": 0.6888888888888889,
                "recall": 0.38271604938271603,
                "support": 81
            },
            "accuracy": 0.6443768996960486,
            "macro avg": {
                "f1-score": 0.5952487625874723,
                "precision": 0.6700652356902358,
                "recall": 0.5820676304959931,
                "support": 329
            },
            "weighted avg": {
                "f1-score": 0.6230909659677185,
                "precision": 0.6603757944183476,
                "recall": 0.6443768996960486,
                "support": 329
            }
        },
        "f1": 0.6230909659677185,
        "kappa": 0.4079093090506368,
        "mae": 0.4072948328267477,
        "mcc": 0.434444795689164,
        "mse": 0.5106382978723404,
        "p": 0.6603757944183476,
        "p_tau": 1.5410984169910254e-15,
        "r": 0.6443768996960486,
        "r2": -0.5569577464788731,
        "spearman": 0.42242928792731366,
        "tau": 0.40163085376958196,
        "y_predict": [
            1,
            1,
            1,
            1,
            2,
            1,
            1,
            1,
            1,
            0,
            2,
            2,
            2,
            2,
            1,
            1,
            1,
            2,
            1,
            2,
            2,
            1,
            0,
            1,
            2,
            2,
            0,
            1,
            0,
            0,
            0,
            1,
            1,
            1,
            2,
            1,
            1,
            1,
            1,
            1,
            1,
            1,
            1,
            1,
            1,
            0,
            1,
            1,
            1,
            1,
            1,
            1,
            1,
            0,
            1,
            1,
            1,
            1,
            2,
            1,
            1,
            1,
            1,
            1,
            1,
            1,
            1,
            1,
            1,
            1,
            1,
            1,
            1,
            1,
            1,
            1,
            1,
            1,
            1,
            1,
            1,
            1,
            2,
            0,
            0,
            1,
            1,
            0,
            1,
            2,
            1,
            2,
            0,
            1,
            1,
            0,
            0,
            0,
            0,
            1,
            1,
            1,
            0,
            1,
            1,
            0,
            1,
            1,
            1,
            1,
            1,
            1,
            1,
            1,
            1,
            1,
            1,
            1,
            1,
            1,
            1,
            1,
            1,
            1,
            0,
            1,
            0,
            1,
            1,
            1,
            1,
            1,
            1,
            1,
            1,
            2,
            2,
            0,
            1,
            1,
            1,
            1,
            0,
            0,
            1,
            2,
            1,
            2,
            1,
            1,
            1,
            1,
            2,
            2,
            2,
            1,
            2,
            1,
            2,
            2,
            1,
            1,
            2,
            1,
            0,
            2,
            1,
            1,
            1,
            1,
            1,
            1,
            1,
            1,
            1,
            1,
            1,
            0,
            0,
            1,
            0,
            0,
            1,
            1,
            2,
            1,
            0,
            2,
            0,
            0,
            1,
            0,
            1,
            1,
            1,
            0,
            1,
            1,
            1,
            2,
            1,
            1,
            1,
            1,
            1,
            0,
            1,
            1,
            1,
            1,
            1,
            1,
            1,
            1,
            1,
            0,
            1,
            1,
            1,
            1,
            1,
            1,
            2,
            2,
            1,
            2,
            1,
            2,
            1,
            1,
            1,
            1,
            1,
            1,
            0,
            2,
            1,
            1,
            1,
            0,
            1,
            1,
            1,
            1,
            1,
            1,
            1,
            0,
            1,
            1,
            1,
            1,
            0,
            1,
            1,
            1,
            2,
            1,
            1,
            1,
            2,
            2,
            0,
            1,
            0,
            1,
            1,
            1,
            0,
            0,
            1,
            1,
            1,
            1,
            1,
            1,
            2,
            2,
            1,
            1,
            1,
            1,
            1,
            1,
            0,
            0,
            1,
            0,
            1,
            1,
            1,
            0,
            2,
            0,
            2,
            0,
            0,
            0,
            1,
            1,
            2,
            1,
            1,
            2,
            0,
            1,
            0,
            1,
            0,
            0,
            1,
            0,
            0,
            0,
            2,
            0,
            1,
            1,
            1,
            1,
            0,
            1,
            1,
            0,
            0,
            0,
            0,
            1,
            1
        ],