{
    "mean": {
        "acc": 0.6534954407294833,
        "alpha": 0.44008382957511694,
        "alpha_ordinal": 0.4398156028368795,
        "auc_roc": 0.6998917065776228,
        "cr": {
            "0": {
                "f1-score": 0.5569620253164557,
                "precision": 0.7096774193548387,
                "recall": 0.4583333333333333,
                "support": 96
            },
            "1": {
                "f1-score": 0.7345844504021448,
                "precision": 0.6199095022624435,
                "recall": 0.9013157894736842,
                "support": 152
            },
            "2": {
                "f1-score": 0.5354330708661418,
                "precision": 0.7391304347826086,
                "recall": 0.41975308641975306,
                "support": 81
            },
            "accuracy": 0.6534954407294833,
            "macro avg": {
                "f1-score": 0.608993182194914,
                "precision": 0.689572452133297,
                "recall": 0.5931340697422569,
                "support": 329
            },
            "weighted avg": {
                "f1-score": 0.6337242238044475,
                "precision": 0.675455446259414,
                "recall": 0.6534954407294833,
                "support": 329
            }
        },
        "f1": 0.6337242238044475,
        "kappa": 0.42272706284342243,
        "mae": 0.39209726443769,
        "mcc": 0.45111974531010574,
        "mse": 0.48328267477203646,
        "p": 0.675455446259414,
        "p_tau": 1.2435188649948277e-17,
        "r": 0.6534954407294833,
        "r2": -0.4829062251956002,
        "spearman": 0.4523619658229903,
        "tau": 0.43060459650645305,
        "y_predict": [
            2,
            1,
            1,
            1,
            2,
            1,
            1,
            1,
            1,
            0,
            2,
            2,
            2,
            2,
            2,
            1,
            1,
            2,
            1,
            2,
            2,
            1,
            0,
            2,
            1,
            2,
            1,
            0,
            1,
            0,
            0,
            2,
            1,
            1,
            2,
            1,
            1,
            1,
            1,
            1,
            1,
            1,
            1,
            0,
            1,
            0,
            1,
            1,
            1,
            0,
            1,
            1,
            1,
            1,
            1,
            1,
            1,
            2,
            2,
            1,
            1,
            1,
            1,
            1,
            1,
            1,
            1,
            1,
            1,
            1,
            1,
            1,
            1,
            2,
            1,
            1,
            1,
            1,
            1,
            1,
            1,
            1,
            2,
            0,
            0,
            0,
            0,
            0,
            1,
            2,
            1,
            1,
            0,
            1,
            1,
            0,
            1,
            1,
            0,
            2,
            1,
            1,
            0,
            1,
            1,
            0,
            1,
            1,
            1,
            1,
            1,
            1,
            1,
            1,
            1,
            1,
            1,
            1,
            1,
            1,
            1,
            1,
            1,
            1,
            0,
            1,
            1,
            1,
            1,
            1,
            1,
            1,
            1,
            1,
            1,
            1,
            2,
            1,
            1,
            1,
            1,
            1,
            0,
            0,
            2,
            2,
            1,
            2,
            1,
            1,
            1,
            1,
            2,
            2,
            2,
            1,
            2,
            1,
            2,
            2,
            1,
            1,
            1,
            1,
            0,
            2,
            1,
            1,
            1,
            1,
            1,
            1,
            1,
            1,
            1,
            1,
            1,
            0,
            0,
            1,
            0,
            0,
            1,
            1,
            2,
            1,
            0,
            2,
            0,
            0,
            1,
            0,
            1,
            1,
            1,
            0,
            1,
            1,
            1,
            1,
            1,
            1,
            1,
            1,
            1,
            0,
            1,
            1,
            0,
            1,
            1,
            1,
            1,
            1,
            1,
            1,
            0,
            1,
            1,
            1,
            1,
            1,
            2,
            2,
            1,
            1,
            2,
            2,
            1,
            1,
            1,
            1,
            1,
            1,
            0,
            1,
            1,
            1,
            1,
            0,
            1,
            1,
            1,
            1,
            1,
            1,
            1,
            0,
            1,
            1,
            1,
            1,
            0,
            1,
            1,
            1,
            1,
            1,
            1,
            1,
            2,
            2,
            0,
            1,
            0,
            1,
            1,
            1,
            0,
            1,
            1,
            2,
            1,
            1,
            1,
            1,
            2,
            2,
            2,
            1,
            1,
            1,
            1,
            1,
            1,
            0,
            1,
            0,
            1,
            1,
            0,
            0,
            2,
            0,
            2,
            0,
            0,
            0,
            1,
            1,
            2,
            1,
            1,
            1,
            0,
            1,
            0,
            1,
            0,
            0,
            1,
            0,
            0,
            0,
            1,
            0,
            1,
            0,
            1,
            1,
            0,
            1,
            1,
            0,
            0,
            0,
            1,
            1,
            1
        ],