{
    "mean": {
        "acc": 0.5197568389057751,
        "alpha": 0.22712046895561666,
        "alpha_ordinal": 0.22547982639525022,
        "auc_roc": 0.603923505108837,
        "cr": {
            "0": {
                "f1-score": 0.4239130434782609,
                "precision": 0.4431818181818182,
                "recall": 0.40625,
                "support": 96
            },
            "1": {
                "f1-score": 0.6206896551724138,
                "precision": 0.5510204081632653,
                "recall": 0.7105263157894737,
                "support": 152
            },
            "2": {
                "f1-score": 0.38095238095238093,
                "precision": 0.5333333333333333,
                "recall": 0.2962962962962963,
                "support": 81
            },
            "accuracy": 0.5197568389057751,
            "macro avg": {
                "f1-score": 0.47518502653435185,
                "precision": 0.5091785198928056,
                "recall": 0.47102420402858997,
                "support": 329
            },
            "weighted avg": {
                "f1-score": 0.5042480930615891,
                "precision": 0.515199260140641,
                "recall": 0.5197568389057751,
                "support": 329
            }
        },
        "f1": 0.5042480930615891,
        "kappa": 0.2166194466212551,
        "mae": 0.5592705167173252,
        "mcc": 0.22271265582014374,
        "mse": 0.7173252279635258,
        "p": 0.515199260140641,
        "p_tau": 2.1531375042438418e-05,
        "r": 0.5197568389057751,
        "r2": -0.852725016703255,
        "spearman": 0.22935709871138144,
        "tau": 0.21319925866739795,
        "y_predict": [
            1,
            1,
            1,
            1,
            2,
            1,
            1,
            1,
            1,
            0,
            1,
            1,
            1,
            2,
            1,
            2,
            2,
            2,
            1,
            2,
            1,
            1,
            1,
            1,
            2,
            1,
            1,
            1,
            0,
            0,
            0,
            2,
            0,
            2,
            2,
            1,
            1,
            1,
            1,
            1,
            1,
            1,
            1,
            0,
            1,
            1,
            1,
            1,
            0,
            0,
            1,
            1,
            1,
            0,
            1,
            1,
            0,
            1,
            2,
            2,
            1,
            1,
            1,
            1,
            2,
            1,
            1,
            1,
            1,
            1,
            0,
            1,
            1,
            1,
            1,
            0,
            1,
            1,
            1,
            1,
            1,
            1,
            2,
            1,
            0,
            2,
            0,
            1,
            1,
            2,
            1,
            0,
            0,
            1,
            1,
            1,
            0,
            1,
            0,
            0,
            2,
            1,
            0,
            1,
            0,
            0,
            1,
            0,
            1,
            1,
            1,
            1,
            1,
            1,
            1,
            1,
            1,
            0,
            1,
            1,
            2,
            0,
            1,
            1,
            0,
            0,
            0,
            0,
            1,
            2,
            1,
            1,
            2,
            1,
            1,
            1,
            1,
            0,
            1,
            2,
            1,
            1,
            0,
            0,
            0,
            1,
            1,
            0,
            0,
            1,
            1,
            1,
            0,
            1,
            2,
            0,
            1,
            0,
            2,
            2,
            2,
            2,
            1,
            0,
            0,
            2,
            1,
            1,
            1,
            0,
            1,
            1,
            1,
            1,
            1,
            1,
            1,
            0,
            0,
            1,
            1,
            0,
            1,
            2,
            1,
            1,
            0,
            2,
            1,
            1,
            0,
            1,
            2,
            1,
            1,
            1,
            1,
            1,
            1,
            2,
            0,
            2,
            1,
            1,
            0,
            0,
            1,
            1,
            2,
            2,
            1,
            1,
            1,
            1,
            1,
            0,
            1,
            2,
            1,
            1,
            1,
            1,
            2,
            1,
            0,
            2,
            0,
            2,
            1,
            1,
            0,
            0,
            0,
            1,
            0,
            0,
            1,
            1,
            1,
            0,
            1,
            1,
            1,
            1,
            1,
            1,
            1,
            0,
            1,
            1,
            1,
            1,
            0,
            1,
            1,
            1,
            2,
            1,
            1,
            0,
            1,
            2,
            0,
            1,
            1,
            0,
            1,
            1,
            0,
            0,
            0,
            1,
            1,
            1,
            1,
            1,
            2,
            2,
            1,
            1,
            1,
            1,
            1,
            1,
            0,
            0,
            1,
            0,
            1,
            0,
            1,
            0,
            1,
            1,
            1,
            0,
            0,
            1,
            1,
            1,
            2,
            0,
            0,
            2,
            1,
            1,
            0,
            1,
            0,
            0,
            1,
            0,
            0,
            0,
            1,
            0,
            1,
            1,
            1,
            0,
            2,
            1,
            1,
            0,
            0,
            1,
            0,
            0,
            0
        ],