{
    "mean": {
        "acc": 0.6565349544072948,
        "alpha": 0.43223746007890296,
        "alpha_ordinal": 0.433236380409203,
        "auc_roc": 0.7027165653346851,
        "cr": {
            "0": {
                "f1-score": 0.575,
                "precision": 0.71875,
                "recall": 0.4791666666666667,
                "support": 96
            },
            "1": {
                "f1-score": 0.7399463806970509,
                "precision": 0.6244343891402715,
                "recall": 0.9078947368421053,
                "support": 152
            },
            "2": {
                "f1-score": 0.5119999999999999,
                "precision": 0.7272727272727273,
                "recall": 0.3950617283950617,
                "support": 81
            },
            "accuracy": 0.6565349544072948,
            "macro avg": {
                "f1-score": 0.6089821268990169,
                "precision": 0.6901523721376662,
                "recall": 0.5940410439679445,
                "support": 329
            },
            "weighted avg": {
                "f1-score": 0.6356955922977257,
                "precision": 0.6772739150711616,
                "recall": 0.6565349544072948,
                "support": 329
            }
        },
        "f1": 0.6356955922977257,
        "kappa": 0.42752652407569947,
        "mae": 0.39209726443769,
        "mcc": 0.4563384150437139,
        "mse": 0.48936170212765956,
        "p": 0.6772739150711616,
        "p_tau": 3.470673985597264e-17,
        "r": 0.6565349544072948,
        "r2": -0.5077137652282819,
        "spearman": 0.4458320532464429,
        "tau": 0.42478065114499863,
        "y_predict": [
            1,
            1,
            1,
            1,
            2,
            1,
            1,
            1,
            1,
            0,
            2,
            2,
            2,
            2,
            2,
            1,
            1,
            2,
            1,
            2,
            2,
            1,
            0,
            1,
            2,
            2,
            0,
            1,
            0,
            0,
            0,
            1,
            1,
            1,
            2,
            1,
            1,
            1,
            1,
            1,
            1,
            1,
            1,
            1,
            1,
            0,
            1,
            1,
            1,
            1,
            1,
            1,
            1,
            1,
            1,
            1,
            1,
            1,
            2,
            1,
            1,
            1,
            1,
            1,
            1,
            1,
            1,
            1,
            1,
            1,
            1,
            1,
            1,
            1,
            1,
            1,
            1,
            1,
            1,
            1,
            1,
            1,
            2,
            0,
            0,
            1,
            1,
            0,
            1,
            2,
            1,
            2,
            0,
            1,
            1,
            0,
            0,
            0,
            0,
            1,
            1,
            1,
            0,
            1,
            1,
            0,
            1,
            1,
            1,
            1,
            1,
            1,
            1,
            1,
            1,
            1,
            1,
            1,
            1,
            1,
            1,
            1,
            1,
            1,
            0,
            1,
            0,
            1,
            1,
            1,
            1,
            1,
            1,
            1,
            1,
            2,
            2,
            1,
            1,
            1,
            1,
            1,
            0,
            0,
            2,
            2,
            1,
            2,
            1,
            1,
            1,
            1,
            2,
            2,
            2,
            1,
            2,
            1,
            2,
            1,
            1,
            1,
            2,
            1,
            0,
            2,
            1,
            1,
            1,
            1,
            1,
            1,
            1,
            1,
            1,
            1,
            1,
            0,
            0,
            1,
            0,
            0,
            1,
            1,
            2,
            1,
            0,
            2,
            0,
            0,
            0,
            0,
            1,
            1,
            1,
            0,
            1,
            1,
            1,
            1,
            1,
            1,
            1,
            1,
            1,
            0,
            1,
            1,
            0,
            1,
            1,
            1,
            1,
            1,
            1,
            0,
            1,
            1,
            1,
            1,
            1,
            1,
            2,
            2,
            1,
            2,
            1,
            2,
            1,
            1,
            1,
            1,
            1,
            1,
            0,
            2,
            1,
            1,
            1,
            0,
            1,
            1,
            1,
            1,
            1,
            1,
            1,
            0,
            1,
            1,
            1,
            1,
            0,
            1,
            1,
            1,
            2,
            1,
            1,
            1,
            2,
            2,
            0,
            1,
            0,
            1,
            1,
            1,
            0,
            0,
            1,
            1,
            1,
            1,
            1,
            1,
            2,
            1,
            2,
            1,
            1,
            1,
            1,
            1,
            0,
            0,
            1,
            0,
            1,
            1,
            1,
            0,
            2,
            0,
            2,
            0,
            0,
            0,
            1,
            1,
            2,
            1,
            1,
            2,
            0,
            1,
            0,
            1,
            0,
            0,
            1,
            0,
            0,
            0,
            1,
            0,
            1,
            1,
            1,
            1,
            0,
            1,
            1,
            0,
            0,
            0,
            0,
            1,
            1
        ],