{
    "mean": {
        "acc": 0.6565349544072948,
        "alpha": 0.42530303112622725,
        "alpha_ordinal": 0.4254032081456085,
        "auc_roc": 0.7013586933141228,
        "cr": {
            "0": {
                "f1-score": 0.5548387096774193,
                "precision": 0.7288135593220338,
                "recall": 0.4479166666666667,
                "support": 96
            },
            "1": {
                "f1-score": 0.7427055702917772,
                "precision": 0.6222222222222222,
                "recall": 0.9210526315789473,
                "support": 152
            },
            "2": {
                "f1-score": 0.5238095238095238,
                "precision": 0.7333333333333333,
                "recall": 0.4074074074074074,
                "support": 81
            },
            "accuracy": 0.6565349544072948,
            "macro avg": {
                "f1-score": 0.6071179345929067,
                "precision": 0.6947897049591965,
                "recall": 0.5921255685510072,
                "support": 329
            },
            "weighted avg": {
                "f1-score": 0.6339949369056348,
                "precision": 0.6806804847194318,
                "recall": 0.6565349544072948,
                "support": 329
            }
        },
        "f1": 0.6339949369056348,
        "kappa": 0.4256781808070198,
        "mae": 0.39209726443769,
        "mcc": 0.4583374419379467,
        "mse": 0.48936170212765956,
        "p": 0.6806804847194318,
        "p_tau": 9.352458000353993e-17,
        "r": 0.6565349544072948,
        "r2": -0.5569958847736625,
        "spearman": 0.43954816179916967,
        "tau": 0.41916543410764856,
        "y_predict": [
            1,
            1,
            2,
            1,
            2,
            1,
            1,
            2,
            1,
            0,
            2,
            2,
            2,
            2,
            2,
            0,
            1,
            2,
            1,
            2,
            2,
            1,
            0,
            1,
            2,
            1,
            0,
            1,
            0,
            0,
            0,
            1,
            1,
            1,
            2,
            1,
            1,
            1,
            1,
            1,
            1,
            1,
            1,
            1,
            1,
            0,
            1,
            1,
            1,
            1,
            1,
            1,
            1,
            1,
            1,
            1,
            1,
            1,
            2,
            1,
            1,
            1,
            1,
            1,
            1,
            1,
            1,
            1,
            1,
            1,
            1,
            1,
            1,
            1,
            1,
            1,
            1,
            1,
            1,
            1,
            1,
            1,
            2,
            0,
            0,
            0,
            1,
            1,
            1,
            2,
            1,
            2,
            0,
            1,
            1,
            0,
            0,
            1,
            0,
            1,
            1,
            1,
            0,
            1,
            1,
            0,
            1,
            1,
            1,
            1,
            1,
            1,
            1,
            1,
            1,
            1,
            1,
            1,
            1,
            1,
            1,
            1,
            1,
            2,
            0,
            1,
            1,
            1,
            1,
            1,
            1,
            1,
            1,
            1,
            1,
            1,
            1,
            1,
            1,
            1,
            1,
            1,
            0,
            0,
            2,
            2,
            1,
            2,
            0,
            1,
            1,
            1,
            2,
            2,
            2,
            1,
            2,
            1,
            1,
            2,
            1,
            2,
            2,
            1,
            0,
            1,
            1,
            1,
            1,
            1,
            1,
            1,
            1,
            1,
            1,
            1,
            1,
            0,
            0,
            1,
            0,
            0,
            1,
            1,
            2,
            1,
            0,
            2,
            0,
            0,
            2,
            0,
            1,
            1,
            1,
            0,
            1,
            1,
            1,
            1,
            1,
            1,
            1,
            1,
            1,
            0,
            1,
            1,
            1,
            1,
            1,
            1,
            1,
            1,
            1,
            1,
            1,
            1,
            1,
            1,
            1,
            1,
            2,
            2,
            1,
            2,
            2,
            2,
            1,
            1,
            1,
            1,
            1,
            1,
            0,
            2,
            1,
            1,
            1,
            0,
            1,
            1,
            1,
            1,
            1,
            1,
            1,
            0,
            1,
            1,
            1,
            1,
            0,
            1,
            1,
            1,
            1,
            1,
            1,
            1,
            2,
            2,
            0,
            1,
            0,
            1,
            1,
            1,
            0,
            1,
            1,
            1,
            1,
            1,
            1,
            1,
            2,
            2,
            2,
            1,
            1,
            1,
            1,
            1,
            0,
            0,
            1,
            0,
            1,
            1,
            1,
            0,
            2,
            0,
            2,
            0,
            0,
            0,
            1,
            1,
            2,
            1,
            1,
            1,
            0,
            1,
            0,
            1,
            0,
            0,
            1,
            0,
            0,
            0,
            1,
            0,
            1,
            1,
            1,
            1,
            0,
            1,
            1,
            0,
            0,
            0,
            1,
            1,
            1
        ],