{
    "mean": {
        "acc": 0.6504559270516718,
        "alpha": 0.41868323987804623,
        "alpha_ordinal": 0.417031712256568,
        "auc_roc": 0.6985545135556457,
        "cr": {
            "0": {
                "f1-score": 0.5161290322580645,
                "precision": 0.6779661016949152,
                "recall": 0.4166666666666667,
                "support": 96
            },
            "1": {
                "f1-score": 0.7365591397849462,
                "precision": 0.6227272727272727,
                "recall": 0.9013157894736842,
                "support": 152
            },
            "2": {
                "f1-score": 0.564885496183206,
                "precision": 0.74,
                "recall": 0.4567901234567901,
                "support": 81
            },
            "accuracy": 0.6504559270516718,
            "macro avg": {
                "f1-score": 0.605857889408739,
                "precision": 0.6802311248073959,
                "recall": 0.5915908598657137,
                "support": 329
            },
            "weighted avg": {
                "f1-score": 0.6299729529936952,
                "precision": 0.6677182103868002,
                "recall": 0.6504559270516718,
                "support": 329
            }
        },
        "f1": 0.6299729529936952,
        "kappa": 0.41870112311214225,
        "mae": 0.4012158054711246,
        "mcc": 0.445872475590699,
        "mse": 0.5045592705167173,
        "p": 0.6677182103868002,
        "p_tau": 5.102374644225666e-16,
        "r": 0.6504559270516718,
        "r2": -0.5263834544438233,
        "spearman": 0.42887042724793634,
        "tau": 0.4081110755590193,
        "y_predict": [
            2,
            1,
            2,
            1,
            2,
            1,
            1,
            2,
            1,
            0,
            2,
            2,
            2,
            2,
            2,
            0,
            1,
            2,
            1,
            2,
            1,
            1,
            0,
            2,
            2,
            2,
            0,
            0,
            0,
            0,
            0,
            2,
            1,
            1,
            2,
            1,
            1,
            1,
            2,
            1,
            1,
            1,
            1,
            1,
            1,
            0,
            1,
            1,
            1,
            1,
            1,
            1,
            1,
            1,
            1,
            1,
            0,
            1,
            2,
            1,
            1,
            2,
            1,
            1,
            1,
            1,
            1,
            1,
            1,
            1,
            1,
            1,
            1,
            1,
            1,
            1,
            1,
            1,
            1,
            1,
            1,
            1,
            1,
            1,
            1,
            0,
            1,
            0,
            1,
            2,
            1,
            2,
            0,
            1,
            1,
            0,
            0,
            1,
            1,
            1,
            1,
            1,
            0,
            1,
            1,
            1,
            1,
            1,
            1,
            1,
            2,
            1,
            1,
            0,
            1,
            1,
            1,
            1,
            1,
            1,
            1,
            1,
            1,
            1,
            1,
            1,
            2,
            1,
            1,
            1,
            1,
            1,
            1,
            1,
            1,
            1,
            0,
            1,
            1,
            1,
            1,
            1,
            0,
            0,
            2,
            2,
            1,
            2,
            1,
            1,
            1,
            1,
            2,
            2,
            2,
            1,
            2,
            2,
            2,
            0,
            1,
            1,
            2,
            1,
            0,
            1,
            1,
            1,
            1,
            1,
            1,
            1,
            1,
            1,
            1,
            1,
            1,
            0,
            1,
            1,
            0,
            0,
            1,
            1,
            1,
            1,
            0,
            2,
            0,
            0,
            0,
            0,
            1,
            1,
            1,
            0,
            1,
            0,
            0,
            1,
            1,
            1,
            1,
            1,
            1,
            0,
            1,
            1,
            1,
            1,
            1,
            1,
            1,
            1,
            1,
            1,
            1,
            1,
            1,
            1,
            1,
            1,
            2,
            2,
            1,
            2,
            2,
            2,
            1,
            1,
            1,
            0,
            1,
            1,
            0,
            2,
            1,
            1,
            1,
            1,
            1,
            1,
            1,
            1,
            1,
            1,
            1,
            0,
            1,
            1,
            1,
            1,
            0,
            1,
            1,
            1,
            1,
            1,
            1,
            1,
            2,
            2,
            0,
            1,
            1,
            0,
            2,
            1,
            0,
            1,
            0,
            1,
            1,
            1,
            1,
            1,
            2,
            2,
            2,
            1,
            1,
            1,
            1,
            1,
            0,
            0,
            1,
            1,
            1,
            2,
            0,
            0,
            2,
            1,
            2,
            0,
            0,
            0,
            1,
            2,
            1,
            1,
            1,
            1,
            0,
            1,
            0,
            1,
            1,
            0,
            1,
            0,
            0,
            1,
            1,
            0,
            1,
            1,
            1,
            1,
            0,
            1,
            1,
            0,
            0,
            1,
            1,
            0,
            1
        ],