{
    "mean": {
        "acc": 0.6656534954407295,
        "alpha": 0.4509798636008302,
        "alpha_ordinal": 0.45086513446917587,
        "auc_roc": 0.7091543335750283,
        "cr": {
            "0": {
                "f1-score": 0.567741935483871,
                "precision": 0.7457627118644068,
                "recall": 0.4583333333333333,
                "support": 96
            },
            "1": {
                "f1-score": 0.7466666666666667,
                "precision": 0.6278026905829597,
                "recall": 0.9210526315789473,
                "support": 152
            },
            "2": {
                "f1-score": 0.546875,
                "precision": 0.7446808510638298,
                "recall": 0.43209876543209874,
                "support": 81
            },
            "accuracy": 0.6656534954407295,
            "macro avg": {
                "f1-score": 0.6204278673835125,
                "precision": 0.706082084503732,
                "recall": 0.6038282434481265,
                "support": 329
            },
            "weighted avg": {
                "f1-score": 0.6452687967774619,
                "precision": 0.6909981101634138,
                "recall": 0.6656534954407295,
                "support": 329
            }
        },
        "f1": 0.6452687967774619,
        "kappa": 0.44214939729321456,
        "mae": 0.3799392097264438,
        "mcc": 0.47389022567353734,
        "mse": 0.47112462006079026,
        "p": 0.6909981101634138,
        "p_tau": 1.3344393310113424e-18,
        "r": 0.6656534954407295,
        "r2": -0.4683270947307798,
        "spearman": 0.46479869743244007,
        "tau": 0.44352450838208696,
        "y_predict": [
            1,
            1,
            1,
            1,
            2,
            1,
            1,
            1,
            1,
            0,
            2,
            2,
            2,
            2,
            2,
            1,
            1,
            2,
            1,
            2,
            2,
            1,
            0,
            1,
            2,
            2,
            0,
            1,
            0,
            0,
            0,
            1,
            1,
            1,
            2,
            1,
            1,
            1,
            1,
            1,
            1,
            1,
            1,
            1,
            1,
            0,
            1,
            1,
            1,
            1,
            1,
            1,
            1,
            1,
            1,
            1,
            1,
            2,
            2,
            1,
            1,
            1,
            1,
            1,
            1,
            1,
            1,
            1,
            1,
            1,
            1,
            1,
            1,
            1,
            1,
            1,
            1,
            1,
            1,
            1,
            1,
            1,
            2,
            0,
            0,
            1,
            1,
            0,
            1,
            2,
            1,
            2,
            0,
            1,
            1,
            0,
            0,
            0,
            0,
            1,
            1,
            1,
            0,
            1,
            1,
            0,
            1,
            1,
            1,
            1,
            1,
            1,
            1,
            1,
            1,
            1,
            1,
            1,
            1,
            1,
            1,
            1,
            1,
            1,
            0,
            1,
            1,
            1,
            1,
            1,
            1,
            1,
            1,
            1,
            1,
            2,
            2,
            1,
            1,
            1,
            1,
            1,
            0,
            0,
            2,
            2,
            1,
            2,
            1,
            1,
            1,
            1,
            2,
            2,
            2,
            1,
            2,
            1,
            2,
            2,
            1,
            1,
            2,
            1,
            0,
            2,
            1,
            1,
            1,
            1,
            1,
            1,
            1,
            1,
            1,
            1,
            1,
            0,
            0,
            1,
            0,
            0,
            1,
            1,
            2,
            1,
            0,
            2,
            0,
            0,
            1,
            0,
            1,
            1,
            1,
            0,
            1,
            1,
            1,
            1,
            1,
            1,
            1,
            1,
            1,
            0,
            1,
            1,
            1,
            1,
            1,
            1,
            1,
            1,
            1,
            0,
            1,
            1,
            1,
            1,
            1,
            1,
            2,
            2,
            1,
            2,
            1,
            2,
            1,
            1,
            1,
            1,
            1,
            1,
            0,
            2,
            1,
            1,
            1,
            0,
            1,
            1,
            1,
            1,
            1,
            1,
            1,
            0,
            1,
            1,
            1,
            1,
            0,
            1,
            1,
            1,
            2,
            1,
            1,
            1,
            2,
            2,
            0,
            1,
            0,
            1,
            1,
            1,
            0,
            1,
            1,
            1,
            1,
            1,
            1,
            1,
            2,
            2,
            2,
            1,
            1,
            1,
            1,
            1,
            0,
            0,
            1,
            0,
            1,
            1,
            1,
            0,
            2,
            0,
            2,
            0,
            0,
            0,
            1,
            1,
            2,
            1,
            1,
            2,
            0,
            1,
            1,
            1,
            0,
            0,
            1,
            0,
            0,
            0,
            1,
            0,
            1,
            1,
            1,
            1,
            0,
            1,
            1,
            0,
            0,
            0,
            0,
            1,
            1
        ],