{
    "mean": {
        "acc": 0.662613981762918,
        "alpha": 0.4236093059526904,
        "alpha_ordinal": 0.4239962698739972,
        "auc_roc": 0.7070084108282471,
        "cr": {
            "0": {
                "f1-score": 0.5641025641025641,
                "precision": 0.7333333333333333,
                "recall": 0.4583333333333333,
                "support": 96
            },
            "1": {
                "f1-score": 0.7500000000000001,
                "precision": 0.6294642857142857,
                "recall": 0.9276315789473685,
                "support": 152
            },
            "2": {
                "f1-score": 0.5238095238095238,
                "precision": 0.7333333333333333,
                "recall": 0.4074074074074074,
                "support": 81
            },
            "accuracy": 0.662613981762918,
            "macro avg": {
                "f1-score": 0.6126373626373627,
                "precision": 0.6987103174603174,
                "recall": 0.5977907732293698,
                "support": 329
            },
            "weighted avg": {
                "f1-score": 0.6400681385483817,
                "precision": 0.6853452019105515,
                "recall": 0.662613981762918,
                "support": 329
            }
        },
        "f1": 0.6400681385483817,
        "kappa": 0.43633080200037044,
        "mae": 0.3890577507598784,
        "mcc": 0.46873195530343015,
        "mse": 0.49240121580547114,
        "p": 0.6853452019105515,
        "p_tau": 1.135068462033056e-16,
        "r": 0.662613981762918,
        "r2": -0.5529720279720283,
        "spearman": 0.43752581118082967,
        "tau": 0.4179107927930827,
        "y_predict": [
            2,
            1,
            2,
            1,
            2,
            1,
            1,
            1,
            1,
            0,
            2,
            2,
            2,
            2,
            2,
            0,
            1,
            2,
            1,
            2,
            2,
            1,
            0,
            2,
            1,
            1,
            0,
            1,
            0,
            0,
            0,
            1,
            1,
            1,
            2,
            1,
            1,
            1,
            1,
            1,
            1,
            1,
            1,
            1,
            1,
            0,
            1,
            1,
            1,
            1,
            1,
            1,
            1,
            1,
            1,
            1,
            1,
            1,
            2,
            1,
            1,
            1,
            1,
            1,
            1,
            1,
            1,
            1,
            1,
            1,
            1,
            1,
            1,
            1,
            1,
            1,
            1,
            1,
            1,
            1,
            1,
            1,
            2,
            0,
            0,
            0,
            1,
            1,
            1,
            2,
            1,
            2,
            0,
            1,
            1,
            0,
            0,
            1,
            0,
            1,
            1,
            1,
            0,
            1,
            1,
            0,
            1,
            1,
            1,
            1,
            1,
            1,
            1,
            1,
            1,
            1,
            1,
            1,
            1,
            1,
            1,
            1,
            1,
            2,
            0,
            1,
            1,
            1,
            1,
            1,
            1,
            1,
            1,
            1,
            1,
            1,
            2,
            1,
            1,
            1,
            1,
            1,
            0,
            0,
            2,
            2,
            1,
            2,
            0,
            1,
            1,
            1,
            2,
            2,
            2,
            1,
            2,
            1,
            2,
            2,
            1,
            2,
            2,
            1,
            0,
            1,
            1,
            1,
            1,
            1,
            1,
            1,
            1,
            1,
            1,
            1,
            1,
            0,
            0,
            1,
            0,
            0,
            1,
            1,
            2,
            1,
            0,
            2,
            0,
            0,
            2,
            0,
            1,
            1,
            1,
            0,
            1,
            1,
            1,
            1,
            1,
            1,
            1,
            1,
            1,
            0,
            1,
            1,
            1,
            1,
            1,
            1,
            1,
            1,
            1,
            1,
            1,
            1,
            1,
            1,
            1,
            1,
            2,
            2,
            1,
            2,
            2,
            2,
            1,
            1,
            1,
            1,
            1,
            1,
            0,
            1,
            1,
            1,
            1,
            0,
            1,
            1,
            1,
            1,
            1,
            1,
            1,
            0,
            1,
            1,
            1,
            1,
            0,
            1,
            1,
            1,
            1,
            1,
            1,
            1,
            1,
            2,
            0,
            1,
            0,
            1,
            1,
            1,
            0,
            1,
            1,
            1,
            1,
            1,
            1,
            1,
            2,
            2,
            2,
            1,
            1,
            1,
            1,
            1,
            0,
            0,
            1,
            0,
            1,
            1,
            0,
            0,
            2,
            0,
            2,
            0,
            0,
            0,
            1,
            1,
            2,
            1,
            1,
            1,
            0,
            1,
            0,
            1,
            0,
            0,
            1,
            0,
            0,
            0,
            1,
            0,
            1,
            1,
            1,
            1,
            0,
            1,
            1,
            0,
            0,
            0,
            1,
            1,
            1
        ],