{
    "mean": {
        "acc": 0.662613981762918,
        "alpha": 0.4236093059526904,
        "alpha_ordinal": 0.4248187905188443,
        "auc_roc": 0.7071382045427702,
        "cr": {
            "0": {
                "f1-score": 0.5769230769230769,
                "precision": 0.75,
                "recall": 0.46875,
                "support": 96
            },
            "1": {
                "f1-score": 0.7500000000000001,
                "precision": 0.6294642857142857,
                "recall": 0.9276315789473685,
                "support": 152
            },
            "2": {
                "f1-score": 0.5079365079365079,
                "precision": 0.7111111111111111,
                "recall": 0.3950617283950617,
                "support": 81
            },
            "accuracy": 0.662613981762918,
            "macro avg": {
                "f1-score": 0.6116198616198617,
                "precision": 0.6968584656084656,
                "recall": 0.5971477691141435,
                "support": 329
            },
            "weighted avg": {
                "f1-score": 0.6399011323023481,
                "precision": 0.6847372991749892,
                "recall": 0.662613981762918,
                "support": 329
            }
        },
        "f1": 0.6399011323023481,
        "kappa": 0.43633080200037044,
        "mae": 0.3890577507598784,
        "mcc": 0.46873195530343015,
        "mse": 0.49240121580547114,
        "p": 0.6847372991749892,
        "p_tau": 1.0274489787585723e-16,
        "r": 0.662613981762918,
        "r2": -0.5529720279720283,
        "spearman": 0.4383819839453281,
        "tau": 0.418507713462046,
        "y_predict": [
            2,
            1,
            2,
            1,
            2,
            1,
            1,
            1,
            1,
            0,
            2,
            2,
            2,
            2,
            2,
            0,
            1,
            2,
            1,
            2,
            2,
            1,
            0,
            2,
            2,
            1,
            0,
            1,
            0,
            0,
            0,
            1,
            1,
            1,
            2,
            1,
            1,
            1,
            1,
            1,
            1,
            1,
            1,
            1,
            1,
            0,
            1,
            1,
            1,
            1,
            1,
            1,
            1,
            1,
            1,
            1,
            1,
            1,
            2,
            1,
            1,
            1,
            1,
            1,
            1,
            1,
            1,
            1,
            1,
            1,
            1,
            1,
            1,
            1,
            1,
            1,
            1,
            1,
            1,
            1,
            1,
            1,
            2,
            0,
            0,
            0,
            1,
            1,
            1,
            2,
            1,
            2,
            0,
            1,
            1,
            0,
            0,
            1,
            0,
            1,
            1,
            1,
            0,
            1,
            1,
            0,
            1,
            1,
            1,
            1,
            1,
            1,
            1,
            1,
            1,
            1,
            1,
            1,
            1,
            1,
            1,
            1,
            1,
            2,
            0,
            1,
            1,
            1,
            1,
            1,
            1,
            1,
            1,
            1,
            1,
            1,
            1,
            1,
            1,
            1,
            1,
            1,
            0,
            0,
            2,
            2,
            1,
            2,
            1,
            1,
            1,
            1,
            2,
            2,
            2,
            1,
            2,
            1,
            2,
            2,
            1,
            2,
            1,
            1,
            0,
            1,
            1,
            1,
            1,
            1,
            1,
            1,
            1,
            1,
            1,
            1,
            1,
            0,
            0,
            1,
            0,
            0,
            1,
            1,
            2,
            1,
            0,
            2,
            0,
            0,
            2,
            0,
            1,
            1,
            1,
            0,
            1,
            1,
            1,
            1,
            1,
            1,
            1,
            1,
            1,
            0,
            1,
            1,
            1,
            1,
            1,
            1,
            1,
            1,
            1,
            1,
            1,
            1,
            1,
            1,
            1,
            1,
            2,
            2,
            1,
            2,
            2,
            2,
            1,
            1,
            1,
            1,
            1,
            1,
            0,
            1,
            1,
            1,
            1,
            0,
            1,
            1,
            1,
            1,
            1,
            1,
            1,
            0,
            1,
            1,
            1,
            1,
            0,
            1,
            1,
            1,
            1,
            1,
            1,
            1,
            2,
            2,
            0,
            1,
            0,
            1,
            1,
            1,
            0,
            1,
            1,
            1,
            1,
            1,
            1,
            1,
            2,
            2,
            2,
            1,
            1,
            1,
            1,
            1,
            0,
            0,
            1,
            0,
            1,
            1,
            0,
            0,
            2,
            0,
            2,
            0,
            0,
            0,
            1,
            1,
            2,
            1,
            1,
            1,
            0,
            1,
            0,
            1,
            0,
            0,
            1,
            0,
            0,
            0,
            1,
            0,
            1,
            1,
            1,
            1,
            0,
            1,
            1,
            0,
            0,
            0,
            1,
            0,
            1
        ],