{
    "mean": {
        "acc": 0.6413373860182371,
        "alpha": 0.40593884593777585,
        "alpha_ordinal": 0.4054921648104711,
        "auc_roc": 0.6910184607237865,
        "cr": {
            "0": {
                "f1-score": 0.529032258064516,
                "precision": 0.6949152542372882,
                "recall": 0.4270833333333333,
                "support": 96
            },
            "1": {
                "f1-score": 0.7292225201072386,
                "precision": 0.6153846153846154,
                "recall": 0.8947368421052632,
                "support": 152
            },
            "2": {
                "f1-score": 0.523076923076923,
                "precision": 0.6938775510204082,
                "recall": 0.41975308641975306,
                "support": 81
            },
            "accuracy": 0.6413373860182371,
            "macro avg": {
                "f1-score": 0.5937772337495592,
                "precision": 0.6680591402141038,
                "recall": 0.5805244206194499,
                "support": 329
            },
            "weighted avg": {
                "f1-score": 0.6200551689961233,
                "precision": 0.6579161324556058,
                "recall": 0.6413373860182371,
                "support": 329
            }
        },
        "f1": 0.6200551689961233,
        "kappa": 0.40288544358311806,
        "mae": 0.41033434650455924,
        "mcc": 0.4299295967078515,
        "mse": 0.513677811550152,
        "p": 0.6579161324556058,
        "p_tau": 3.551482026100506e-15,
        "r": 0.6413373860182371,
        "r2": -0.5692312034319258,
        "spearman": 0.4167787562999094,
        "tau": 0.39621670857935154,
        "y_predict": [
            2,
            1,
            1,
            1,
            2,
            1,
            1,
            2,
            1,
            0,
            2,
            2,
            2,
            2,
            2,
            0,
            1,
            2,
            1,
            2,
            2,
            1,
            0,
            2,
            2,
            2,
            0,
            1,
            0,
            0,
            0,
            2,
            1,
            1,
            2,
            1,
            1,
            1,
            1,
            1,
            1,
            1,
            1,
            0,
            1,
            0,
            1,
            1,
            1,
            1,
            1,
            1,
            1,
            1,
            1,
            1,
            1,
            1,
            2,
            1,
            1,
            2,
            1,
            1,
            1,
            1,
            1,
            1,
            1,
            1,
            1,
            1,
            1,
            1,
            1,
            1,
            1,
            1,
            1,
            1,
            1,
            1,
            1,
            0,
            0,
            0,
            1,
            0,
            1,
            2,
            1,
            2,
            0,
            1,
            1,
            0,
            0,
            1,
            0,
            1,
            1,
            1,
            0,
            1,
            1,
            0,
            1,
            1,
            1,
            1,
            2,
            1,
            1,
            1,
            1,
            1,
            1,
            0,
            1,
            1,
            1,
            1,
            1,
            1,
            0,
            1,
            1,
            1,
            1,
            1,
            1,
            1,
            1,
            1,
            1,
            1,
            1,
            1,
            1,
            1,
            1,
            1,
            0,
            0,
            2,
            2,
            1,
            2,
            0,
            1,
            1,
            1,
            2,
            2,
            2,
            1,
            2,
            1,
            2,
            0,
            2,
            1,
            2,
            1,
            0,
            1,
            1,
            1,
            1,
            1,
            1,
            1,
            1,
            1,
            1,
            1,
            1,
            0,
            0,
            1,
            0,
            0,
            1,
            1,
            2,
            1,
            0,
            2,
            0,
            0,
            2,
            0,
            1,
            1,
            1,
            0,
            1,
            1,
            1,
            1,
            1,
            1,
            1,
            1,
            1,
            1,
            1,
            1,
            0,
            1,
            1,
            1,
            1,
            1,
            1,
            1,
            1,
            1,
            1,
            1,
            1,
            1,
            2,
            2,
            1,
            2,
            2,
            2,
            1,
            1,
            1,
            0,
            1,
            1,
            0,
            2,
            1,
            1,
            1,
            1,
            1,
            1,
            1,
            1,
            1,
            1,
            1,
            0,
            1,
            1,
            1,
            1,
            0,
            1,
            1,
            1,
            1,
            1,
            1,
            1,
            2,
            2,
            1,
            1,
            1,
            0,
            2,
            1,
            0,
            1,
            1,
            1,
            1,
            1,
            1,
            1,
            1,
            2,
            2,
            1,
            1,
            1,
            1,
            1,
            0,
            0,
            1,
            0,
            1,
            2,
            1,
            0,
            2,
            1,
            2,
            0,
            0,
            0,
            1,
            1,
            2,
            1,
            1,
            1,
            0,
            1,
            0,
            1,
            1,
            0,
            1,
            0,
            0,
            0,
            1,
            0,
            1,
            1,
            1,
            1,
            0,
            1,
            1,
            0,
            0,
            1,
            1,
            1,
            1
        ],