{
    "mean": {
        "acc": 0.6747720364741642,
        "alpha": 0.4624220700722682,
        "alpha_ordinal": 0.46225897639218505,
        "auc_roc": 0.7191165755812999,
        "cr": {
            "0": {
                "f1-score": 0.5822784810126582,
                "precision": 0.7419354838709677,
                "recall": 0.4791666666666667,
                "support": 96
            },
            "1": {
                "f1-score": 0.7533875338753387,
                "precision": 0.6405529953917051,
                "recall": 0.9144736842105263,
                "support": 152
            },
            "2": {
                "f1-score": 0.564885496183206,
                "precision": 0.74,
                "recall": 0.4567901234567901,
                "support": 81
            },
            "accuracy": 0.6747720364741642,
            "macro avg": {
                "f1-score": 0.6335171703570676,
                "precision": 0.7074961597542243,
                "recall": 0.6168101581113278,
                "support": 329
            },
            "weighted avg": {
                "f1-score": 0.6570497401735755,
                "precision": 0.6946196405810093,
                "recall": 0.6747720364741642,
                "support": 329
            }
        },
        "f1": 0.6570497401735755,
        "kappa": 0.46053176001838936,
        "mae": 0.3738601823708207,
        "mcc": 0.49741272214022074,
        "mse": 0.47112462006079026,
        "p": 0.6946196405810093,
        "p_tau": 2.455969443502936e-19,
        "r": 0.6747720364741642,
        "r2": -0.38935810810810767,
        "spearman": 0.4735478797157789,
        "tau": 0.45215266430936624,
        "y_predict": [
            2,
            1,
            2,
            1,
            2,
            1,
            2,
            1,
            1,
            0,
            2,
            2,
            2,
            2,
            2,
            0,
            1,
            2,
            1,
            2,
            2,
            1,
            0,
            2,
            1,
            1,
            0,
            1,
            0,
            0,
            0,
            1,
            1,
            1,
            2,
            1,
            1,
            1,
            1,
            1,
            1,
            1,
            1,
            1,
            1,
            0,
            1,
            1,
            1,
            1,
            1,
            1,
            1,
            1,
            1,
            1,
            1,
            1,
            2,
            1,
            1,
            1,
            1,
            1,
            1,
            1,
            1,
            1,
            1,
            1,
            1,
            1,
            1,
            1,
            1,
            1,
            1,
            1,
            1,
            1,
            1,
            1,
            2,
            0,
            0,
            0,
            1,
            0,
            1,
            2,
            1,
            2,
            0,
            1,
            1,
            0,
            0,
            1,
            0,
            1,
            1,
            1,
            0,
            1,
            1,
            0,
            0,
            1,
            1,
            1,
            1,
            1,
            1,
            1,
            1,
            1,
            1,
            1,
            1,
            1,
            1,
            1,
            1,
            2,
            0,
            1,
            2,
            1,
            1,
            1,
            1,
            1,
            1,
            1,
            2,
            1,
            2,
            1,
            1,
            1,
            1,
            1,
            0,
            0,
            2,
            2,
            1,
            2,
            0,
            1,
            1,
            1,
            2,
            2,
            2,
            1,
            2,
            2,
            2,
            2,
            1,
            2,
            2,
            1,
            0,
            1,
            1,
            1,
            1,
            1,
            1,
            1,
            1,
            1,
            1,
            1,
            1,
            0,
            0,
            1,
            0,
            0,
            1,
            1,
            1,
            1,
            0,
            2,
            0,
            0,
            2,
            0,
            1,
            1,
            1,
            0,
            1,
            1,
            1,
            1,
            1,
            1,
            1,
            1,
            1,
            0,
            1,
            1,
            1,
            1,
            1,
            1,
            1,
            1,
            1,
            1,
            1,
            1,
            1,
            1,
            1,
            2,
            2,
            2,
            1,
            2,
            2,
            2,
            1,
            1,
            1,
            1,
            1,
            1,
            0,
            2,
            1,
            1,
            1,
            1,
            1,
            1,
            1,
            1,
            1,
            1,
            1,
            0,
            1,
            1,
            1,
            1,
            0,
            1,
            1,
            1,
            1,
            1,
            1,
            1,
            1,
            2,
            0,
            1,
            0,
            1,
            1,
            1,
            0,
            1,
            1,
            1,
            1,
            1,
            1,
            1,
            2,
            2,
            2,
            1,
            1,
            1,
            1,
            1,
            0,
            0,
            1,
            0,
            1,
            1,
            0,
            0,
            2,
            0,
            2,
            0,
            0,
            0,
            1,
            1,
            2,
            1,
            1,
            1,
            0,
            1,
            0,
            1,
            0,
            0,
            1,
            0,
            0,
            0,
            1,
            0,
            1,
            1,
            1,
            1,
            0,
            0,
            1,
            0,
            0,
            0,
            1,
            1,
            1
        ],