{
    "mean": {
        "acc": 0.6504559270516718,
        "alpha": 0.42301343773145705,
        "alpha_ordinal": 0.4219892797650341,
        "auc_roc": 0.6994930369949729,
        "cr": {
            "0": {
                "f1-score": 0.529032258064516,
                "precision": 0.6949152542372882,
                "recall": 0.4270833333333333,
                "support": 96
            },
            "1": {
                "f1-score": 0.7351351351351353,
                "precision": 0.6238532110091743,
                "recall": 0.8947368421052632,
                "support": 152
            },
            "2": {
                "f1-score": 0.5563909774436091,
                "precision": 0.7115384615384616,
                "recall": 0.4567901234567901,
                "support": 81
            },
            "accuracy": 0.6504559270516718,
            "macro avg": {
                "f1-score": 0.6068527902144202,
                "precision": 0.6767689755949747,
                "recall": 0.5928700996317956,
                "support": 329
            },
            "weighted avg": {
                "f1-score": 0.630988773518743,
                "precision": 0.6661768020206369,
                "recall": 0.6504559270516718,
                "support": 329
            }
        },
        "f1": 0.630988773518743,
        "kappa": 0.41996657928222114,
        "mae": 0.4012158054711246,
        "mcc": 0.44542562307279554,
        "mse": 0.5045592705167173,
        "p": 0.6661768020206369,
        "p_tau": 2.770207076503721e-16,
        "r": 0.6504559270516718,
        "r2": -0.49750479846449114,
        "spearman": 0.432561443143551,
        "tau": 0.41153984522057585,
        "y_predict": [
            2,
            1,
            1,
            1,
            2,
            1,
            2,
            2,
            1,
            0,
            2,
            2,
            0,
            2,
            2,
            1,
            1,
            2,
            1,
            2,
            2,
            1,
            1,
            2,
            2,
            2,
            0,
            0,
            0,
            0,
            0,
            2,
            1,
            1,
            2,
            1,
            1,
            1,
            2,
            2,
            1,
            1,
            1,
            1,
            1,
            0,
            1,
            1,
            1,
            1,
            1,
            1,
            1,
            1,
            0,
            1,
            1,
            1,
            2,
            1,
            0,
            1,
            1,
            1,
            1,
            1,
            1,
            1,
            1,
            1,
            1,
            1,
            1,
            2,
            1,
            1,
            1,
            1,
            1,
            1,
            1,
            1,
            2,
            0,
            0,
            0,
            1,
            2,
            1,
            2,
            1,
            2,
            0,
            1,
            1,
            0,
            1,
            1,
            1,
            1,
            1,
            1,
            0,
            1,
            1,
            0,
            1,
            1,
            1,
            1,
            1,
            1,
            1,
            1,
            1,
            1,
            1,
            1,
            1,
            0,
            1,
            1,
            1,
            1,
            0,
            1,
            1,
            1,
            1,
            1,
            1,
            1,
            1,
            1,
            1,
            2,
            2,
            1,
            1,
            1,
            1,
            1,
            0,
            0,
            2,
            2,
            1,
            2,
            0,
            1,
            1,
            1,
            2,
            2,
            2,
            1,
            2,
            2,
            1,
            2,
            1,
            0,
            2,
            1,
            0,
            1,
            1,
            1,
            1,
            1,
            1,
            1,
            1,
            1,
            1,
            1,
            1,
            0,
            1,
            1,
            0,
            0,
            0,
            1,
            2,
            1,
            0,
            2,
            0,
            0,
            0,
            1,
            1,
            1,
            1,
            0,
            1,
            2,
            1,
            1,
            1,
            1,
            1,
            1,
            1,
            1,
            1,
            1,
            0,
            1,
            1,
            1,
            1,
            1,
            1,
            1,
            1,
            1,
            1,
            1,
            1,
            1,
            2,
            2,
            1,
            2,
            1,
            2,
            1,
            1,
            1,
            1,
            1,
            0,
            0,
            2,
            1,
            0,
            1,
            1,
            1,
            1,
            1,
            1,
            1,
            1,
            1,
            1,
            1,
            1,
            1,
            1,
            0,
            1,
            1,
            1,
            1,
            1,
            1,
            1,
            2,
            2,
            0,
            1,
            0,
            1,
            0,
            1,
            0,
            1,
            1,
            1,
            1,
            1,
            1,
            1,
            0,
            2,
            2,
            1,
            1,
            1,
            1,
            1,
            1,
            0,
            1,
            0,
            1,
            1,
            0,
            0,
            2,
            1,
            2,
            1,
            0,
            0,
            1,
            1,
            2,
            1,
            1,
            1,
            1,
            1,
            1,
            1,
            0,
            0,
            1,
            0,
            0,
            0,
            2,
            1,
            1,
            1,
            1,
            1,
            0,
            0,
            1,
            0,
            0,
            0,
            1,
            1,
            1
        ],