{
    "mean": {
        "acc": 0.6565349544072948,
        "alpha": 0.42191557396398904,
        "alpha_ordinal": 0.42119762842302333,
        "auc_roc": 0.702976152763731,
        "cr": {
            "0": {
                "f1-score": 0.5359477124183007,
                "precision": 0.7192982456140351,
                "recall": 0.4270833333333333,
                "support": 96
            },
            "1": {
                "f1-score": 0.7433155080213903,
                "precision": 0.6261261261261262,
                "recall": 0.9144736842105263,
                "support": 152
            },
            "2": {
                "f1-score": 0.5496183206106869,
                "precision": 0.72,
                "recall": 0.4444444444444444,
                "support": 81
            },
            "accuracy": 0.6565349544072948,
            "macro avg": {
                "f1-score": 0.6096271803501261,
                "precision": 0.6884747905800538,
                "recall": 0.595333820662768,
                "support": 329
            },
            "weighted avg": {
                "f1-score": 0.6351186066287958,
                "precision": 0.676424932371181,
                "recall": 0.6565349544072948,
                "support": 329
            }
        },
        "f1": 0.6351186066287958,
        "kappa": 0.4278260869565217,
        "mae": 0.3951367781155015,
        "mcc": 0.4575836950195274,
        "mse": 0.49848024316109424,
        "p": 0.676424932371181,
        "p_tau": 2.1778513091561584e-16,
        "r": 0.6565349544072948,
        "r2": -0.5348466746316207,
        "spearman": 0.4336372981165795,
        "tau": 0.4135010583096096,
        "y_predict": [
            2,
            1,
            2,
            1,
            2,
            1,
            1,
            2,
            1,
            0,
            2,
            2,
            2,
            2,
            2,
            0,
            1,
            2,
            1,
            2,
            2,
            1,
            0,
            2,
            2,
            2,
            0,
            1,
            0,
            0,
            0,
            2,
            1,
            1,
            2,
            1,
            1,
            1,
            1,
            1,
            1,
            1,
            1,
            0,
            1,
            0,
            1,
            1,
            1,
            1,
            1,
            1,
            1,
            1,
            1,
            1,
            1,
            1,
            2,
            1,
            1,
            1,
            1,
            1,
            1,
            1,
            1,
            1,
            1,
            1,
            1,
            1,
            1,
            1,
            1,
            1,
            1,
            1,
            1,
            1,
            1,
            1,
            2,
            0,
            0,
            0,
            1,
            0,
            1,
            2,
            1,
            2,
            0,
            1,
            1,
            0,
            0,
            1,
            0,
            1,
            1,
            1,
            0,
            1,
            1,
            0,
            1,
            1,
            1,
            1,
            1,
            1,
            1,
            1,
            1,
            1,
            1,
            1,
            1,
            1,
            1,
            1,
            1,
            2,
            0,
            1,
            1,
            1,
            1,
            1,
            1,
            1,
            1,
            1,
            1,
            2,
            1,
            1,
            1,
            1,
            1,
            1,
            0,
            0,
            2,
            2,
            1,
            2,
            0,
            1,
            1,
            1,
            2,
            2,
            2,
            1,
            2,
            1,
            2,
            2,
            1,
            1,
            2,
            1,
            0,
            1,
            1,
            1,
            1,
            1,
            1,
            1,
            1,
            1,
            1,
            1,
            1,
            0,
            0,
            1,
            0,
            0,
            1,
            1,
            2,
            1,
            0,
            2,
            0,
            0,
            2,
            0,
            1,
            1,
            1,
            0,
            1,
            1,
            1,
            1,
            1,
            1,
            1,
            1,
            1,
            1,
            1,
            1,
            0,
            1,
            1,
            1,
            1,
            1,
            1,
            1,
            1,
            1,
            1,
            1,
            1,
            1,
            2,
            2,
            1,
            2,
            1,
            2,
            1,
            1,
            1,
            1,
            1,
            1,
            0,
            2,
            1,
            1,
            1,
            1,
            1,
            1,
            1,
            1,
            1,
            1,
            1,
            0,
            1,
            1,
            1,
            1,
            0,
            1,
            1,
            1,
            1,
            1,
            1,
            1,
            2,
            2,
            1,
            1,
            1,
            0,
            2,
            1,
            0,
            1,
            1,
            1,
            1,
            1,
            1,
            1,
            2,
            2,
            2,
            1,
            1,
            1,
            1,
            1,
            0,
            0,
            1,
            0,
            1,
            1,
            1,
            0,
            2,
            0,
            2,
            0,
            0,
            0,
            1,
            1,
            2,
            1,
            1,
            1,
            0,
            1,
            0,
            1,
            1,
            0,
            1,
            0,
            0,
            1,
            1,
            0,
            1,
            1,
            1,
            1,
            0,
            1,
            1,
            0,
            0,
            0,
            1,
            1,
            1
        ],