{
    "mean": {
        "acc": 0.6747720364741642,
        "alpha": 0.44994701144552784,
        "alpha_ordinal": 0.4500722978262872,
        "auc_roc": 0.7191165755812999,
        "cr": {
            "0": {
                "f1-score": 0.5822784810126582,
                "precision": 0.7419354838709677,
                "recall": 0.4791666666666667,
                "support": 96
            },
            "1": {
                "f1-score": 0.7567567567567567,
                "precision": 0.6422018348623854,
                "recall": 0.9210526315789473,
                "support": 152
            },
            "2": {
                "f1-score": 0.5538461538461538,
                "precision": 0.7346938775510204,
                "recall": 0.4444444444444444,
                "support": 81
            },
            "accuracy": 0.6747720364741642,
            "macro avg": {
                "f1-score": 0.6309604638718561,
                "precision": 0.7062770654281244,
                "recall": 0.6148879142300195,
                "support": 329
            },
            "weighted avg": {
                "f1-score": 0.6558884488321601,
                "precision": 0.6940750438672587,
                "recall": 0.6747720364741642,
                "support": 329
            }
        },
        "f1": 0.6558884488321601,
        "kappa": 0.4599441580756014,
        "mae": 0.3768996960486322,
        "mcc": 0.48775857317953625,
        "mse": 0.48024316109422494,
        "p": 0.6940750438672587,
        "p_tau": 1.8619137564268805e-18,
        "r": 0.6747720364741642,
        "r2": -0.4300412654745531,
        "spearman": 0.46151730952532843,
        "tau": 0.44098542025297716,
        "y_predict": [
            2,
            1,
            2,
            1,
            2,
            1,
            2,
            1,
            1,
            0,
            2,
            2,
            2,
            2,
            2,
            0,
            1,
            2,
            1,
            2,
            2,
            1,
            0,
            2,
            1,
            1,
            0,
            1,
            1,
            0,
            0,
            1,
            1,
            1,
            2,
            1,
            1,
            1,
            1,
            1,
            1,
            1,
            1,
            1,
            1,
            0,
            1,
            1,
            1,
            1,
            1,
            1,
            1,
            1,
            1,
            1,
            1,
            1,
            2,
            1,
            1,
            1,
            1,
            1,
            1,
            1,
            1,
            1,
            1,
            1,
            1,
            1,
            1,
            1,
            1,
            1,
            1,
            1,
            1,
            1,
            1,
            1,
            2,
            0,
            0,
            0,
            1,
            0,
            1,
            2,
            1,
            2,
            0,
            1,
            1,
            0,
            0,
            1,
            0,
            1,
            1,
            1,
            0,
            1,
            1,
            0,
            0,
            1,
            1,
            1,
            1,
            1,
            1,
            1,
            1,
            1,
            1,
            1,
            1,
            1,
            1,
            1,
            1,
            2,
            0,
            1,
            1,
            1,
            1,
            1,
            1,
            1,
            1,
            1,
            2,
            0,
            2,
            1,
            1,
            1,
            1,
            1,
            0,
            0,
            2,
            2,
            1,
            2,
            1,
            1,
            1,
            1,
            2,
            2,
            2,
            1,
            2,
            1,
            2,
            2,
            1,
            2,
            2,
            1,
            0,
            1,
            1,
            1,
            1,
            1,
            1,
            1,
            1,
            1,
            1,
            1,
            1,
            0,
            0,
            1,
            0,
            0,
            1,
            1,
            1,
            1,
            0,
            2,
            0,
            0,
            2,
            0,
            1,
            1,
            1,
            0,
            1,
            1,
            1,
            1,
            1,
            1,
            1,
            1,
            1,
            0,
            1,
            1,
            1,
            1,
            1,
            1,
            1,
            1,
            1,
            1,
            1,
            1,
            1,
            1,
            1,
            1,
            2,
            2,
            1,
            2,
            2,
            2,
            1,
            1,
            1,
            1,
            1,
            1,
            0,
            2,
            1,
            1,
            1,
            1,
            1,
            1,
            1,
            1,
            1,
            1,
            1,
            0,
            1,
            1,
            1,
            1,
            0,
            1,
            2,
            1,
            1,
            1,
            1,
            1,
            2,
            2,
            0,
            1,
            0,
            1,
            0,
            1,
            0,
            1,
            1,
            1,
            1,
            1,
            1,
            1,
            2,
            2,
            2,
            1,
            1,
            1,
            1,
            1,
            0,
            0,
            1,
            0,
            1,
            1,
            0,
            0,
            2,
            0,
            2,
            0,
            0,
            0,
            1,
            1,
            2,
            1,
            1,
            1,
            0,
            1,
            0,
            1,
            0,
            0,
            1,
            0,
            0,
            0,
            1,
            0,
            1,
            0,
            1,
            1,
            0,
            1,
            1,
            0,
            0,
            0,
            1,
            1,
            1
        ],