{
    "mean": {
        "acc": 0.6504559270516718,
        "alpha": 0.41967735467683986,
        "alpha_ordinal": 0.41880000551516683,
        "auc_roc": 0.6966474992393258,
        "cr": {
            "0": {
                "f1-score": 0.52,
                "precision": 0.7222222222222222,
                "recall": 0.40625,
                "support": 96
            },
            "1": {
                "f1-score": 0.7374005305039788,
                "precision": 0.6177777777777778,
                "recall": 0.9144736842105263,
                "support": 152
            },
            "2": {
                "f1-score": 0.5496183206106869,
                "precision": 0.72,
                "recall": 0.4444444444444444,
                "support": 81
            },
            "accuracy": 0.6504559270516718,
            "macro avg": {
                "f1-score": 0.6023396170382219,
                "precision": 0.6866666666666665,
                "recall": 0.5883893762183235,
                "support": 329
            },
            "weighted avg": {
                "f1-score": 0.6277324152160195,
                "precision": 0.6734211415062479,
                "recall": 0.6504559270516718,
                "support": 329
            }
        },
        "f1": 0.6277324152160195,
        "kappa": 0.4161896091471601,
        "mae": 0.3981762917933131,
        "mcc": 0.44825315734462007,
        "mse": 0.49544072948328266,
        "p": 0.6734211415062479,
        "p_tau": 2.783913112363327e-16,
        "r": 0.6504559270516718,
        "r2": -0.5680409356725149,
        "spearman": 0.43283748303964675,
        "tau": 0.4123556777411653,
        "y_predict": [
            2,
            1,
            2,
            1,
            2,
            1,
            1,
            2,
            1,
            0,
            2,
            2,
            2,
            2,
            2,
            1,
            1,
            2,
            1,
            2,
            2,
            1,
            0,
            2,
            2,
            2,
            0,
            1,
            0,
            0,
            0,
            2,
            1,
            1,
            2,
            1,
            1,
            1,
            1,
            1,
            1,
            1,
            1,
            0,
            1,
            0,
            1,
            1,
            1,
            1,
            1,
            1,
            1,
            1,
            1,
            1,
            1,
            1,
            2,
            1,
            1,
            1,
            1,
            1,
            1,
            1,
            1,
            1,
            1,
            1,
            1,
            1,
            1,
            1,
            1,
            1,
            1,
            1,
            1,
            1,
            1,
            1,
            2,
            0,
            0,
            0,
            1,
            0,
            1,
            2,
            1,
            2,
            0,
            1,
            1,
            0,
            0,
            1,
            0,
            1,
            1,
            1,
            0,
            1,
            1,
            0,
            1,
            1,
            1,
            1,
            1,
            1,
            1,
            1,
            1,
            1,
            1,
            0,
            1,
            1,
            1,
            1,
            1,
            2,
            0,
            1,
            1,
            1,
            1,
            1,
            1,
            1,
            1,
            1,
            1,
            2,
            1,
            1,
            1,
            1,
            1,
            1,
            0,
            0,
            1,
            2,
            1,
            2,
            1,
            1,
            1,
            1,
            2,
            2,
            2,
            1,
            2,
            1,
            2,
            2,
            1,
            2,
            2,
            1,
            0,
            1,
            1,
            1,
            1,
            1,
            1,
            1,
            1,
            1,
            1,
            1,
            1,
            0,
            0,
            1,
            0,
            0,
            1,
            1,
            2,
            1,
            0,
            2,
            0,
            0,
            2,
            0,
            1,
            1,
            1,
            0,
            1,
            1,
            1,
            1,
            1,
            1,
            1,
            1,
            1,
            1,
            1,
            1,
            0,
            1,
            1,
            1,
            1,
            1,
            1,
            1,
            1,
            1,
            1,
            1,
            1,
            1,
            2,
            2,
            1,
            2,
            1,
            2,
            1,
            1,
            1,
            1,
            1,
            1,
            0,
            2,
            1,
            1,
            1,
            1,
            1,
            1,
            1,
            1,
            1,
            1,
            1,
            0,
            1,
            1,
            1,
            1,
            0,
            1,
            1,
            1,
            1,
            1,
            1,
            1,
            2,
            2,
            1,
            1,
            1,
            1,
            2,
            1,
            0,
            1,
            1,
            1,
            1,
            1,
            1,
            1,
            2,
            2,
            2,
            1,
            1,
            1,
            1,
            1,
            0,
            0,
            1,
            0,
            1,
            1,
            1,
            0,
            2,
            0,
            2,
            0,
            0,
            0,
            1,
            1,
            2,
            1,
            1,
            1,
            0,
            1,
            0,
            1,
            1,
            0,
            1,
            0,
            0,
            1,
            1,
            0,
            1,
            1,
            1,
            1,
            0,
            1,
            1,
            0,
            0,
            1,
            1,
            1,
            1
        ],