{
    "mean": {
        "acc": 0.6474164133738601,
        "alpha": 0.4180690876882197,
        "alpha_ordinal": 0.41705538452653645,
        "auc_roc": 0.6945015764925446,
        "cr": {
            "0": {
                "f1-score": 0.5165562913907286,
                "precision": 0.7090909090909091,
                "recall": 0.40625,
                "support": 96
            },
            "1": {
                "f1-score": 0.7340425531914895,
                "precision": 0.6160714285714286,
                "recall": 0.9078947368421053,
                "support": 152
            },
            "2": {
                "f1-score": 0.5496183206106869,
                "precision": 0.72,
                "recall": 0.4444444444444444,
                "support": 81
            },
            "accuracy": 0.6474164133738601,
            "macro avg": {
                "f1-score": 0.600072388397635,
                "precision": 0.6817207792207792,
                "recall": 0.5861963937621832,
                "support": 329
            },
            "weighted avg": {
                "f1-score": 0.6251761581400668,
                "precision": 0.6688011684364268,
                "recall": 0.6474164133738601,
                "support": 329
            }
        },
        "f1": 0.6251761581400668,
        "kappa": 0.411621417449085,
        "mae": 0.4012158054711246,
        "mcc": 0.4422780833680238,
        "mse": 0.49848024316109424,
        "p": 0.6688011684364268,
        "p_tau": 4.2288852479476356e-16,
        "r": 0.6474164133738601,
        "r2": -0.5630359212050984,
        "spearman": 0.43038745074479706,
        "tau": 0.40969405437873946,
        "y_predict": [
            2,
            1,
            1,
            1,
            2,
            1,
            1,
            2,
            1,
            0,
            2,
            2,
            2,
            2,
            2,
            1,
            1,
            2,
            1,
            2,
            2,
            1,
            0,
            2,
            2,
            2,
            0,
            1,
            0,
            0,
            0,
            2,
            1,
            1,
            2,
            1,
            1,
            1,
            1,
            1,
            1,
            1,
            1,
            0,
            1,
            0,
            1,
            1,
            1,
            1,
            1,
            1,
            1,
            1,
            1,
            1,
            1,
            1,
            2,
            1,
            1,
            1,
            1,
            1,
            1,
            1,
            1,
            1,
            1,
            1,
            1,
            1,
            1,
            1,
            1,
            1,
            1,
            1,
            1,
            1,
            1,
            1,
            2,
            0,
            0,
            0,
            1,
            0,
            1,
            2,
            1,
            2,
            0,
            1,
            1,
            0,
            0,
            1,
            0,
            1,
            1,
            1,
            0,
            1,
            1,
            0,
            1,
            1,
            1,
            1,
            1,
            1,
            1,
            1,
            1,
            1,
            1,
            0,
            1,
            1,
            1,
            1,
            1,
            2,
            0,
            1,
            1,
            1,
            1,
            1,
            1,
            1,
            1,
            1,
            1,
            2,
            1,
            1,
            1,
            1,
            1,
            1,
            0,
            0,
            2,
            2,
            1,
            2,
            1,
            1,
            1,
            1,
            2,
            2,
            2,
            1,
            2,
            1,
            2,
            2,
            1,
            2,
            2,
            1,
            0,
            1,
            1,
            1,
            1,
            1,
            1,
            1,
            1,
            1,
            1,
            1,
            1,
            0,
            0,
            1,
            0,
            0,
            1,
            1,
            2,
            1,
            0,
            2,
            0,
            0,
            2,
            0,
            1,
            1,
            1,
            0,
            1,
            1,
            1,
            1,
            1,
            1,
            1,
            1,
            1,
            1,
            1,
            1,
            0,
            1,
            1,
            1,
            1,
            1,
            1,
            1,
            1,
            1,
            1,
            1,
            1,
            1,
            2,
            2,
            1,
            2,
            1,
            2,
            1,
            1,
            1,
            1,
            1,
            1,
            0,
            2,
            1,
            1,
            1,
            0,
            1,
            1,
            1,
            1,
            1,
            1,
            1,
            0,
            1,
            1,
            1,
            1,
            0,
            1,
            1,
            1,
            1,
            1,
            1,
            1,
            2,
            2,
            1,
            1,
            1,
            1,
            2,
            1,
            0,
            1,
            1,
            1,
            1,
            1,
            1,
            1,
            2,
            2,
            2,
            1,
            1,
            1,
            1,
            1,
            0,
            0,
            1,
            0,
            1,
            1,
            1,
            0,
            2,
            0,
            2,
            0,
            0,
            0,
            1,
            1,
            2,
            1,
            1,
            1,
            0,
            1,
            0,
            1,
            1,
            0,
            1,
            0,
            0,
            1,
            1,
            0,
            1,
            1,
            1,
            1,
            0,
            1,
            1,
            0,
            0,
            1,
            1,
            1,
            1
        ],