{
    "mean": {
        "acc": 0.6504559270516718,
        "alpha": 0.42370857287791674,
        "alpha_ordinal": 0.42340173545215976,
        "auc_roc": 0.699882418138542,
        "cr": {
            "0": {
                "f1-score": 0.5394736842105262,
                "precision": 0.7321428571428571,
                "recall": 0.4270833333333333,
                "support": 96
            },
            "1": {
                "f1-score": 0.7351351351351353,
                "precision": 0.6238532110091743,
                "recall": 0.8947368421052632,
                "support": 152
            },
            "2": {
                "f1-score": 0.5441176470588236,
                "precision": 0.6727272727272727,
                "recall": 0.4567901234567901,
                "support": 81
            },
            "accuracy": 0.6504559270516718,
            "macro avg": {
                "f1-score": 0.6062421554681617,
                "precision": 0.6762411136264347,
                "recall": 0.5928700996317956,
                "support": 329
            },
            "weighted avg": {
                "f1-score": 0.6310138104453367,
                "precision": 0.6674842293313613,
                "recall": 0.6504559270516718,
                "support": 329
            }
        },
        "f1": 0.6310138104453367,
        "kappa": 0.42036645525017613,
        "mae": 0.4012158054711246,
        "mcc": 0.4460591752977339,
        "mse": 0.5045592705167173,
        "p": 0.6674842293313613,
        "p_tau": 2.0720934021614876e-16,
        "r": 0.6504559270516718,
        "r2": -0.49553644777917727,
        "spearman": 0.43438420374987813,
        "tau": 0.41323751725895247,
        "y_predict": [
            2,
            1,
            1,
            1,
            2,
            1,
            1,
            2,
            1,
            0,
            2,
            2,
            2,
            2,
            2,
            0,
            1,
            2,
            1,
            2,
            2,
            1,
            0,
            2,
            2,
            2,
            0,
            1,
            0,
            0,
            0,
            2,
            1,
            1,
            2,
            1,
            1,
            1,
            1,
            1,
            1,
            1,
            1,
            0,
            1,
            0,
            1,
            1,
            1,
            1,
            1,
            1,
            1,
            1,
            1,
            1,
            1,
            1,
            2,
            1,
            1,
            2,
            1,
            1,
            1,
            1,
            1,
            1,
            1,
            1,
            1,
            1,
            1,
            2,
            1,
            1,
            1,
            1,
            1,
            1,
            1,
            1,
            2,
            0,
            0,
            0,
            1,
            0,
            1,
            2,
            1,
            2,
            0,
            1,
            1,
            0,
            0,
            1,
            0,
            1,
            1,
            1,
            0,
            1,
            1,
            0,
            1,
            1,
            1,
            1,
            2,
            1,
            1,
            1,
            1,
            1,
            1,
            1,
            1,
            1,
            1,
            1,
            1,
            1,
            0,
            1,
            2,
            1,
            1,
            1,
            1,
            1,
            1,
            1,
            1,
            1,
            2,
            1,
            1,
            1,
            1,
            1,
            0,
            0,
            2,
            2,
            1,
            2,
            0,
            1,
            1,
            1,
            2,
            2,
            2,
            1,
            2,
            1,
            2,
            2,
            1,
            1,
            2,
            1,
            0,
            1,
            1,
            1,
            1,
            1,
            1,
            1,
            1,
            1,
            1,
            1,
            1,
            0,
            0,
            1,
            0,
            0,
            1,
            1,
            2,
            1,
            0,
            2,
            0,
            0,
            2,
            0,
            1,
            1,
            1,
            0,
            1,
            1,
            1,
            1,
            1,
            1,
            1,
            1,
            1,
            2,
            1,
            1,
            0,
            1,
            1,
            1,
            1,
            1,
            1,
            1,
            1,
            1,
            1,
            1,
            1,
            1,
            2,
            2,
            1,
            2,
            2,
            2,
            1,
            1,
            1,
            1,
            1,
            1,
            0,
            2,
            1,
            1,
            1,
            1,
            1,
            1,
            1,
            1,
            1,
            1,
            1,
            0,
            1,
            1,
            1,
            1,
            0,
            1,
            1,
            1,
            1,
            1,
            1,
            1,
            2,
            2,
            1,
            1,
            1,
            0,
            2,
            1,
            0,
            1,
            1,
            1,
            1,
            1,
            1,
            1,
            2,
            2,
            2,
            1,
            1,
            1,
            1,
            1,
            0,
            0,
            1,
            0,
            1,
            2,
            1,
            0,
            2,
            1,
            2,
            0,
            0,
            0,
            1,
            1,
            2,
            1,
            1,
            1,
            0,
            1,
            0,
            1,
            1,
            0,
            1,
            0,
            0,
            0,
            1,
            0,
            1,
            1,
            1,
            1,
            0,
            1,
            1,
            0,
            0,
            1,
            1,
            1,
            1
        ],