{
    "mean": {
        "acc": 0.662613981762918,
        "alpha": 0.44885167539847104,
        "alpha_ordinal": 0.44896465780891637,
        "auc_roc": 0.7094346000026595,
        "cr": {
            "0": {
                "f1-score": 0.5732484076433121,
                "precision": 0.7377049180327869,
                "recall": 0.46875,
                "support": 96
            },
            "1": {
                "f1-score": 0.7425474254742547,
                "precision": 0.631336405529954,
                "recall": 0.9013157894736842,
                "support": 152
            },
            "2": {
                "f1-score": 0.5454545454545455,
                "precision": 0.7058823529411765,
                "recall": 0.4444444444444444,
                "support": 81
            },
            "accuracy": 0.662613981762918,
            "macro avg": {
                "f1-score": 0.6204167928573708,
                "precision": 0.6916412255013058,
                "recall": 0.6048367446393762,
                "support": 329
            },
            "weighted avg": {
                "f1-score": 0.6446227172877291,
                "precision": 0.680727283768802,
                "recall": 0.662613981762918,
                "support": 329
            }
        },
        "f1": 0.6446227172877291,
        "kappa": 0.44049333537613,
        "mae": 0.3860182370820669,
        "mcc": 0.46621827105467883,
        "mse": 0.48328267477203646,
        "p": 0.680727283768802,
        "p_tau": 3.0346665752985097e-18,
        "r": 0.662613981762918,
        "r2": -0.42350604114509616,
        "spearman": 0.4598094443996846,
        "tau": 0.43798669615619895,
        "y_predict": [
            2,
            1,
            2,
            1,
            2,
            1,
            2,
            1,
            1,
            0,
            2,
            2,
            2,
            2,
            2,
            0,
            1,
            2,
            1,
            2,
            2,
            1,
            0,
            2,
            1,
            1,
            0,
            1,
            0,
            0,
            0,
            2,
            1,
            1,
            2,
            1,
            1,
            1,
            1,
            1,
            1,
            1,
            1,
            1,
            1,
            0,
            1,
            1,
            1,
            1,
            1,
            1,
            1,
            1,
            1,
            1,
            1,
            1,
            2,
            1,
            1,
            1,
            1,
            1,
            1,
            1,
            1,
            1,
            1,
            1,
            1,
            1,
            1,
            1,
            1,
            1,
            1,
            1,
            1,
            1,
            1,
            1,
            2,
            0,
            0,
            0,
            1,
            0,
            1,
            2,
            1,
            2,
            0,
            1,
            1,
            0,
            0,
            1,
            0,
            1,
            1,
            1,
            0,
            1,
            1,
            0,
            1,
            1,
            1,
            1,
            1,
            1,
            1,
            1,
            1,
            1,
            1,
            0,
            1,
            1,
            1,
            1,
            1,
            2,
            0,
            1,
            2,
            1,
            1,
            1,
            1,
            1,
            1,
            1,
            1,
            1,
            2,
            1,
            1,
            1,
            1,
            1,
            0,
            0,
            2,
            2,
            1,
            2,
            0,
            1,
            1,
            1,
            2,
            2,
            2,
            1,
            2,
            2,
            2,
            2,
            1,
            2,
            2,
            1,
            0,
            1,
            1,
            1,
            1,
            1,
            1,
            1,
            1,
            1,
            1,
            1,
            1,
            0,
            0,
            1,
            0,
            0,
            1,
            1,
            1,
            1,
            0,
            2,
            0,
            0,
            2,
            0,
            1,
            1,
            1,
            0,
            1,
            1,
            1,
            1,
            1,
            1,
            1,
            1,
            1,
            2,
            1,
            1,
            1,
            1,
            1,
            1,
            1,
            1,
            1,
            2,
            1,
            1,
            1,
            1,
            1,
            1,
            2,
            2,
            1,
            2,
            1,
            2,
            1,
            1,
            1,
            1,
            1,
            1,
            0,
            1,
            1,
            1,
            1,
            0,
            1,
            1,
            1,
            1,
            1,
            1,
            1,
            0,
            1,
            1,
            1,
            1,
            0,
            1,
            1,
            1,
            1,
            1,
            1,
            1,
            2,
            2,
            0,
            1,
            0,
            1,
            1,
            1,
            0,
            1,
            1,
            1,
            1,
            1,
            1,
            1,
            2,
            2,
            2,
            1,
            1,
            1,
            1,
            1,
            0,
            0,
            1,
            0,
            1,
            1,
            0,
            0,
            2,
            0,
            2,
            0,
            0,
            0,
            1,
            1,
            2,
            1,
            1,
            2,
            0,
            1,
            0,
            1,
            0,
            0,
            1,
            0,
            0,
            0,
            1,
            0,
            1,
            1,
            1,
            1,
            0,
            1,
            1,
            0,
            0,
            0,
            1,
            1,
            1
        ],