{
    "mean": {
        "acc": 0.6504559270516718,
        "alpha": 0.41914855534281803,
        "alpha_ordinal": 0.4189284022294185,
        "auc_roc": 0.6966474992393258,
        "cr": {
            "0": {
                "f1-score": 0.5394736842105262,
                "precision": 0.7321428571428571,
                "recall": 0.4270833333333333,
                "support": 96
            },
            "1": {
                "f1-score": 0.7374005305039788,
                "precision": 0.6177777777777778,
                "recall": 0.9144736842105263,
                "support": 152
            },
            "2": {
                "f1-score": 0.5271317829457365,
                "precision": 0.7083333333333334,
                "recall": 0.41975308641975306,
                "support": 81
            },
            "accuracy": 0.6504559270516718,
            "macro avg": {
                "f1-score": 0.6013353325534139,
                "precision": 0.6860846560846561,
                "recall": 0.5871033679878709,
                "support": 329
            },
            "weighted avg": {
                "f1-score": 0.6278785068067476,
                "precision": 0.6734435760119651,
                "recall": 0.6504559270516718,
                "support": 329
            }
        },
        "f1": 0.6278785068067476,
        "kappa": 0.4159192305911048,
        "mae": 0.3981762917933131,
        "mcc": 0.44785754883408563,
        "mse": 0.49544072948328266,
        "p": 0.6734435760119651,
        "p_tau": 2.8616103655838437e-16,
        "r": 0.6504559270516718,
        "r2": -0.5702447880065591,
        "spearman": 0.4326623287005857,
        "tau": 0.4122510285459626,
        "y_predict": [
            2,
            1,
            1,
            1,
            2,
            1,
            1,
            2,
            1,
            0,
            2,
            2,
            2,
            2,
            2,
            1,
            1,
            2,
            1,
            2,
            2,
            1,
            0,
            2,
            2,
            2,
            0,
            1,
            0,
            0,
            0,
            2,
            1,
            1,
            2,
            1,
            1,
            1,
            1,
            1,
            1,
            1,
            1,
            0,
            1,
            0,
            1,
            1,
            1,
            1,
            1,
            1,
            1,
            1,
            1,
            1,
            1,
            1,
            2,
            1,
            1,
            1,
            1,
            1,
            1,
            1,
            1,
            1,
            1,
            1,
            1,
            1,
            1,
            1,
            1,
            1,
            1,
            1,
            1,
            1,
            1,
            1,
            2,
            0,
            0,
            0,
            1,
            0,
            1,
            2,
            1,
            2,
            0,
            1,
            1,
            0,
            0,
            1,
            0,
            1,
            1,
            1,
            0,
            1,
            1,
            0,
            1,
            1,
            1,
            1,
            2,
            1,
            1,
            1,
            1,
            1,
            1,
            1,
            1,
            1,
            1,
            1,
            1,
            1,
            0,
            1,
            1,
            1,
            1,
            1,
            1,
            1,
            1,
            1,
            1,
            2,
            1,
            1,
            1,
            1,
            1,
            1,
            0,
            0,
            1,
            2,
            1,
            2,
            0,
            1,
            1,
            1,
            2,
            2,
            2,
            1,
            2,
            1,
            2,
            2,
            1,
            1,
            2,
            1,
            0,
            1,
            1,
            1,
            1,
            1,
            1,
            1,
            1,
            1,
            1,
            1,
            1,
            0,
            0,
            1,
            0,
            0,
            1,
            1,
            2,
            1,
            0,
            2,
            0,
            0,
            2,
            0,
            1,
            1,
            1,
            0,
            1,
            1,
            1,
            1,
            1,
            1,
            1,
            1,
            1,
            1,
            1,
            1,
            0,
            1,
            1,
            1,
            1,
            1,
            1,
            1,
            1,
            1,
            1,
            1,
            1,
            1,
            2,
            2,
            1,
            2,
            1,
            2,
            1,
            1,
            1,
            1,
            1,
            1,
            0,
            2,
            1,
            1,
            1,
            1,
            1,
            1,
            1,
            1,
            1,
            1,
            1,
            0,
            1,
            1,
            1,
            1,
            0,
            1,
            1,
            1,
            1,
            1,
            1,
            1,
            2,
            2,
            1,
            1,
            1,
            0,
            2,
            1,
            0,
            1,
            1,
            1,
            1,
            1,
            1,
            1,
            2,
            2,
            2,
            1,
            1,
            1,
            1,
            1,
            0,
            0,
            1,
            0,
            1,
            1,
            1,
            0,
            2,
            0,
            2,
            0,
            0,
            0,
            1,
            1,
            2,
            1,
            1,
            1,
            0,
            1,
            0,
            1,
            1,
            0,
            1,
            0,
            0,
            0,
            1,
            0,
            1,
            1,
            1,
            1,
            0,
            1,
            1,
            0,
            0,
            1,
            1,
            1,
            1
        ],