{
    "mean": {
        "acc": 0.662613981762918,
        "alpha": 0.4239711644621479,
        "alpha_ordinal": 0.42458840623082716,
        "auc_roc": 0.7071382045427702,
        "cr": {
            "0": {
                "f1-score": 0.567741935483871,
                "precision": 0.7457627118644068,
                "recall": 0.4583333333333333,
                "support": 96
            },
            "1": {
                "f1-score": 0.7500000000000001,
                "precision": 0.6294642857142857,
                "recall": 0.9276315789473685,
                "support": 152
            },
            "2": {
                "f1-score": 0.5196850393700787,
                "precision": 0.717391304347826,
                "recall": 0.4074074074074074,
                "support": 81
            },
            "accuracy": 0.662613981762918,
            "macro avg": {
                "f1-score": 0.6124756582846499,
                "precision": 0.6975394339755062,
                "recall": 0.5977907732293698,
                "support": 329
            },
            "weighted avg": {
                "f1-score": 0.6401146322049484,
                "precision": 0.6850470742240984,
                "recall": 0.662613981762918,
                "support": 329
            }
        },
        "f1": 0.6401146322049484,
        "kappa": 0.436461274940975,
        "mae": 0.3890577507598784,
        "mcc": 0.46885551776210055,
        "mse": 0.49240121580547114,
        "p": 0.6850470742240984,
        "p_tau": 1.045571861803933e-16,
        "r": 0.662613981762918,
        "r2": -0.5504421689550851,
        "spearman": 0.4381257832278462,
        "tau": 0.4183297216180303,
        "y_predict": [
            2,
            1,
            2,
            1,
            2,
            1,
            1,
            1,
            1,
            0,
            2,
            2,
            2,
            2,
            2,
            0,
            1,
            2,
            1,
            2,
            2,
            1,
            0,
            2,
            2,
            1,
            0,
            1,
            0,
            0,
            0,
            1,
            1,
            1,
            2,
            1,
            1,
            1,
            1,
            1,
            1,
            1,
            1,
            1,
            1,
            0,
            1,
            1,
            1,
            1,
            1,
            1,
            1,
            1,
            1,
            1,
            1,
            1,
            2,
            1,
            1,
            1,
            1,
            1,
            1,
            1,
            1,
            1,
            1,
            1,
            1,
            1,
            1,
            1,
            1,
            1,
            1,
            1,
            1,
            1,
            1,
            1,
            2,
            0,
            0,
            0,
            1,
            1,
            1,
            2,
            1,
            2,
            0,
            1,
            1,
            0,
            0,
            1,
            0,
            1,
            1,
            1,
            0,
            1,
            1,
            0,
            1,
            1,
            1,
            1,
            1,
            1,
            1,
            1,
            1,
            1,
            1,
            1,
            1,
            1,
            1,
            1,
            1,
            2,
            0,
            1,
            1,
            1,
            1,
            1,
            1,
            1,
            1,
            1,
            1,
            1,
            1,
            1,
            1,
            1,
            1,
            1,
            0,
            0,
            2,
            2,
            1,
            2,
            1,
            1,
            1,
            1,
            2,
            2,
            2,
            1,
            2,
            1,
            2,
            2,
            1,
            2,
            1,
            1,
            0,
            1,
            1,
            1,
            1,
            1,
            1,
            1,
            1,
            1,
            1,
            1,
            1,
            0,
            0,
            1,
            0,
            0,
            1,
            1,
            2,
            1,
            0,
            2,
            0,
            0,
            2,
            0,
            1,
            1,
            1,
            0,
            1,
            1,
            1,
            1,
            1,
            1,
            1,
            1,
            1,
            0,
            1,
            1,
            1,
            1,
            1,
            1,
            1,
            1,
            1,
            1,
            1,
            1,
            1,
            1,
            1,
            1,
            2,
            2,
            1,
            2,
            2,
            2,
            1,
            1,
            1,
            1,
            1,
            1,
            0,
            2,
            1,
            1,
            1,
            0,
            1,
            1,
            1,
            1,
            1,
            1,
            1,
            0,
            1,
            1,
            1,
            1,
            0,
            1,
            1,
            1,
            1,
            1,
            1,
            1,
            2,
            2,
            0,
            1,
            0,
            1,
            1,
            1,
            0,
            1,
            1,
            1,
            1,
            1,
            1,
            1,
            2,
            2,
            2,
            1,
            1,
            1,
            1,
            1,
            0,
            0,
            1,
            0,
            1,
            1,
            0,
            0,
            2,
            0,
            2,
            0,
            0,
            0,
            1,
            1,
            2,
            1,
            1,
            1,
            0,
            1,
            0,
            1,
            0,
            0,
            1,
            0,
            0,
            0,
            1,
            0,
            1,
            1,
            1,
            1,
            0,
            1,
            1,
            0,
            0,
            0,
            1,
            1,
            1
        ],