{
    "mean": {
        "acc": 0.6382978723404256,
        "alpha": 0.379004113174623,
        "alpha_ordinal": 0.3786784021864943,
        "auc_roc": 0.6932057414677376,
        "cr": {
            "0": {
                "f1-score": 0.5308641975308642,
                "precision": 0.6515151515151515,
                "recall": 0.4479166666666667,
                "support": 96
            },
            "1": {
                "f1-score": 0.7307692307692308,
                "precision": 0.6273584905660378,
                "recall": 0.875,
                "support": 152
            },
            "2": {
                "f1-score": 0.5151515151515151,
                "precision": 0.6666666666666666,
                "recall": 0.41975308641975306,
                "support": 81
            },
            "accuracy": 0.6382978723404256,
            "macro avg": {
                "f1-score": 0.5922616478172035,
                "precision": 0.6485134362492854,
                "recall": 0.5808899176954733,
                "support": 329
            },
            "weighted avg": {
                "f1-score": 0.6193530661615768,
                "precision": 0.6440849395486088,
                "recall": 0.6382978723404256,
                "support": 329
            }
        },
        "f1": 0.6193530661615768,
        "kappa": 0.4027307398932113,
        "mae": 0.425531914893617,
        "mcc": 0.4223033362798663,
        "mse": 0.5531914893617021,
        "p": 0.6440849395486088,
        "p_tau": 2.9612598746273383e-13,
        "r": 0.6382978723404256,
        "r2": -0.5647015783422182,
        "spearman": 0.3858202993739975,
        "tau": 0.36645800323872785,
        "y_predict": [
            1,
            1,
            1,
            1,
            2,
            1,
            1,
            1,
            1,
            0,
            2,
            2,
            2,
            2,
            2,
            1,
            1,
            2,
            1,
            2,
            1,
            1,
            0,
            2,
            2,
            2,
            0,
            1,
            0,
            0,
            0,
            2,
            0,
            2,
            2,
            1,
            1,
            1,
            1,
            1,
            1,
            1,
            1,
            1,
            1,
            0,
            1,
            1,
            1,
            1,
            1,
            1,
            1,
            0,
            1,
            1,
            1,
            0,
            2,
            2,
            1,
            2,
            1,
            1,
            1,
            1,
            1,
            1,
            1,
            1,
            1,
            1,
            1,
            1,
            1,
            1,
            1,
            1,
            1,
            1,
            1,
            1,
            2,
            0,
            0,
            1,
            1,
            1,
            1,
            2,
            1,
            2,
            0,
            1,
            1,
            0,
            0,
            1,
            0,
            1,
            1,
            1,
            0,
            1,
            1,
            0,
            1,
            1,
            1,
            1,
            1,
            1,
            1,
            1,
            1,
            1,
            1,
            1,
            1,
            1,
            1,
            0,
            1,
            1,
            0,
            1,
            0,
            1,
            1,
            1,
            1,
            1,
            1,
            1,
            1,
            2,
            2,
            0,
            1,
            1,
            1,
            1,
            0,
            0,
            1,
            2,
            1,
            0,
            1,
            1,
            1,
            1,
            2,
            2,
            2,
            1,
            2,
            1,
            2,
            2,
            1,
            2,
            2,
            1,
            0,
            2,
            1,
            1,
            1,
            1,
            1,
            1,
            1,
            1,
            1,
            1,
            1,
            0,
            0,
            1,
            0,
            0,
            1,
            1,
            2,
            1,
            0,
            2,
            0,
            0,
            0,
            0,
            1,
            1,
            1,
            0,
            1,
            1,
            1,
            2,
            1,
            1,
            1,
            1,
            1,
            0,
            1,
            1,
            1,
            2,
            1,
            1,
            1,
            1,
            1,
            0,
            1,
            1,
            1,
            1,
            1,
            1,
            2,
            1,
            1,
            2,
            1,
            2,
            1,
            1,
            1,
            1,
            1,
            1,
            0,
            2,
            1,
            1,
            1,
            0,
            1,
            1,
            1,
            1,
            1,
            1,
            1,
            0,
            1,
            1,
            1,
            1,
            0,
            1,
            1,
            1,
            2,
            1,
            1,
            1,
            2,
            2,
            0,
            1,
            0,
            1,
            1,
            1,
            0,
            0,
            1,
            1,
            2,
            1,
            1,
            1,
            2,
            2,
            1,
            1,
            1,
            1,
            1,
            1,
            0,
            0,
            1,
            0,
            1,
            1,
            1,
            0,
            2,
            0,
            2,
            0,
            0,
            0,
            1,
            1,
            2,
            1,
            1,
            2,
            1,
            1,
            0,
            1,
            0,
            0,
            1,
            0,
            0,
            0,
            2,
            0,
            1,
            1,
            1,
            1,
            0,
            1,
            1,
            0,
            0,
            0,
            0,
            1,
            1
        ],