{
    "mean": {
        "acc": 0.5896656534954408,
        "alpha": 0.3478069046656127,
        "alpha_ordinal": 0.3518951983440005,
        "auc_roc": 0.6520816174164294,
        "cr": {
            "0": {
                "f1-score": 0.5380116959064327,
                "precision": 0.6133333333333333,
                "recall": 0.4791666666666667,
                "support": 96
            },
            "1": {
                "f1-score": 0.6794520547945204,
                "precision": 0.5821596244131455,
                "recall": 0.8157894736842105,
                "support": 152
            },
            "2": {
                "f1-score": 0.3934426229508196,
                "precision": 0.5853658536585366,
                "recall": 0.2962962962962963,
                "support": 81
            },
            "accuracy": 0.5896656534954408,
            "macro avg": {
                "f1-score": 0.5369687912172576,
                "precision": 0.5936196038016718,
                "recall": 0.5304174788823911,
                "support": 329
            },
            "weighted avg": {
                "f1-score": 0.5677650078869332,
                "precision": 0.5920452798089348,
                "recall": 0.5896656534954408,
                "support": 329
            }
        },
        "f1": 0.5677650078869332,
        "kappa": 0.3202895445641528,
        "mae": 0.46504559270516715,
        "mcc": 0.3371237649737659,
        "mse": 0.574468085106383,
        "p": 0.5920452798089348,
        "p_tau": 1.5584242061082715e-11,
        "r": 0.5896656534954408,
        "r2": -0.680204280155642,
        "spearman": 0.3614420721746351,
        "tau": 0.33962050077437433,
        "y_predict": [
            0,
            1,
            1,
            1,
            1,
            1,
            1,
            2,
            1,
            0,
            1,
            2,
            2,
            2,
            2,
            1,
            1,
            2,
            1,
            2,
            2,
            1,
            0,
            1,
            1,
            1,
            0,
            1,
            0,
            0,
            0,
            1,
            1,
            1,
            2,
            1,
            1,
            1,
            1,
            1,
            1,
            1,
            1,
            1,
            1,
            0,
            1,
            1,
            1,
            1,
            1,
            1,
            1,
            1,
            1,
            1,
            0,
            1,
            2,
            1,
            1,
            1,
            0,
            1,
            1,
            1,
            1,
            1,
            1,
            0,
            1,
            0,
            1,
            2,
            1,
            1,
            0,
            1,
            1,
            1,
            1,
            1,
            2,
            1,
            1,
            0,
            1,
            0,
            1,
            2,
            0,
            2,
            0,
            0,
            1,
            0,
            1,
            0,
            0,
            1,
            1,
            1,
            0,
            1,
            0,
            0,
            1,
            1,
            1,
            1,
            1,
            1,
            1,
            1,
            1,
            1,
            1,
            0,
            1,
            1,
            1,
            1,
            1,
            2,
            0,
            1,
            1,
            1,
            1,
            1,
            1,
            1,
            1,
            1,
            1,
            0,
            1,
            1,
            1,
            1,
            1,
            1,
            0,
            0,
            2,
            1,
            1,
            2,
            0,
            1,
            1,
            1,
            0,
            2,
            2,
            1,
            2,
            2,
            2,
            1,
            1,
            2,
            2,
            1,
            0,
            1,
            1,
            1,
            1,
            0,
            1,
            1,
            1,
            1,
            1,
            1,
            1,
            0,
            0,
            1,
            0,
            0,
            1,
            1,
            2,
            1,
            0,
            2,
            0,
            0,
            0,
            0,
            1,
            1,
            2,
            0,
            1,
            1,
            1,
            0,
            1,
            1,
            1,
            1,
            1,
            0,
            1,
            1,
            2,
            1,
            1,
            1,
            1,
            1,
            1,
            1,
            0,
            1,
            1,
            1,
            1,
            1,
            2,
            1,
            1,
            2,
            1,
            2,
            1,
            1,
            1,
            1,
            0,
            1,
            0,
            1,
            1,
            1,
            2,
            0,
            1,
            1,
            1,
            1,
            1,
            1,
            1,
            0,
            1,
            1,
            1,
            1,
            0,
            1,
            2,
            1,
            1,
            1,
            1,
            1,
            2,
            2,
            0,
            1,
            0,
            1,
            1,
            1,
            0,
            1,
            1,
            1,
            1,
            1,
            1,
            1,
            2,
            2,
            1,
            1,
            1,
            1,
            1,
            1,
            0,
            0,
            1,
            0,
            1,
            1,
            0,
            0,
            2,
            0,
            2,
            0,
            0,
            0,
            1,
            1,
            2,
            1,
            1,
            2,
            1,
            1,
            0,
            1,
            0,
            0,
            1,
            0,
            0,
            0,
            1,
            0,
            1,
            1,
            1,
            1,
            0,
            1,
            1,
            0,
            0,
            0,
            1,
            0,
            1
        ],