{
    "mean": {
        "acc": 0.7060702875399361,
        "alpha": 0.4254557793750193,
        "alpha_ordinal": 0.4239020131871488,
        "auc_roc": 0.7359394279844789,
        "cr": {
            "0": {
                "f1-score": 0.6825396825396827,
                "precision": 0.7678571428571429,
                "recall": 0.6142857142857143,
                "support": 70
            },
            "1": {
                "f1-score": 0.8010899182561307,
                "precision": 0.7170731707317073,
                "recall": 0.9074074074074074,
                "support": 162
            },
            "2": {
                "f1-score": 0.46616541353383456,
                "precision": 0.5961538461538461,
                "recall": 0.38271604938271603,
                "support": 81
            },
            "accuracy": 0.7060702875399361,
            "macro avg": {
                "f1-score": 0.6499316714432161,
                "precision": 0.6936947199142321,
                "recall": 0.6348030570252793,
                "support": 313
            },
            "weighted avg": {
                "f1-score": 0.6879033323690465,
                "precision": 0.6971383872108566,
                "recall": 0.7060702875399361,
                "support": 313
            }
        },
        "f1": 0.6879033323690465,
        "kappa": 0.4914793296484009,
        "mae": 0.3546325878594249,
        "mcc": 0.5064815560164544,
        "mse": 0.476038338658147,
        "p": 0.6971383872108566,
        "p_tau": 1.8185814857537347e-15,
        "r": 0.7060702875399361,
        "r2": -0.3802829406890018,
        "spearman": 0.4292953142596525,
        "tau": 0.41117618039724657,
        "y_predict": [
            1,
            1,
            1,
            1,
            1,
            1,
            1,
            1,
            1,
            1,
            1,
            1,
            1,
            1,
            1,
            1,
            1,
            1,
            1,
            1,
            1,
            1,
            1,
            1,
            1,
            1,
            1,
            1,
            1,
            2,
            2,
            1,
            1,
            1,
            1,
            2,
            2,
            1,
            1,
            2,
            2,
            1,
            1,
            1,
            2,
            1,
            1,
            2,
            2,
            1,
            1,
            2,
            1,
            2,
            1,
            2,
            1,
            0,
            2,
            2,
            2,
            1,
            1,
            1,
            1,
            1,
            2,
            0,
            1,
            2,
            1,
            2,
            1,
            2,
            0,
            1,
            1,
            1,
            1,
            2,
            0,
            0,
            1,
            2,
            2,
            1,
            1,
            1,
            1,
            2,
            1,
            2,
            2,
            1,
            1,
            1,
            1,
            2,
            1,
            2,
            2,
            2,
            1,
            2,
            1,
            1,
            1,
            1,
            2,
            1,
            1,
            1,
            1,
            1,
            1,
            2,
            1,
            1,
            1,
            1,
            1,
            2,
            1,
            1,
            1,
            1,
            1,
            1,
            1,
            1,
            1,
            2,
            1,
            2,
            0,
            0,
            1,
            1,
            0,
            0,
            1,
            2,
            2,
            1,
            1,
            2,
            2,
            1,
            1,
            1,
            1,
            1,
            2,
            0,
            0,
            2,
            2,
            2,
            0,
            0,
            2,
            0,
            0,
            0,
            1,
            1,
            1,
            1,
            1,
            1,
            0,
            0,
            1,
            1,
            1,
            1,
            1,
            1,
            1,
            1,
            1,
            2,
            2,
            1,
            1,
            1,
            2,
            1,
            1,
            2,
            1,
            1,
            1,
            2,
            1,
            1,
            1,
            1,
            1,
            1,
            1,
            1,
            2,
            1,
            1,
            1,
            1,
            1,
            1,
            1,
            1,
            1,
            1,
            1,
            1,
            2,
            1,
            1,
            1,
            1,
            0,
            0,
            0,
            0,
            0,
            0,
            0,
            0,
            0,
            0,
            0,
            0,
            0,
            0,
            0,
            0,
            0,
            0,
            0,
            0,
            1,
            1,
            1,
            1,
            1,
            0,
            0,
            0,
            0,
            0,
            1,
            1,
            1,
            1,
            1,
            1,
            1,
            1,
            1,
            1,
            1,
            1,
            1,
            1,
            1,
            1,
            1,
            1,
            1,
            1,
            1,
            1,
            1,
            1,
            1,
            1,
            1,
            1,
            1,
            1,
            1,
            1,
            1,
            1,
            1,
            0,
            0,
            2,
            0,
            0,
            1,
            1,
            1,
            1,
            1,
            1,
            1,
            1,
            1,
            1,
            1,
            1,
            0,
            0,
            0,
            0,
            0,
            0,
            0,
            0,
            0,
            1,
            1
        ],