{
    "mean": {
        "acc": 0.853035143769968,
        "alpha": 0.6872441088163043,
        "alpha_ordinal": 0.6919349554839929,
        "auc_roc": 0.8721696659233135,
        "cr": {
            "0": {
                "f1-score": 0.6875,
                "precision": 0.7586206896551724,
                "recall": 0.6285714285714286,
                "support": 70
            },
            "1": {
                "f1-score": 0.9069767441860465,
                "precision": 0.8571428571428571,
                "recall": 0.9629629629629629,
                "support": 162
            },
            "2": {
                "f1-score": 0.8701298701298701,
                "precision": 0.9178082191780822,
                "recall": 0.8271604938271605,
                "support": 81
            },
            "accuracy": 0.853035143769968,
            "macro avg": {
                "f1-score": 0.8215355381053054,
                "precision": 0.8445239219920372,
                "recall": 0.8062316284538507,
                "support": 313
            },
            "weighted avg": {
                "f1-score": 0.8483570352672811,
                "precision": 0.8508084884550466,
                "recall": 0.853035143769968,
                "support": 313
            }
        },
        "f1": 0.8483570352672811,
        "kappa": 0.7539308176100629,
        "mae": 0.19169329073482427,
        "mcc": 0.758341541334962,
        "mse": 0.28115015974440893,
        "p": 0.8508084884550466,
        "p_tau": 6.305447340491396e-40,
        "r": 0.853035143769968,
        "r2": 0.32453774093874166,
        "spearman": 0.6938119780049044,
        "tau": 0.6794371646126635,
        "y_predict": [
            1,
            1,
            1,
            1,
            1,
            1,
            1,
            1,
            1,
            1,
            1,
            1,
            1,
            1,
            1,
            1,
            1,
            1,
            1,
            1,
            1,
            1,
            1,
            1,
            1,
            1,
            1,
            1,
            1,
            2,
            1,
            2,
            1,
            2,
            1,
            2,
            1,
            2,
            1,
            2,
            1,
            2,
            1,
            2,
            1,
            2,
            1,
            2,
            1,
            2,
            1,
            2,
            1,
            2,
            1,
            2,
            1,
            2,
            1,
            2,
            2,
            1,
            1,
            2,
            1,
            2,
            1,
            2,
            1,
            2,
            1,
            2,
            1,
            2,
            1,
            2,
            2,
            1,
            1,
            2,
            0,
            0,
            1,
            2,
            1,
            2,
            1,
            2,
            1,
            2,
            1,
            2,
            2,
            1,
            1,
            2,
            1,
            2,
            1,
            2,
            1,
            2,
            1,
            2,
            1,
            2,
            1,
            2,
            1,
            1,
            1,
            2,
            1,
            2,
            1,
            2,
            1,
            2,
            1,
            2,
            1,
            2,
            1,
            2,
            2,
            1,
            1,
            1,
            1,
            1,
            1,
            2,
            1,
            2,
            0,
            0,
            1,
            2,
            0,
            0,
            1,
            1,
            1,
            2,
            1,
            2,
            1,
            2,
            1,
            2,
            1,
            2,
            0,
            0,
            0,
            0,
            2,
            2,
            0,
            0,
            0,
            2,
            0,
            0,
            1,
            1,
            1,
            1,
            1,
            1,
            0,
            0,
            1,
            1,
            0,
            1,
            0,
            1,
            1,
            1,
            1,
            2,
            1,
            2,
            1,
            2,
            1,
            2,
            1,
            2,
            1,
            2,
            1,
            1,
            1,
            2,
            1,
            2,
            1,
            2,
            1,
            2,
            1,
            2,
            1,
            2,
            1,
            2,
            1,
            1,
            1,
            2,
            1,
            1,
            1,
            2,
            1,
            1,
            1,
            1,
            0,
            0,
            0,
            0,
            0,
            0,
            0,
            0,
            0,
            0,
            0,
            0,
            0,
            0,
            0,
            0,
            0,
            0,
            0,
            0,
            1,
            1,
            1,
            1,
            1,
            0,
            0,
            0,
            0,
            0,
            1,
            1,
            1,
            1,
            1,
            1,
            1,
            1,
            1,
            1,
            1,
            1,
            1,
            1,
            1,
            1,
            1,
            1,
            1,
            1,
            1,
            1,
            1,
            1,
            1,
            1,
            1,
            1,
            1,
            1,
            1,
            1,
            1,
            1,
            1,
            0,
            0,
            0,
            0,
            0,
            1,
            1,
            1,
            1,
            1,
            1,
            1,
            1,
            1,
            1,
            1,
            1,
            0,
            0,
            0,
            0,
            0,
            0,
            0,
            0,
            0,
            1,
            1
        ],