{
    "mean": {
        "acc": 0.8498402555910544,
        "alpha": 0.6834758758827111,
        "alpha_ordinal": 0.6839877267114696,
        "auc_roc": 0.8687608484000989,
        "cr": {
            "0": {
                "f1-score": 0.7611940298507462,
                "precision": 0.796875,
                "recall": 0.7285714285714285,
                "support": 70
            },
            "1": {
                "f1-score": 0.9043478260869565,
                "precision": 0.8524590163934426,
                "recall": 0.9629629629629629,
                "support": 162
            },
            "2": {
                "f1-score": 0.8027210884353742,
                "precision": 0.8939393939393939,
                "recall": 0.7283950617283951,
                "support": 81
            },
            "accuracy": 0.8498402555910544,
            "macro avg": {
                "f1-score": 0.8227543147910256,
                "precision": 0.8477578034442789,
                "recall": 0.8066431510875955,
                "support": 313
            },
            "weighted avg": {
                "f1-score": 0.8460330290060847,
                "precision": 0.8507626248077591,
                "recall": 0.8498402555910544,
                "support": 313
            }
        },
        "f1": 0.8460330290060847,
        "kappa": 0.7485170179667333,
        "mae": 0.19488817891373802,
        "mcc": 0.7535355316409321,
        "mse": 0.28434504792332266,
        "p": 0.8507626248077591,
        "p_tau": 3.818125593831372e-39,
        "r": 0.8498402555910544,
        "r2": 0.3153173081649707,
        "spearman": 0.6845419085607686,
        "tau": 0.6722722333170734,
        "y_predict": [
            1,
            1,
            1,
            1,
            1,
            1,
            1,
            1,
            1,
            1,
            1,
            1,
            1,
            1,
            1,
            1,
            1,
            1,
            1,
            1,
            1,
            1,
            1,
            1,
            1,
            1,
            1,
            1,
            1,
            2,
            1,
            2,
            1,
            2,
            1,
            2,
            1,
            2,
            1,
            2,
            1,
            2,
            1,
            1,
            1,
            2,
            1,
            2,
            1,
            2,
            1,
            2,
            1,
            2,
            1,
            2,
            1,
            2,
            1,
            2,
            2,
            1,
            0,
            2,
            0,
            2,
            1,
            2,
            1,
            2,
            1,
            2,
            1,
            2,
            0,
            1,
            2,
            1,
            2,
            2,
            0,
            0,
            1,
            2,
            1,
            1,
            1,
            2,
            1,
            1,
            1,
            2,
            2,
            1,
            1,
            2,
            1,
            2,
            1,
            2,
            1,
            2,
            1,
            2,
            1,
            2,
            1,
            2,
            2,
            1,
            1,
            2,
            1,
            2,
            1,
            2,
            1,
            1,
            1,
            2,
            1,
            2,
            1,
            2,
            2,
            1,
            2,
            1,
            1,
            1,
            1,
            2,
            1,
            2,
            0,
            0,
            1,
            2,
            0,
            0,
            1,
            2,
            1,
            2,
            1,
            2,
            1,
            2,
            1,
            1,
            1,
            2,
            0,
            0,
            0,
            0,
            0,
            0,
            0,
            0,
            0,
            0,
            0,
            0,
            1,
            1,
            1,
            1,
            1,
            1,
            0,
            0,
            1,
            1,
            1,
            1,
            1,
            1,
            1,
            1,
            1,
            2,
            1,
            2,
            1,
            2,
            1,
            1,
            1,
            2,
            1,
            1,
            1,
            1,
            1,
            2,
            1,
            2,
            1,
            2,
            1,
            2,
            1,
            2,
            1,
            2,
            1,
            2,
            1,
            1,
            1,
            2,
            1,
            1,
            1,
            2,
            1,
            0,
            1,
            1,
            0,
            0,
            0,
            0,
            0,
            0,
            0,
            0,
            0,
            0,
            0,
            0,
            0,
            0,
            0,
            0,
            0,
            0,
            0,
            0,
            1,
            1,
            1,
            1,
            1,
            0,
            0,
            0,
            0,
            0,
            1,
            1,
            1,
            1,
            1,
            1,
            1,
            1,
            1,
            1,
            1,
            1,
            1,
            1,
            1,
            1,
            1,
            1,
            1,
            1,
            1,
            1,
            1,
            1,
            1,
            1,
            1,
            1,
            1,
            1,
            1,
            1,
            1,
            1,
            1,
            0,
            0,
            0,
            0,
            0,
            1,
            1,
            1,
            1,
            1,
            1,
            1,
            1,
            1,
            1,
            1,
            1,
            0,
            0,
            0,
            0,
            0,
            0,
            0,
            0,
            0,
            1,
            0
        ],