{
    "mean": {
        "acc": 0.8242811501597445,
        "alpha": 0.6148076654728127,
        "alpha_ordinal": 0.6186191860535373,
        "auc_roc": 0.845739039767991,
        "cr": {
            "0": {
                "f1-score": 0.6612903225806452,
                "precision": 0.7592592592592593,
                "recall": 0.5857142857142857,
                "support": 70
            },
            "1": {
                "f1-score": 0.8914285714285713,
                "precision": 0.8297872340425532,
                "recall": 0.9629629629629629,
                "support": 162
            },
            "2": {
                "f1-score": 0.8026315789473684,
                "precision": 0.8591549295774648,
                "recall": 0.7530864197530864,
                "support": 81
            },
            "accuracy": 0.8242811501597445,
            "macro avg": {
                "f1-score": 0.7851168243188615,
                "precision": 0.8160671409597592,
                "recall": 0.7672545561434451,
                "support": 313
            },
            "weighted avg": {
                "f1-score": 0.8169805400856567,
                "precision": 0.8216141513061227,
                "recall": 0.8242811501597445,
                "support": 313
            }
        },
        "f1": 0.8169805400856567,
        "kappa": 0.7030975130212824,
        "mae": 0.23003194888178913,
        "mcc": 0.7102531741437016,
        "mse": 0.33865814696485624,
        "p": 0.8216141513061227,
        "p_tau": 3.9347743303252966e-32,
        "r": 0.8242811501597445,
        "r2": 0.1456895663817077,
        "spearman": 0.6215974167416123,
        "tau": 0.6073398987085005,
        "y_predict": [
            1,
            1,
            1,
            1,
            1,
            1,
            1,
            1,
            1,
            1,
            1,
            1,
            1,
            1,
            1,
            1,
            1,
            1,
            1,
            1,
            1,
            1,
            1,
            1,
            1,
            1,
            1,
            1,
            1,
            2,
            1,
            2,
            1,
            2,
            1,
            2,
            1,
            2,
            1,
            2,
            1,
            2,
            1,
            2,
            1,
            2,
            1,
            2,
            1,
            1,
            1,
            2,
            1,
            2,
            1,
            1,
            1,
            2,
            1,
            2,
            2,
            1,
            1,
            2,
            1,
            2,
            1,
            2,
            1,
            2,
            1,
            2,
            1,
            2,
            1,
            2,
            1,
            1,
            1,
            0,
            0,
            0,
            1,
            2,
            1,
            2,
            1,
            2,
            1,
            1,
            1,
            2,
            2,
            1,
            1,
            1,
            1,
            2,
            1,
            2,
            1,
            2,
            1,
            2,
            1,
            2,
            1,
            2,
            2,
            1,
            1,
            2,
            1,
            2,
            1,
            2,
            1,
            1,
            1,
            2,
            1,
            2,
            1,
            2,
            2,
            1,
            2,
            1,
            1,
            1,
            1,
            2,
            1,
            2,
            2,
            0,
            1,
            2,
            2,
            0,
            1,
            2,
            1,
            2,
            1,
            2,
            1,
            1,
            1,
            2,
            1,
            2,
            2,
            0,
            0,
            0,
            2,
            0,
            2,
            0,
            0,
            2,
            0,
            0,
            1,
            1,
            1,
            1,
            1,
            1,
            0,
            2,
            1,
            1,
            1,
            1,
            0,
            1,
            1,
            1,
            1,
            2,
            1,
            2,
            1,
            2,
            1,
            2,
            1,
            2,
            1,
            1,
            1,
            2,
            1,
            2,
            1,
            1,
            1,
            2,
            1,
            2,
            1,
            2,
            1,
            2,
            1,
            2,
            1,
            1,
            1,
            2,
            1,
            1,
            1,
            2,
            1,
            1,
            1,
            1,
            0,
            0,
            0,
            0,
            0,
            0,
            0,
            0,
            0,
            0,
            0,
            0,
            0,
            0,
            0,
            0,
            0,
            0,
            0,
            0,
            1,
            1,
            1,
            1,
            1,
            0,
            0,
            0,
            0,
            0,
            1,
            1,
            1,
            1,
            1,
            1,
            1,
            1,
            1,
            1,
            1,
            1,
            1,
            1,
            1,
            1,
            1,
            1,
            1,
            1,
            1,
            1,
            1,
            1,
            1,
            1,
            1,
            1,
            1,
            1,
            1,
            1,
            1,
            1,
            1,
            0,
            0,
            0,
            0,
            0,
            1,
            1,
            1,
            1,
            1,
            1,
            1,
            1,
            1,
            1,
            1,
            1,
            0,
            0,
            0,
            0,
            0,
            0,
            0,
            0,
            0,
            1,
            1
        ],