{
    "mean": {
        "acc": 0.7380191693290735,
        "alpha": 0.45882826410400257,
        "alpha_ordinal": 0.45800613428126435,
        "auc_roc": 0.7655837531728782,
        "cr": {
            "0": {
                "f1-score": 0.7131782945736433,
                "precision": 0.7796610169491526,
                "recall": 0.6571428571428571,
                "support": 70
            },
            "1": {
                "f1-score": 0.8296703296703297,
                "precision": 0.7475247524752475,
                "recall": 0.9320987654320988,
                "support": 162
            },
            "2": {
                "f1-score": 0.5112781954887218,
                "precision": 0.6538461538461539,
                "recall": 0.41975308641975306,
                "support": 81
            },
            "accuracy": 0.7380191693290735,
            "macro avg": {
                "f1-score": 0.6847089399108984,
                "precision": 0.7270106410901845,
                "recall": 0.6696649029982363,
                "support": 313
            },
            "weighted avg": {
                "f1-score": 0.7212223893333384,
                "precision": 0.7304690720414353,
                "recall": 0.7380191693290735,
                "support": 313
            }
        },
        "f1": 0.7212223893333384,
        "kappa": 0.5489517248651213,
        "mae": 0.3258785942492013,
        "mcc": 0.5635603430344471,
        "mse": 0.4536741214057508,
        "p": 0.7304690720414353,
        "p_tau": 4.887027781968978e-18,
        "r": 0.7380191693290735,
        "r2": -0.2810860667550583,
        "spearman": 0.4638265688339371,
        "tau": 0.44713895514184254,
        "y_predict": [
            1,
            1,
            1,
            1,
            1,
            1,
            1,
            1,
            1,
            1,
            1,
            1,
            1,
            1,
            1,
            1,
            1,
            1,
            1,
            1,
            1,
            1,
            1,
            1,
            1,
            1,
            1,
            1,
            1,
            2,
            2,
            1,
            1,
            1,
            1,
            2,
            2,
            1,
            1,
            2,
            1,
            1,
            1,
            1,
            1,
            1,
            1,
            2,
            2,
            1,
            1,
            2,
            1,
            2,
            1,
            2,
            1,
            0,
            1,
            2,
            1,
            1,
            1,
            1,
            1,
            1,
            2,
            0,
            1,
            2,
            1,
            2,
            1,
            2,
            0,
            1,
            1,
            1,
            1,
            2,
            0,
            0,
            1,
            2,
            2,
            1,
            1,
            1,
            1,
            2,
            1,
            2,
            2,
            1,
            1,
            1,
            1,
            2,
            1,
            2,
            2,
            2,
            1,
            2,
            1,
            1,
            1,
            2,
            2,
            1,
            1,
            1,
            2,
            1,
            1,
            2,
            1,
            1,
            1,
            1,
            1,
            2,
            1,
            1,
            1,
            1,
            1,
            1,
            1,
            1,
            1,
            2,
            1,
            2,
            0,
            0,
            1,
            1,
            2,
            0,
            1,
            2,
            2,
            1,
            1,
            2,
            2,
            1,
            1,
            1,
            1,
            1,
            2,
            0,
            0,
            2,
            2,
            2,
            2,
            0,
            2,
            0,
            0,
            0,
            1,
            0,
            1,
            0,
            1,
            1,
            0,
            0,
            1,
            1,
            1,
            0,
            1,
            1,
            1,
            1,
            1,
            2,
            2,
            1,
            1,
            1,
            1,
            1,
            1,
            2,
            1,
            1,
            1,
            2,
            1,
            1,
            1,
            1,
            1,
            2,
            1,
            1,
            1,
            1,
            1,
            2,
            1,
            1,
            1,
            1,
            1,
            1,
            1,
            1,
            1,
            2,
            1,
            0,
            1,
            0,
            0,
            0,
            0,
            0,
            0,
            0,
            0,
            0,
            0,
            0,
            0,
            0,
            0,
            0,
            0,
            0,
            0,
            0,
            0,
            0,
            1,
            1,
            1,
            1,
            1,
            0,
            0,
            0,
            0,
            0,
            1,
            1,
            1,
            1,
            1,
            1,
            1,
            1,
            1,
            1,
            1,
            1,
            1,
            1,
            1,
            1,
            1,
            1,
            1,
            1,
            1,
            1,
            1,
            1,
            1,
            1,
            1,
            1,
            1,
            1,
            1,
            1,
            1,
            1,
            1,
            0,
            0,
            2,
            0,
            0,
            1,
            1,
            1,
            1,
            1,
            1,
            1,
            1,
            1,
            1,
            1,
            1,
            0,
            0,
            0,
            0,
            0,
            0,
            0,
            0,
            0,
            1,
            1
        ],