{
    "mean": {
        "acc": 0.8434504792332268,
        "alpha": 0.6556747638709824,
        "alpha_ordinal": 0.6613485247282352,
        "auc_roc": 0.8656065894368652,
        "cr": {
            "0": {
                "f1-score": 0.6719999999999999,
                "precision": 0.7636363636363637,
                "recall": 0.6,
                "support": 70
            },
            "1": {
                "f1-score": 0.9037900874635569,
                "precision": 0.856353591160221,
                "recall": 0.9567901234567902,
                "support": 162
            },
            "2": {
                "f1-score": 0.8481012658227849,
                "precision": 0.8701298701298701,
                "recall": 0.8271604938271605,
                "support": 81
            },
            "accuracy": 0.8434504792332268,
            "macro avg": {
                "f1-score": 0.8079637844287806,
                "precision": 0.8300399416421517,
                "recall": 0.7946502057613168,
                "support": 313
            },
            "weighted avg": {
                "f1-score": 0.8375405645391112,
                "precision": 0.8391832163035806,
                "recall": 0.8434504792332268,
                "support": 313
            }
        },
        "f1": 0.8375405645391112,
        "kappa": 0.7380976775956284,
        "mae": 0.20766773162939298,
        "mcc": 0.7423508758248136,
        "mse": 0.30990415335463256,
        "p": 0.8391832163035806,
        "p_tau": 1.0864795073482193e-36,
        "r": 0.8434504792332268,
        "r2": 0.25644102664576807,
        "spearman": 0.664532852459124,
        "tau": 0.6502418656439266,
        "y_predict": [
            1,
            1,
            1,
            1,
            1,
            1,
            1,
            1,
            1,
            1,
            1,
            1,
            1,
            1,
            1,
            1,
            1,
            1,
            1,
            1,
            1,
            1,
            1,
            1,
            1,
            1,
            1,
            1,
            1,
            2,
            1,
            2,
            1,
            2,
            1,
            2,
            1,
            2,
            1,
            2,
            1,
            2,
            1,
            2,
            1,
            2,
            1,
            2,
            1,
            2,
            1,
            2,
            1,
            2,
            1,
            2,
            1,
            2,
            1,
            2,
            2,
            1,
            1,
            2,
            1,
            2,
            1,
            2,
            1,
            2,
            1,
            2,
            1,
            2,
            1,
            2,
            2,
            1,
            1,
            2,
            0,
            0,
            1,
            2,
            1,
            2,
            1,
            2,
            1,
            2,
            1,
            2,
            2,
            1,
            1,
            2,
            1,
            2,
            1,
            2,
            1,
            2,
            1,
            2,
            1,
            2,
            1,
            2,
            2,
            1,
            1,
            2,
            1,
            2,
            1,
            2,
            1,
            2,
            1,
            2,
            1,
            2,
            1,
            2,
            2,
            1,
            2,
            1,
            1,
            1,
            1,
            2,
            1,
            2,
            0,
            0,
            1,
            2,
            0,
            0,
            1,
            2,
            1,
            2,
            1,
            2,
            1,
            2,
            1,
            2,
            1,
            2,
            2,
            0,
            0,
            0,
            2,
            0,
            2,
            0,
            2,
            2,
            0,
            0,
            1,
            1,
            1,
            1,
            1,
            1,
            0,
            0,
            1,
            1,
            1,
            1,
            0,
            1,
            1,
            1,
            1,
            2,
            1,
            2,
            1,
            2,
            1,
            2,
            1,
            2,
            1,
            2,
            1,
            2,
            1,
            2,
            1,
            2,
            1,
            2,
            1,
            1,
            1,
            2,
            1,
            2,
            1,
            1,
            1,
            1,
            1,
            2,
            1,
            1,
            1,
            2,
            1,
            1,
            1,
            1,
            0,
            0,
            0,
            0,
            0,
            0,
            0,
            0,
            0,
            0,
            0,
            0,
            0,
            0,
            0,
            0,
            0,
            0,
            0,
            0,
            1,
            1,
            1,
            1,
            1,
            0,
            0,
            0,
            0,
            0,
            1,
            1,
            1,
            1,
            1,
            1,
            1,
            1,
            1,
            1,
            1,
            1,
            1,
            1,
            1,
            1,
            1,
            1,
            1,
            1,
            1,
            1,
            1,
            1,
            1,
            1,
            1,
            1,
            1,
            1,
            1,
            1,
            1,
            1,
            1,
            0,
            0,
            0,
            0,
            0,
            1,
            1,
            1,
            1,
            1,
            1,
            1,
            1,
            1,
            1,
            1,
            1,
            0,
            0,
            0,
            0,
            0,
            0,
            0,
            0,
            0,
            1,
            1
        ],