{
    "mean": {
        "acc": 0.853035143769968,
        "alpha": 0.688611092239056,
        "alpha_ordinal": 0.6945654511370334,
        "auc_roc": 0.8731306332975283,
        "cr": {
            "0": {
                "f1-score": 0.6880000000000002,
                "precision": 0.7818181818181819,
                "recall": 0.6142857142857143,
                "support": 70
            },
            "1": {
                "f1-score": 0.9064327485380117,
                "precision": 0.8611111111111112,
                "recall": 0.9567901234567902,
                "support": 162
            },
            "2": {
                "f1-score": 0.8679245283018868,
                "precision": 0.8846153846153846,
                "recall": 0.8518518518518519,
                "support": 81
            },
            "accuracy": 0.853035143769968,
            "macro avg": {
                "f1-score": 0.8207857589466329,
                "precision": 0.8425148925148925,
                "recall": 0.8076425631981188,
                "support": 313
            },
            "weighted avg": {
                "f1-score": 0.8476165880370949,
                "precision": 0.849460443709645,
                "recall": 0.853035143769968,
                "support": 313
            }
        },
        "f1": 0.8476165880370949,
        "kappa": 0.7544721270101123,
        "mae": 0.19169329073482427,
        "mcc": 0.7584817813287178,
        "mse": 0.28115015974440893,
        "p": 0.849460443709645,
        "p_tau": 2.376283441477076e-40,
        "r": 0.853035143769968,
        "r2": 0.3298296836982969,
        "spearman": 0.6980283586603493,
        "tau": 0.6833073444431895,
        "y_predict": [
            1,
            1,
            1,
            1,
            1,
            1,
            1,
            1,
            1,
            1,
            1,
            1,
            1,
            1,
            1,
            1,
            1,
            1,
            1,
            1,
            1,
            1,
            1,
            1,
            1,
            1,
            1,
            1,
            1,
            2,
            1,
            2,
            1,
            2,
            1,
            2,
            1,
            2,
            1,
            2,
            1,
            2,
            1,
            2,
            1,
            2,
            1,
            2,
            1,
            2,
            1,
            2,
            1,
            2,
            1,
            2,
            1,
            2,
            1,
            2,
            2,
            1,
            1,
            2,
            1,
            2,
            1,
            2,
            1,
            2,
            1,
            2,
            1,
            2,
            1,
            2,
            2,
            1,
            1,
            2,
            0,
            0,
            1,
            2,
            1,
            2,
            1,
            2,
            1,
            2,
            1,
            2,
            2,
            1,
            1,
            2,
            1,
            2,
            1,
            2,
            1,
            2,
            1,
            2,
            1,
            2,
            1,
            2,
            2,
            1,
            1,
            2,
            1,
            2,
            1,
            2,
            1,
            2,
            1,
            2,
            1,
            2,
            1,
            2,
            2,
            1,
            2,
            1,
            1,
            1,
            1,
            2,
            1,
            2,
            0,
            0,
            1,
            2,
            0,
            0,
            1,
            2,
            1,
            2,
            1,
            2,
            1,
            2,
            1,
            2,
            1,
            2,
            2,
            0,
            0,
            0,
            2,
            0,
            2,
            0,
            0,
            2,
            0,
            0,
            1,
            1,
            1,
            1,
            1,
            1,
            0,
            2,
            1,
            1,
            1,
            1,
            0,
            1,
            1,
            1,
            1,
            2,
            1,
            2,
            1,
            2,
            1,
            2,
            1,
            2,
            1,
            2,
            1,
            2,
            1,
            2,
            1,
            1,
            1,
            2,
            1,
            2,
            1,
            2,
            1,
            2,
            1,
            2,
            1,
            1,
            1,
            2,
            1,
            1,
            1,
            2,
            1,
            1,
            1,
            1,
            0,
            0,
            0,
            0,
            0,
            0,
            0,
            0,
            0,
            0,
            0,
            0,
            0,
            0,
            0,
            0,
            0,
            0,
            0,
            0,
            1,
            1,
            1,
            1,
            1,
            0,
            0,
            0,
            0,
            0,
            1,
            1,
            1,
            1,
            1,
            1,
            1,
            1,
            1,
            1,
            1,
            1,
            1,
            1,
            1,
            1,
            1,
            1,
            1,
            1,
            1,
            1,
            1,
            1,
            1,
            1,
            1,
            1,
            1,
            1,
            1,
            1,
            1,
            1,
            1,
            0,
            0,
            0,
            0,
            0,
            1,
            1,
            1,
            1,
            1,
            1,
            1,
            1,
            1,
            1,
            1,
            1,
            0,
            0,
            0,
            0,
            0,
            0,
            0,
            0,
            0,
            1,
            1
        ],