{
    "mean": {
        "acc": 0.7188498402555911,
        "alpha": 0.4504916165143522,
        "alpha_ordinal": 0.4504916165143522,
        "auc_roc": 0.7457162035040039,
        "cr": {
            "0": {
                "f1-score": 0.7131782945736433,
                "precision": 0.7796610169491526,
                "recall": 0.6571428571428571,
                "support": 70
            },
            "1": {
                "f1-score": 0.8097826086956522,
                "precision": 0.7233009708737864,
                "recall": 0.9197530864197531,
                "support": 162
            },
            "2": {
                "f1-score": 0.4651162790697674,
                "precision": 0.625,
                "recall": 0.37037037037037035,
                "support": 81
            },
            "accuracy": 0.7188498402555911,
            "macro avg": {
                "f1-score": 0.662692394113021,
                "precision": 0.7093206626076464,
                "recall": 0.6490887713109935,
                "support": 313
            },
            "weighted avg": {
                "f1-score": 0.6989830090527215,
                "precision": 0.7104665446261792,
                "recall": 0.7188498402555911,
                "support": 313
            }
        },
        "f1": 0.6989830090527215,
        "kappa": 0.5131762668127751,
        "mae": 0.33865814696485624,
        "mcc": 0.5302797469069918,
        "mse": 0.4536741214057508,
        "p": 0.7104665446261792,
        "p_tau": 2.1231053459405154e-17,
        "r": 0.7188498402555911,
        "r2": -0.3319148936170211,
        "spearman": 0.4579556043954665,
        "tau": 0.43905373224191774,
        "y_predict": [
            1,
            1,
            1,
            1,
            1,
            1,
            2,
            1,
            1,
            1,
            1,
            1,
            1,
            1,
            1,
            1,
            1,
            1,
            1,
            1,
            1,
            1,
            1,
            1,
            1,
            1,
            1,
            1,
            1,
            2,
            2,
            1,
            1,
            1,
            1,
            1,
            2,
            1,
            1,
            2,
            1,
            1,
            1,
            1,
            2,
            1,
            2,
            2,
            2,
            1,
            1,
            2,
            1,
            1,
            1,
            2,
            1,
            1,
            1,
            2,
            1,
            1,
            1,
            1,
            1,
            1,
            2,
            0,
            1,
            2,
            1,
            2,
            1,
            2,
            0,
            1,
            1,
            1,
            1,
            2,
            0,
            0,
            1,
            2,
            2,
            1,
            1,
            1,
            1,
            2,
            1,
            2,
            2,
            1,
            2,
            1,
            1,
            2,
            1,
            2,
            2,
            2,
            1,
            2,
            1,
            1,
            1,
            2,
            2,
            1,
            1,
            1,
            2,
            1,
            1,
            2,
            1,
            1,
            1,
            1,
            1,
            2,
            1,
            1,
            1,
            1,
            1,
            1,
            1,
            1,
            1,
            2,
            1,
            2,
            0,
            0,
            1,
            1,
            2,
            0,
            1,
            2,
            2,
            1,
            1,
            2,
            1,
            1,
            1,
            1,
            1,
            1,
            2,
            0,
            0,
            0,
            0,
            2,
            0,
            0,
            2,
            0,
            0,
            0,
            1,
            1,
            1,
            0,
            1,
            1,
            0,
            0,
            1,
            1,
            1,
            0,
            1,
            1,
            1,
            1,
            1,
            2,
            1,
            1,
            1,
            1,
            1,
            1,
            1,
            2,
            1,
            1,
            1,
            2,
            1,
            1,
            1,
            1,
            1,
            1,
            1,
            1,
            1,
            1,
            1,
            2,
            1,
            1,
            1,
            1,
            1,
            1,
            1,
            1,
            1,
            2,
            1,
            1,
            1,
            0,
            0,
            0,
            0,
            0,
            0,
            0,
            0,
            0,
            0,
            0,
            0,
            0,
            0,
            0,
            0,
            0,
            0,
            0,
            0,
            0,
            1,
            1,
            1,
            1,
            1,
            0,
            0,
            0,
            0,
            0,
            1,
            1,
            1,
            1,
            1,
            1,
            1,
            1,
            1,
            1,
            1,
            1,
            1,
            1,
            1,
            1,
            1,
            1,
            1,
            1,
            1,
            1,
            1,
            1,
            1,
            1,
            1,
            1,
            1,
            1,
            1,
            1,
            1,
            1,
            1,
            0,
            0,
            2,
            0,
            0,
            1,
            1,
            1,
            1,
            1,
            1,
            1,
            1,
            1,
            1,
            1,
            1,
            0,
            0,
            0,
            0,
            0,
            0,
            0,
            0,
            0,
            1,
            1
        ],