{
    "mean": {
        "acc": 0.7124600638977636,
        "alpha": 0.4288405229489546,
        "alpha_ordinal": 0.4277755991310025,
        "auc_roc": 0.740249772812065,
        "cr": {
            "0": {
                "f1-score": 0.6825396825396827,
                "precision": 0.7678571428571429,
                "recall": 0.6142857142857143,
                "support": 70
            },
            "1": {
                "f1-score": 0.8075880758807588,
                "precision": 0.7198067632850241,
                "recall": 0.9197530864197531,
                "support": 162
            },
            "2": {
                "f1-score": 0.47328244274809156,
                "precision": 0.62,
                "recall": 0.38271604938271603,
                "support": 81
            },
            "accuracy": 0.7124600638977636,
            "macro avg": {
                "f1-score": 0.6544700670561776,
                "precision": 0.7025546353807224,
                "recall": 0.6389182833627278,
                "support": 313
            },
            "weighted avg": {
                "f1-score": 0.6931083831727032,
                "precision": 0.7047242672593416,
                "recall": 0.7124600638977636,
                "support": 313
            }
        },
        "f1": 0.6931083831727032,
        "kappa": 0.5011068803683698,
        "mae": 0.34824281150159747,
        "mcc": 0.5181414330742734,
        "mse": 0.4696485623003195,
        "p": 0.7047242672593416,
        "p_tau": 7.929791062009918e-16,
        "r": 0.7124600638977636,
        "r2": -0.3882988353147063,
        "spearman": 0.4343030816313961,
        "tau": 0.4167472250893908,
        "y_predict": [
            1,
            1,
            1,
            1,
            1,
            1,
            1,
            1,
            1,
            1,
            1,
            1,
            1,
            1,
            1,
            1,
            1,
            1,
            1,
            1,
            1,
            1,
            1,
            1,
            1,
            1,
            1,
            1,
            1,
            2,
            2,
            1,
            1,
            1,
            1,
            2,
            2,
            1,
            1,
            2,
            2,
            1,
            1,
            1,
            2,
            1,
            1,
            2,
            2,
            1,
            1,
            2,
            1,
            2,
            1,
            2,
            1,
            0,
            2,
            2,
            1,
            1,
            1,
            1,
            1,
            1,
            2,
            0,
            1,
            2,
            1,
            2,
            1,
            2,
            0,
            1,
            1,
            1,
            1,
            2,
            0,
            0,
            1,
            2,
            2,
            1,
            1,
            1,
            1,
            2,
            1,
            2,
            2,
            1,
            1,
            1,
            1,
            2,
            1,
            2,
            2,
            2,
            1,
            2,
            1,
            1,
            1,
            1,
            2,
            1,
            1,
            1,
            1,
            1,
            1,
            2,
            1,
            1,
            1,
            1,
            1,
            2,
            1,
            1,
            1,
            1,
            1,
            1,
            1,
            1,
            1,
            2,
            1,
            2,
            0,
            0,
            1,
            1,
            0,
            0,
            1,
            2,
            2,
            1,
            1,
            2,
            2,
            1,
            1,
            1,
            1,
            1,
            2,
            0,
            0,
            2,
            2,
            2,
            0,
            0,
            2,
            0,
            0,
            0,
            1,
            1,
            1,
            1,
            1,
            1,
            0,
            0,
            1,
            1,
            1,
            1,
            1,
            1,
            1,
            1,
            1,
            2,
            2,
            1,
            1,
            1,
            1,
            1,
            1,
            2,
            1,
            1,
            1,
            2,
            1,
            1,
            1,
            1,
            1,
            1,
            1,
            1,
            2,
            1,
            1,
            1,
            1,
            1,
            1,
            1,
            1,
            1,
            1,
            1,
            1,
            2,
            1,
            1,
            1,
            1,
            0,
            0,
            0,
            0,
            0,
            0,
            0,
            0,
            0,
            0,
            0,
            0,
            0,
            0,
            0,
            0,
            0,
            0,
            0,
            0,
            1,
            1,
            1,
            1,
            1,
            0,
            0,
            0,
            0,
            0,
            1,
            1,
            1,
            1,
            1,
            1,
            1,
            1,
            1,
            1,
            1,
            1,
            1,
            1,
            1,
            1,
            1,
            1,
            1,
            1,
            1,
            1,
            1,
            1,
            1,
            1,
            1,
            1,
            1,
            1,
            1,
            1,
            1,
            1,
            1,
            0,
            0,
            2,
            0,
            0,
            1,
            1,
            1,
            1,
            1,
            1,
            1,
            1,
            1,
            1,
            1,
            1,
            0,
            0,
            0,
            0,
            0,
            0,
            0,
            0,
            0,
            1,
            1
        ],