{
    "mean": {
        "acc": 0.8498402555910544,
        "alpha": 0.6741988123838448,
        "alpha_ordinal": 0.6806832837915804,
        "auc_roc": 0.8709754608837351,
        "cr": {
            "0": {
                "f1-score": 0.6774193548387097,
                "precision": 0.7777777777777778,
                "recall": 0.6,
                "support": 70
            },
            "1": {
                "f1-score": 0.9064327485380117,
                "precision": 0.8611111111111112,
                "recall": 0.9567901234567902,
                "support": 162
            },
            "2": {
                "f1-score": 0.8624999999999999,
                "precision": 0.8734177215189873,
                "recall": 0.8518518518518519,
                "support": 81
            },
            "accuracy": 0.8498402555910544,
            "macro avg": {
                "f1-score": 0.8154507011255738,
                "precision": 0.8374355368026253,
                "recall": 0.802880658436214,
                "support": 313
            },
            "weighted avg": {
                "f1-score": 0.8438465178973404,
                "precision": 0.8456590411740653,
                "recall": 0.8498402555910544,
                "support": 313
            }
        },
        "f1": 0.8438465178973404,
        "kappa": 0.7490874978679857,
        "mae": 0.19808306709265175,
        "mcc": 0.7532475316541025,
        "mse": 0.2939297124600639,
        "p": 0.8456590411740653,
        "p_tau": 7.800116413670553e-39,
        "r": 0.8498402555910544,
        "r2": 0.29772705101941277,
        "spearman": 0.6845862309257841,
        "tau": 0.6699116233613982,
        "y_predict": [
            1,
            1,
            1,
            1,
            1,
            1,
            1,
            1,
            1,
            1,
            1,
            1,
            1,
            1,
            1,
            1,
            1,
            1,
            1,
            1,
            1,
            1,
            1,
            1,
            1,
            1,
            1,
            1,
            1,
            2,
            1,
            2,
            1,
            2,
            1,
            2,
            1,
            2,
            1,
            2,
            1,
            2,
            1,
            2,
            1,
            2,
            1,
            2,
            1,
            2,
            1,
            2,
            1,
            2,
            1,
            2,
            1,
            2,
            1,
            2,
            2,
            1,
            1,
            2,
            1,
            2,
            1,
            2,
            1,
            2,
            1,
            2,
            1,
            2,
            1,
            2,
            2,
            1,
            1,
            2,
            0,
            0,
            1,
            2,
            1,
            2,
            1,
            2,
            1,
            2,
            1,
            2,
            2,
            1,
            1,
            2,
            1,
            2,
            1,
            2,
            1,
            2,
            1,
            2,
            1,
            2,
            1,
            2,
            2,
            1,
            1,
            2,
            1,
            2,
            1,
            2,
            1,
            1,
            1,
            2,
            1,
            2,
            1,
            2,
            2,
            1,
            2,
            1,
            1,
            1,
            1,
            2,
            1,
            2,
            0,
            0,
            1,
            2,
            0,
            0,
            1,
            2,
            1,
            2,
            1,
            2,
            1,
            2,
            1,
            2,
            1,
            2,
            2,
            0,
            0,
            0,
            2,
            0,
            2,
            0,
            2,
            2,
            0,
            0,
            1,
            1,
            1,
            1,
            1,
            1,
            0,
            2,
            1,
            1,
            1,
            1,
            0,
            1,
            1,
            1,
            1,
            2,
            1,
            2,
            1,
            2,
            1,
            2,
            1,
            2,
            1,
            2,
            1,
            2,
            1,
            2,
            1,
            2,
            1,
            2,
            1,
            2,
            1,
            2,
            1,
            2,
            1,
            2,
            1,
            1,
            1,
            2,
            1,
            1,
            1,
            2,
            1,
            1,
            1,
            1,
            0,
            0,
            0,
            0,
            0,
            0,
            0,
            0,
            0,
            0,
            0,
            0,
            0,
            0,
            0,
            0,
            0,
            0,
            0,
            0,
            1,
            1,
            1,
            1,
            1,
            0,
            0,
            0,
            0,
            0,
            1,
            1,
            1,
            1,
            1,
            1,
            1,
            1,
            1,
            1,
            1,
            1,
            1,
            1,
            1,
            1,
            1,
            1,
            1,
            1,
            1,
            1,
            1,
            1,
            1,
            1,
            1,
            1,
            1,
            1,
            1,
            1,
            1,
            1,
            1,
            0,
            0,
            0,
            0,
            0,
            1,
            1,
            1,
            1,
            1,
            1,
            1,
            1,
            1,
            1,
            1,
            1,
            0,
            0,
            0,
            0,
            0,
            0,
            0,
            0,
            0,
            1,
            1
        ],