{
    "mean": {
        "acc": 0.8338658146964856,
        "alpha": 0.6518305814788228,
        "alpha_ordinal": 0.6548176005744941,
        "auc_roc": 0.8546142879831445,
        "cr": {
            "0": {
                "f1-score": 0.6875,
                "precision": 0.7586206896551724,
                "recall": 0.6285714285714286,
                "support": 70
            },
            "1": {
                "f1-score": 0.893371757925072,
                "precision": 0.8378378378378378,
                "recall": 0.9567901234567902,
                "support": 162
            },
            "2": {
                "f1-score": 0.8211920529801325,
                "precision": 0.8857142857142857,
                "recall": 0.7654320987654321,
                "support": 81
            },
            "accuracy": 0.8338658146964856,
            "macro avg": {
                "f1-score": 0.8006879369684015,
                "precision": 0.8273909377357653,
                "recall": 0.7835978835978836,
                "support": 313
            },
            "weighted avg": {
                "f1-score": 0.8286510577484103,
                "precision": 0.8325112944039901,
                "recall": 0.8338658146964856,
                "support": 313
            }
        },
        "f1": 0.8286510577484103,
        "kappa": 0.7206748013523485,
        "mae": 0.21405750798722045,
        "mcc": 0.7262392193034866,
        "mse": 0.30990415335463256,
        "p": 0.8325112944039901,
        "p_tau": 8.748130168383887e-36,
        "r": 0.8338658146964856,
        "r2": 0.23945390781563125,
        "spearman": 0.6565636417153599,
        "tau": 0.641964132606516,
        "y_predict": [
            1,
            1,
            1,
            1,
            1,
            1,
            1,
            1,
            1,
            1,
            1,
            1,
            1,
            1,
            1,
            1,
            1,
            1,
            1,
            1,
            1,
            1,
            1,
            1,
            1,
            1,
            1,
            1,
            1,
            2,
            1,
            2,
            1,
            2,
            1,
            2,
            1,
            2,
            1,
            2,
            1,
            2,
            1,
            1,
            1,
            2,
            1,
            2,
            1,
            2,
            1,
            2,
            1,
            1,
            1,
            2,
            1,
            2,
            1,
            2,
            2,
            1,
            1,
            2,
            1,
            2,
            1,
            2,
            1,
            2,
            1,
            2,
            1,
            2,
            1,
            2,
            2,
            1,
            1,
            2,
            0,
            0,
            1,
            2,
            1,
            2,
            1,
            2,
            1,
            2,
            1,
            2,
            2,
            1,
            1,
            2,
            1,
            2,
            1,
            2,
            1,
            1,
            1,
            2,
            0,
            2,
            1,
            2,
            1,
            1,
            1,
            2,
            1,
            2,
            1,
            2,
            1,
            2,
            1,
            2,
            1,
            2,
            1,
            2,
            2,
            1,
            2,
            1,
            1,
            1,
            1,
            2,
            1,
            2,
            0,
            0,
            1,
            2,
            0,
            0,
            1,
            2,
            1,
            2,
            1,
            2,
            1,
            2,
            1,
            2,
            1,
            2,
            2,
            0,
            0,
            0,
            2,
            2,
            0,
            0,
            0,
            2,
            0,
            0,
            1,
            1,
            1,
            1,
            1,
            1,
            0,
            0,
            1,
            1,
            1,
            1,
            0,
            1,
            1,
            1,
            1,
            1,
            1,
            2,
            1,
            2,
            1,
            2,
            1,
            2,
            1,
            2,
            1,
            1,
            1,
            1,
            1,
            2,
            1,
            2,
            1,
            2,
            1,
            2,
            1,
            2,
            1,
            2,
            1,
            1,
            1,
            2,
            1,
            1,
            1,
            1,
            1,
            0,
            1,
            1,
            0,
            0,
            0,
            0,
            0,
            0,
            0,
            0,
            0,
            0,
            0,
            0,
            0,
            0,
            0,
            0,
            0,
            0,
            0,
            0,
            1,
            1,
            1,
            1,
            1,
            0,
            0,
            0,
            0,
            0,
            1,
            1,
            1,
            1,
            1,
            1,
            1,
            1,
            1,
            1,
            1,
            1,
            1,
            1,
            1,
            1,
            1,
            1,
            1,
            1,
            1,
            1,
            1,
            1,
            1,
            1,
            1,
            1,
            1,
            1,
            1,
            1,
            1,
            1,
            1,
            0,
            0,
            0,
            0,
            0,
            1,
            1,
            1,
            1,
            1,
            1,
            1,
            1,
            1,
            1,
            1,
            1,
            0,
            0,
            0,
            0,
            0,
            0,
            0,
            0,
            0,
            1,
            1
        ],