{
    "mean": {
        "acc": 0.7156549520766773,
        "alpha": 0.4783966808145357,
        "alpha_ordinal": 0.4798266305858424,
        "auc_roc": 0.7481853745476211,
        "cr": {
            "0": {
                "f1-score": 0.7794117647058824,
                "precision": 0.803030303030303,
                "recall": 0.7571428571428571,
                "support": 70
            },
            "1": {
                "f1-score": 0.7988826815642457,
                "precision": 0.7295918367346939,
                "recall": 0.8827160493827161,
                "support": 162
            },
            "2": {
                "f1-score": 0.42424242424242425,
                "precision": 0.5490196078431373,
                "recall": 0.345679012345679,
                "support": 81
            },
            "accuracy": 0.7156549520766773,
            "macro avg": {
                "f1-score": 0.6675122901708508,
                "precision": 0.6938805825360447,
                "recall": 0.661845972957084,
                "support": 313
            },
            "weighted avg": {
                "f1-score": 0.6975765313305302,
                "precision": 0.6992862204422867,
                "recall": 0.7156549520766773,
                "support": 313
            }
        },
        "f1": 0.6975765313305302,
        "kappa": 0.515243796331744,
        "mae": 0.33865814696485624,
        "mcc": 0.5259184471504934,
        "mse": 0.4472843450479233,
        "p": 0.6992862204422867,
        "p_tau": 3.002742366948142e-19,
        "r": 0.7156549520766773,
        "r2": -0.20397845917133783,
        "spearman": 0.4869771210902992,
        "tau": 0.46266755754588307,
        "y_predict": [
            1,
            1,
            1,
            1,
            1,
            1,
            2,
            1,
            1,
            1,
            1,
            1,
            1,
            0,
            1,
            1,
            1,
            1,
            1,
            1,
            1,
            1,
            1,
            1,
            1,
            2,
            1,
            1,
            1,
            1,
            1,
            1,
            1,
            1,
            1,
            1,
            1,
            1,
            1,
            2,
            2,
            1,
            1,
            1,
            2,
            1,
            1,
            1,
            2,
            1,
            1,
            2,
            1,
            1,
            1,
            2,
            1,
            2,
            1,
            1,
            2,
            1,
            1,
            1,
            0,
            1,
            2,
            0,
            1,
            2,
            2,
            2,
            2,
            2,
            0,
            1,
            1,
            1,
            1,
            2,
            0,
            0,
            1,
            2,
            1,
            1,
            1,
            1,
            1,
            2,
            2,
            2,
            2,
            1,
            2,
            1,
            1,
            2,
            1,
            2,
            2,
            1,
            1,
            2,
            1,
            1,
            1,
            2,
            2,
            1,
            1,
            1,
            2,
            1,
            1,
            2,
            2,
            1,
            1,
            2,
            1,
            2,
            1,
            1,
            1,
            1,
            1,
            1,
            1,
            0,
            1,
            2,
            1,
            2,
            0,
            0,
            1,
            1,
            0,
            0,
            1,
            1,
            1,
            1,
            1,
            2,
            1,
            1,
            1,
            1,
            1,
            1,
            2,
            0,
            0,
            2,
            0,
            0,
            0,
            2,
            2,
            0,
            0,
            0,
            1,
            1,
            1,
            0,
            1,
            1,
            0,
            0,
            1,
            1,
            1,
            0,
            1,
            0,
            1,
            0,
            1,
            2,
            1,
            1,
            1,
            1,
            1,
            1,
            1,
            1,
            1,
            2,
            1,
            2,
            1,
            1,
            1,
            1,
            1,
            1,
            1,
            1,
            2,
            1,
            1,
            1,
            1,
            1,
            1,
            0,
            2,
            1,
            1,
            0,
            2,
            2,
            1,
            1,
            1,
            0,
            0,
            0,
            0,
            0,
            0,
            0,
            0,
            0,
            0,
            0,
            0,
            0,
            0,
            0,
            0,
            0,
            0,
            0,
            0,
            0,
            1,
            1,
            0,
            1,
            1,
            0,
            0,
            0,
            0,
            0,
            1,
            1,
            1,
            1,
            1,
            1,
            1,
            1,
            1,
            1,
            1,
            1,
            1,
            1,
            1,
            1,
            1,
            1,
            1,
            1,
            1,
            1,
            1,
            1,
            1,
            1,
            1,
            1,
            2,
            1,
            1,
            1,
            1,
            1,
            1,
            0,
            0,
            2,
            0,
            2,
            1,
            1,
            1,
            1,
            1,
            1,
            1,
            1,
            1,
            1,
            1,
            1,
            0,
            0,
            0,
            0,
            0,
            0,
            0,
            0,
            0,
            1,
            1
        ],