{
    "mean": {
        "acc": 0.8466453674121406,
        "alpha": 0.660303009715334,
        "alpha_ordinal": 0.6664066962172346,
        "auc_roc": 0.868917847715011,
        "cr": {
            "0": {
                "f1-score": 0.6719999999999999,
                "precision": 0.7636363636363637,
                "recall": 0.6,
                "support": 70
            },
            "1": {
                "f1-score": 0.9064327485380117,
                "precision": 0.8611111111111112,
                "recall": 0.9567901234567902,
                "support": 162
            },
            "2": {
                "f1-score": 0.8553459119496856,
                "precision": 0.8717948717948718,
                "recall": 0.8395061728395061,
                "support": 81
            },
            "accuracy": 0.8466453674121406,
            "macro avg": {
                "f1-score": 0.8112595534958991,
                "precision": 0.8321807821807822,
                "recall": 0.7987654320987655,
                "support": 313
            },
            "weighted avg": {
                "f1-score": 0.8407831441887617,
                "precision": 0.84207645389754,
                "recall": 0.8466453674121406,
                "support": 313
            }
        },
        "f1": 0.8407831441887617,
        "kappa": 0.7437970020975085,
        "mae": 0.20447284345047922,
        "mcc": 0.7477499232921521,
        "mse": 0.30670926517571884,
        "p": 0.84207645389754,
        "p_tau": 2.8297286288659992e-37,
        "r": 0.8466453674121406,
        "r2": 0.2689051094890511,
        "spearman": 0.6697642482200242,
        "tau": 0.655534804476358,
        "y_predict": [
            1,
            1,
            1,
            1,
            1,
            1,
            1,
            1,
            1,
            1,
            1,
            1,
            1,
            1,
            1,
            1,
            1,
            1,
            1,
            1,
            1,
            1,
            1,
            1,
            1,
            1,
            1,
            1,
            1,
            2,
            1,
            2,
            1,
            2,
            1,
            2,
            1,
            2,
            1,
            2,
            1,
            2,
            1,
            2,
            1,
            2,
            1,
            2,
            1,
            2,
            1,
            2,
            1,
            2,
            1,
            2,
            1,
            2,
            1,
            2,
            2,
            1,
            1,
            2,
            1,
            2,
            1,
            2,
            1,
            2,
            1,
            2,
            1,
            2,
            1,
            2,
            2,
            1,
            1,
            2,
            0,
            0,
            1,
            2,
            1,
            2,
            1,
            2,
            1,
            2,
            1,
            2,
            2,
            1,
            1,
            2,
            1,
            2,
            1,
            2,
            1,
            2,
            1,
            2,
            1,
            2,
            1,
            2,
            2,
            1,
            1,
            2,
            1,
            2,
            1,
            2,
            1,
            2,
            1,
            2,
            1,
            2,
            1,
            2,
            2,
            1,
            2,
            1,
            1,
            1,
            1,
            2,
            1,
            2,
            0,
            0,
            1,
            2,
            0,
            0,
            1,
            2,
            1,
            2,
            1,
            2,
            1,
            2,
            1,
            2,
            1,
            2,
            2,
            0,
            0,
            0,
            2,
            0,
            2,
            0,
            2,
            2,
            0,
            0,
            1,
            1,
            1,
            1,
            1,
            1,
            0,
            0,
            1,
            1,
            1,
            1,
            0,
            1,
            1,
            1,
            1,
            2,
            1,
            2,
            1,
            2,
            1,
            2,
            1,
            2,
            1,
            2,
            1,
            2,
            1,
            2,
            1,
            2,
            1,
            2,
            1,
            1,
            1,
            2,
            1,
            2,
            1,
            2,
            1,
            1,
            1,
            2,
            1,
            1,
            1,
            2,
            1,
            1,
            1,
            1,
            0,
            0,
            0,
            0,
            0,
            0,
            0,
            0,
            0,
            0,
            0,
            0,
            0,
            0,
            0,
            0,
            0,
            0,
            0,
            0,
            1,
            1,
            1,
            1,
            1,
            0,
            0,
            0,
            0,
            0,
            1,
            1,
            1,
            1,
            1,
            1,
            1,
            1,
            1,
            1,
            1,
            1,
            1,
            1,
            1,
            1,
            1,
            1,
            1,
            1,
            1,
            1,
            1,
            1,
            1,
            1,
            1,
            1,
            1,
            1,
            1,
            1,
            1,
            1,
            1,
            0,
            0,
            0,
            0,
            0,
            1,
            1,
            1,
            1,
            1,
            1,
            1,
            1,
            1,
            1,
            1,
            1,
            0,
            0,
            0,
            0,
            0,
            0,
            0,
            0,
            0,
            1,
            1
        ],