{
    "mean": {
        "acc": 0.7284345047923323,
        "alpha": 0.45560561721006887,
        "alpha_ordinal": 0.45754736608236724,
        "auc_roc": 0.7521817207453831,
        "cr": {
            "0": {
                "f1-score": 0.732824427480916,
                "precision": 0.7868852459016393,
                "recall": 0.6857142857142857,
                "support": 70
            },
            "1": {
                "f1-score": 0.8194070080862534,
                "precision": 0.7272727272727273,
                "recall": 0.9382716049382716,
                "support": 162
            },
            "2": {
                "f1-score": 0.45161290322580644,
                "precision": 0.6511627906976745,
                "recall": 0.345679012345679,
                "support": 81
            },
            "accuracy": 0.7284345047923323,
            "macro avg": {
                "f1-score": 0.667948112930992,
                "precision": 0.721773587957347,
                "recall": 0.6565549676660788,
                "support": 313
            },
            "weighted avg": {
                "f1-score": 0.7048635475876278,
                "precision": 0.72090841877894,
                "recall": 0.7284345047923323,
                "support": 313
            }
        },
        "f1": 0.7048635475876278,
        "kappa": 0.5279285993115441,
        "mae": 0.329073482428115,
        "mcc": 0.5491071003764031,
        "mse": 0.4440894568690096,
        "p": 0.72090841877894,
        "p_tau": 3.848249650495324e-18,
        "r": 0.7284345047923323,
        "r2": -0.34997517686483803,
        "spearman": 0.4687426568482923,
        "tau": 0.4499455889213427,
        "y_predict": [
            1,
            1,
            1,
            1,
            1,
            1,
            2,
            1,
            1,
            1,
            1,
            1,
            1,
            1,
            1,
            1,
            1,
            1,
            1,
            1,
            1,
            1,
            1,
            1,
            1,
            1,
            1,
            1,
            1,
            2,
            2,
            1,
            1,
            1,
            1,
            1,
            2,
            1,
            1,
            2,
            1,
            1,
            1,
            1,
            2,
            1,
            1,
            1,
            2,
            1,
            1,
            2,
            1,
            1,
            1,
            2,
            1,
            1,
            1,
            2,
            1,
            1,
            1,
            1,
            0,
            1,
            2,
            0,
            1,
            2,
            1,
            2,
            1,
            2,
            0,
            1,
            1,
            1,
            1,
            2,
            0,
            0,
            1,
            2,
            2,
            1,
            1,
            1,
            1,
            2,
            1,
            2,
            2,
            1,
            2,
            1,
            1,
            2,
            1,
            2,
            2,
            2,
            1,
            2,
            1,
            1,
            1,
            2,
            2,
            1,
            1,
            1,
            1,
            1,
            1,
            2,
            1,
            1,
            1,
            1,
            1,
            2,
            1,
            1,
            1,
            1,
            1,
            1,
            1,
            0,
            1,
            2,
            1,
            2,
            0,
            0,
            1,
            1,
            2,
            0,
            1,
            2,
            1,
            1,
            1,
            2,
            1,
            1,
            1,
            1,
            1,
            1,
            2,
            0,
            0,
            0,
            0,
            2,
            0,
            0,
            2,
            0,
            0,
            0,
            1,
            1,
            1,
            0,
            1,
            1,
            0,
            0,
            1,
            1,
            1,
            1,
            1,
            1,
            1,
            1,
            1,
            2,
            1,
            1,
            1,
            1,
            1,
            1,
            1,
            1,
            1,
            1,
            1,
            2,
            1,
            1,
            1,
            1,
            1,
            1,
            1,
            1,
            1,
            1,
            1,
            2,
            1,
            1,
            1,
            1,
            1,
            1,
            1,
            0,
            1,
            2,
            1,
            1,
            1,
            0,
            0,
            0,
            0,
            0,
            0,
            0,
            0,
            0,
            0,
            0,
            0,
            0,
            0,
            0,
            0,
            0,
            0,
            0,
            0,
            0,
            1,
            1,
            1,
            1,
            1,
            0,
            0,
            0,
            0,
            0,
            1,
            1,
            1,
            1,
            1,
            1,
            1,
            1,
            1,
            1,
            1,
            1,
            1,
            1,
            1,
            1,
            1,
            1,
            1,
            1,
            1,
            1,
            1,
            1,
            1,
            1,
            1,
            1,
            1,
            1,
            1,
            1,
            1,
            1,
            1,
            0,
            0,
            2,
            0,
            0,
            1,
            1,
            1,
            1,
            1,
            1,
            1,
            1,
            1,
            1,
            1,
            1,
            0,
            0,
            0,
            0,
            0,
            0,
            0,
            0,
            0,
            1,
            1
        ],