{
    "mean": {
        "acc": 0.7252396166134185,
        "alpha": 0.43923453209114827,
        "alpha_ordinal": 0.43802808604022214,
        "auc_roc": 0.7534948059246478,
        "cr": {
            "0": {
                "f1-score": 0.6929133858267716,
                "precision": 0.7719298245614035,
                "recall": 0.6285714285714286,
                "support": 70
            },
            "1": {
                "f1-score": 0.819672131147541,
                "precision": 0.7352941176470589,
                "recall": 0.9259259259259259,
                "support": 162
            },
            "2": {
                "f1-score": 0.4962406015037593,
                "precision": 0.6346153846153846,
                "recall": 0.4074074074074074,
                "support": 81
            },
            "accuracy": 0.7252396166134185,
            "macro avg": {
                "f1-score": 0.6696087061593574,
                "precision": 0.7139464422746157,
                "recall": 0.653968253968254,
                "support": 313
            },
            "weighted avg": {
                "f1-score": 0.7076239967270932,
                "precision": 0.7174331659168305,
                "recall": 0.7252396166134185,
                "support": 313
            }
        },
        "f1": 0.7076239967270932,
        "kappa": 0.5254147640120594,
        "mae": 0.33865814696485624,
        "mcc": 0.5407376285082491,
        "mse": 0.46645367412140576,
        "p": 0.7174331659168305,
        "p_tau": 1.4408322838003777e-16,
        "r": 0.7252396166134185,
        "r2": -0.3404317728499353,
        "spearman": 0.44376109554068155,
        "tau": 0.42698694252059055,
        "y_predict": [
            1,
            1,
            1,
            1,
            1,
            1,
            1,
            1,
            1,
            1,
            1,
            1,
            1,
            1,
            1,
            1,
            1,
            1,
            1,
            1,
            1,
            1,
            1,
            1,
            1,
            1,
            1,
            1,
            1,
            2,
            2,
            1,
            1,
            1,
            1,
            2,
            2,
            1,
            1,
            2,
            1,
            1,
            2,
            1,
            1,
            1,
            1,
            2,
            2,
            1,
            1,
            2,
            1,
            2,
            1,
            2,
            1,
            0,
            2,
            2,
            1,
            1,
            1,
            1,
            1,
            1,
            2,
            0,
            1,
            2,
            1,
            2,
            1,
            2,
            0,
            1,
            1,
            1,
            2,
            2,
            0,
            0,
            1,
            2,
            2,
            1,
            1,
            1,
            1,
            2,
            1,
            2,
            2,
            1,
            1,
            1,
            1,
            2,
            1,
            2,
            1,
            2,
            1,
            2,
            1,
            1,
            1,
            2,
            2,
            1,
            1,
            1,
            1,
            1,
            1,
            2,
            1,
            1,
            1,
            1,
            1,
            2,
            1,
            1,
            1,
            1,
            1,
            1,
            1,
            1,
            1,
            2,
            1,
            2,
            0,
            0,
            1,
            1,
            0,
            0,
            1,
            2,
            2,
            1,
            1,
            2,
            2,
            1,
            1,
            1,
            1,
            1,
            2,
            0,
            0,
            2,
            2,
            2,
            0,
            0,
            2,
            0,
            0,
            0,
            1,
            1,
            1,
            1,
            1,
            1,
            0,
            0,
            1,
            1,
            1,
            1,
            1,
            1,
            1,
            1,
            1,
            2,
            2,
            1,
            1,
            1,
            2,
            1,
            1,
            2,
            1,
            1,
            1,
            2,
            1,
            1,
            1,
            1,
            1,
            1,
            1,
            1,
            2,
            1,
            1,
            2,
            1,
            1,
            1,
            1,
            1,
            1,
            1,
            1,
            1,
            2,
            1,
            1,
            1,
            0,
            0,
            0,
            0,
            0,
            0,
            0,
            0,
            0,
            0,
            0,
            0,
            0,
            0,
            0,
            0,
            0,
            0,
            0,
            0,
            0,
            1,
            1,
            1,
            1,
            1,
            0,
            0,
            0,
            0,
            0,
            1,
            1,
            1,
            1,
            1,
            1,
            1,
            1,
            1,
            1,
            1,
            1,
            1,
            1,
            1,
            1,
            1,
            1,
            1,
            1,
            1,
            1,
            1,
            1,
            1,
            1,
            1,
            1,
            1,
            1,
            1,
            1,
            1,
            1,
            1,
            0,
            0,
            2,
            0,
            0,
            1,
            1,
            1,
            1,
            1,
            1,
            1,
            1,
            1,
            1,
            1,
            1,
            0,
            0,
            0,
            0,
            0,
            0,
            0,
            0,
            0,
            1,
            1
        ],