{
    "mean": {
        "acc": 0.853035143769968,
        "alpha": 0.6984908937155571,
        "alpha_ordinal": 0.7035412608325177,
        "auc_roc": 0.8719745474331758,
        "cr": {
            "0": {
                "f1-score": 0.6984126984126985,
                "precision": 0.7857142857142857,
                "recall": 0.6285714285714286,
                "support": 70
            },
            "1": {
                "f1-score": 0.9037900874635569,
                "precision": 0.856353591160221,
                "recall": 0.9567901234567902,
                "support": 162
            },
            "2": {
                "f1-score": 0.8662420382165605,
                "precision": 0.8947368421052632,
                "recall": 0.8395061728395061,
                "support": 81
            },
            "accuracy": 0.853035143769968,
            "macro avg": {
                "f1-score": 0.822814941364272,
                "precision": 0.8456015729932567,
                "recall": 0.808289241622575,
                "support": 313
            },
            "weighted avg": {
                "f1-score": 0.8481421346758035,
                "precision": 0.8504887091964284,
                "recall": 0.853035143769968,
                "support": 313
            }
        },
        "f1": 0.8481421346758035,
        "kappa": 0.7541786891123593,
        "mae": 0.18849840255591055,
        "mcc": 0.7583839775676006,
        "mse": 0.2715654952076677,
        "p": 0.8504887091964284,
        "p_tau": 2.7119690118431246e-41,
        "r": 0.853035143769968,
        "r2": 0.3497653729592335,
        "spearman": 0.706436751801161,
        "tau": 0.6915813593004343,
        "y_predict": [
            1,
            1,
            1,
            1,
            1,
            1,
            1,
            1,
            1,
            1,
            1,
            1,
            1,
            1,
            1,
            1,
            1,
            1,
            1,
            1,
            1,
            1,
            1,
            1,
            1,
            1,
            1,
            1,
            1,
            2,
            1,
            2,
            1,
            2,
            1,
            2,
            1,
            2,
            1,
            2,
            1,
            2,
            1,
            2,
            1,
            2,
            1,
            2,
            1,
            2,
            1,
            2,
            1,
            2,
            1,
            2,
            1,
            2,
            1,
            2,
            2,
            1,
            1,
            2,
            1,
            2,
            1,
            2,
            1,
            2,
            1,
            2,
            1,
            2,
            1,
            2,
            2,
            1,
            1,
            2,
            0,
            0,
            1,
            2,
            1,
            2,
            1,
            2,
            1,
            2,
            1,
            2,
            2,
            1,
            1,
            2,
            1,
            2,
            1,
            2,
            1,
            2,
            1,
            2,
            1,
            2,
            1,
            2,
            2,
            1,
            1,
            2,
            1,
            2,
            1,
            2,
            1,
            1,
            1,
            2,
            1,
            2,
            1,
            2,
            2,
            1,
            2,
            1,
            1,
            1,
            1,
            2,
            1,
            2,
            0,
            0,
            1,
            2,
            0,
            0,
            1,
            2,
            1,
            2,
            1,
            2,
            1,
            2,
            1,
            2,
            1,
            2,
            0,
            0,
            0,
            0,
            2,
            0,
            2,
            0,
            0,
            2,
            0,
            0,
            1,
            1,
            1,
            1,
            1,
            1,
            0,
            2,
            1,
            1,
            1,
            1,
            0,
            1,
            1,
            1,
            1,
            2,
            1,
            2,
            1,
            2,
            1,
            2,
            1,
            2,
            1,
            2,
            1,
            2,
            1,
            2,
            1,
            2,
            1,
            2,
            1,
            1,
            1,
            2,
            1,
            2,
            1,
            2,
            1,
            1,
            1,
            2,
            1,
            1,
            1,
            2,
            1,
            1,
            1,
            1,
            0,
            0,
            0,
            0,
            0,
            0,
            0,
            0,
            0,
            0,
            0,
            0,
            0,
            0,
            0,
            0,
            0,
            0,
            0,
            0,
            1,
            1,
            1,
            1,
            1,
            0,
            0,
            0,
            0,
            0,
            1,
            1,
            1,
            1,
            1,
            1,
            1,
            1,
            1,
            1,
            1,
            1,
            1,
            1,
            1,
            1,
            1,
            1,
            1,
            1,
            1,
            1,
            1,
            1,
            1,
            1,
            1,
            1,
            1,
            1,
            1,
            1,
            1,
            1,
            1,
            0,
            0,
            0,
            0,
            0,
            1,
            1,
            1,
            1,
            1,
            1,
            1,
            1,
            1,
            1,
            1,
            1,
            0,
            0,
            0,
            0,
            0,
            0,
            0,
            0,
            0,
            1,
            1
        ],