{
    "mean": {
        "acc": 0.8466453674121406,
        "alpha": 0.6701135660652565,
        "alpha_ordinal": 0.6752889515872151,
        "auc_roc": 0.8677617618506582,
        "cr": {
            "0": {
                "f1-score": 0.6825396825396827,
                "precision": 0.7678571428571429,
                "recall": 0.6142857142857143,
                "support": 70
            },
            "1": {
                "f1-score": 0.9037900874635569,
                "precision": 0.856353591160221,
                "recall": 0.9567901234567902,
                "support": 162
            },
            "2": {
                "f1-score": 0.8535031847133758,
                "precision": 0.881578947368421,
                "recall": 0.8271604938271605,
                "support": 81
            },
            "accuracy": 0.8466453674121406,
            "macro avg": {
                "f1-score": 0.813277651572205,
                "precision": 0.835263227128595,
                "recall": 0.7994121105232216,
                "support": 313
            },
            "weighted avg": {
                "f1-score": 0.8412956227113656,
                "precision": 0.8430900207821018,
                "recall": 0.8466453674121406,
                "support": 313
            }
        },
        "f1": 0.8412956227113656,
        "kappa": 0.743490806030288,
        "mae": 0.2012779552715655,
        "mcc": 0.7476364990183212,
        "mse": 0.2971246006389776,
        "p": 0.8430900207821018,
        "p_tau": 3.58982003188724e-38,
        "r": 0.8466453674121406,
        "r2": 0.2885668198259851,
        "spearman": 0.6780734193529879,
        "tau": 0.6637340586503846,
        "y_predict": [
            1,
            1,
            1,
            1,
            1,
            1,
            1,
            1,
            1,
            1,
            1,
            1,
            1,
            1,
            1,
            1,
            1,
            1,
            1,
            1,
            1,
            1,
            1,
            1,
            1,
            1,
            1,
            1,
            1,
            2,
            1,
            2,
            1,
            2,
            1,
            2,
            1,
            2,
            1,
            2,
            1,
            2,
            1,
            2,
            1,
            2,
            1,
            2,
            1,
            2,
            1,
            2,
            1,
            2,
            1,
            2,
            1,
            2,
            1,
            2,
            2,
            1,
            1,
            2,
            1,
            2,
            1,
            2,
            1,
            2,
            1,
            2,
            1,
            2,
            1,
            2,
            2,
            1,
            1,
            2,
            0,
            0,
            1,
            2,
            1,
            2,
            1,
            2,
            1,
            2,
            1,
            2,
            2,
            1,
            1,
            2,
            1,
            2,
            1,
            2,
            1,
            2,
            1,
            2,
            1,
            2,
            1,
            2,
            2,
            1,
            1,
            2,
            1,
            2,
            1,
            2,
            1,
            1,
            1,
            2,
            1,
            2,
            1,
            2,
            2,
            1,
            2,
            1,
            1,
            1,
            1,
            2,
            1,
            2,
            0,
            0,
            1,
            2,
            0,
            0,
            1,
            2,
            1,
            2,
            1,
            2,
            1,
            2,
            1,
            2,
            1,
            2,
            2,
            0,
            0,
            0,
            2,
            0,
            2,
            0,
            0,
            0,
            0,
            0,
            1,
            1,
            1,
            1,
            1,
            1,
            0,
            2,
            1,
            1,
            1,
            1,
            0,
            1,
            1,
            1,
            1,
            2,
            1,
            2,
            1,
            2,
            1,
            2,
            1,
            2,
            1,
            2,
            1,
            2,
            1,
            2,
            1,
            1,
            1,
            2,
            1,
            2,
            1,
            2,
            1,
            2,
            1,
            2,
            1,
            1,
            1,
            2,
            1,
            1,
            1,
            2,
            1,
            1,
            1,
            1,
            0,
            0,
            0,
            0,
            0,
            0,
            0,
            0,
            0,
            0,
            0,
            0,
            0,
            0,
            0,
            0,
            0,
            0,
            0,
            0,
            1,
            1,
            1,
            1,
            1,
            0,
            0,
            0,
            0,
            0,
            1,
            1,
            1,
            1,
            1,
            1,
            1,
            1,
            1,
            1,
            1,
            1,
            1,
            1,
            1,
            1,
            1,
            1,
            1,
            1,
            1,
            1,
            1,
            1,
            1,
            1,
            1,
            1,
            1,
            1,
            1,
            1,
            1,
            1,
            1,
            0,
            0,
            0,
            0,
            0,
            1,
            1,
            1,
            1,
            1,
            1,
            1,
            1,
            1,
            1,
            1,
            1,
            0,
            0,
            0,
            0,
            0,
            0,
            0,
            0,
            0,
            1,
            1
        ],