{
    "mean": {
        "acc": 0.8562300319488818,
        "alpha": 0.6931173632079465,
        "alpha_ordinal": 0.699506771535567,
        "auc_roc": 0.8764418915756741,
        "cr": {
            "0": {
                "f1-score": 0.6880000000000002,
                "precision": 0.7818181818181819,
                "recall": 0.6142857142857143,
                "support": 70
            },
            "1": {
                "f1-score": 0.9090909090909092,
                "precision": 0.8659217877094972,
                "recall": 0.9567901234567902,
                "support": 162
            },
            "2": {
                "f1-score": 0.8749999999999999,
                "precision": 0.8860759493670886,
                "recall": 0.8641975308641975,
                "support": 81
            },
            "accuracy": 0.8562300319488818,
            "macro avg": {
                "f1-score": 0.8240303030303031,
                "precision": 0.8446053062982558,
                "recall": 0.8117577895355673,
                "support": 313
            },
            "weighted avg": {
                "f1-score": 0.8508234098170201,
                "precision": 0.8523282882905605,
                "recall": 0.8562300319488818,
                "support": 313
            }
        },
        "f1": 0.8508234098170201,
        "kappa": 0.7601410033718198,
        "mae": 0.18849840255591055,
        "mcc": 0.7638710859100498,
        "mse": 0.2779552715654952,
        "p": 0.8523282882905605,
        "p_tau": 5.897875681231275e-41,
        "r": 0.8562300319488818,
        "r2": 0.3417057486824929,
        "spearman": 0.7031630887132121,
        "tau": 0.6885227338419908,
        "y_predict": [
            1,
            1,
            1,
            1,
            1,
            1,
            1,
            1,
            1,
            1,
            1,
            1,
            1,
            1,
            1,
            1,
            1,
            1,
            1,
            1,
            1,
            1,
            1,
            1,
            1,
            1,
            1,
            1,
            1,
            2,
            1,
            2,
            1,
            2,
            1,
            2,
            1,
            2,
            1,
            2,
            1,
            2,
            1,
            2,
            1,
            2,
            1,
            2,
            1,
            2,
            1,
            2,
            1,
            2,
            1,
            2,
            1,
            2,
            1,
            2,
            2,
            1,
            1,
            2,
            1,
            2,
            1,
            2,
            1,
            2,
            1,
            2,
            1,
            2,
            1,
            2,
            2,
            1,
            1,
            2,
            0,
            0,
            1,
            2,
            1,
            2,
            1,
            2,
            1,
            2,
            1,
            2,
            2,
            1,
            1,
            2,
            1,
            2,
            1,
            2,
            1,
            2,
            1,
            2,
            1,
            2,
            1,
            2,
            2,
            1,
            1,
            2,
            1,
            2,
            1,
            2,
            1,
            2,
            1,
            2,
            1,
            2,
            1,
            2,
            2,
            1,
            2,
            1,
            1,
            1,
            1,
            2,
            1,
            2,
            0,
            0,
            1,
            2,
            0,
            0,
            1,
            2,
            1,
            2,
            1,
            2,
            1,
            2,
            1,
            2,
            1,
            2,
            0,
            0,
            0,
            0,
            2,
            0,
            2,
            0,
            2,
            2,
            0,
            0,
            1,
            1,
            1,
            1,
            1,
            1,
            0,
            2,
            1,
            1,
            1,
            1,
            0,
            1,
            1,
            1,
            1,
            2,
            1,
            2,
            1,
            2,
            1,
            2,
            1,
            2,
            1,
            2,
            1,
            2,
            1,
            2,
            1,
            2,
            1,
            2,
            1,
            2,
            1,
            2,
            1,
            2,
            1,
            2,
            1,
            1,
            1,
            2,
            1,
            1,
            1,
            2,
            1,
            1,
            1,
            1,
            0,
            0,
            0,
            0,
            0,
            0,
            0,
            0,
            0,
            0,
            0,
            0,
            0,
            0,
            0,
            0,
            0,
            0,
            0,
            0,
            1,
            1,
            1,
            1,
            1,
            0,
            0,
            0,
            0,
            0,
            1,
            1,
            1,
            1,
            1,
            1,
            1,
            1,
            1,
            1,
            1,
            1,
            1,
            1,
            1,
            1,
            1,
            1,
            1,
            1,
            1,
            1,
            1,
            1,
            1,
            1,
            1,
            1,
            1,
            1,
            1,
            1,
            1,
            1,
            1,
            0,
            0,
            0,
            0,
            0,
            1,
            1,
            1,
            1,
            1,
            1,
            1,
            1,
            1,
            1,
            1,
            1,
            0,
            0,
            0,
            0,
            0,
            0,
            0,
            0,
            0,
            1,
            1
        ],