{
    "mean": {
        "acc": 0.8626198083067093,
        "alpha": 0.7102620926709029,
        "alpha_ordinal": 0.7152763222696814,
        "auc_roc": 0.8807522364032603,
        "cr": {
            "0": {
                "f1-score": 0.7086614173228346,
                "precision": 0.7894736842105263,
                "recall": 0.6428571428571429,
                "support": 70
            },
            "1": {
                "f1-score": 0.912280701754386,
                "precision": 0.8666666666666667,
                "recall": 0.9629629629629629,
                "support": 162
            },
            "2": {
                "f1-score": 0.8789808917197451,
                "precision": 0.9078947368421053,
                "recall": 0.8518518518518519,
                "support": 81
            },
            "accuracy": 0.8626198083067093,
            "macro avg": {
                "f1-score": 0.8333076702656553,
                "precision": 0.8546783625730994,
                "recall": 0.8192239858906526,
                "support": 313
            },
            "weighted avg": {
                "f1-score": 0.8581253198917199,
                "precision": 0.8600723053640491,
                "recall": 0.8626198083067093,
                "support": 313
            }
        },
        "f1": 0.8581253198917199,
        "kappa": 0.7705708879532243,
        "mae": 0.17891373801916932,
        "mcc": 0.7743808866401489,
        "mse": 0.26198083067092653,
        "p": 0.8600723053640491,
        "p_tau": 8.410207086735966e-43,
        "r": 0.8626198083067093,
        "r2": 0.37806532906852774,
        "spearman": 0.7179839559114788,
        "tau": 0.7043844194511469,
        "y_predict": [
            1,
            1,
            1,
            1,
            1,
            1,
            1,
            1,
            1,
            1,
            1,
            1,
            1,
            1,
            1,
            1,
            1,
            1,
            1,
            1,
            1,
            1,
            1,
            1,
            1,
            1,
            1,
            1,
            1,
            2,
            1,
            2,
            1,
            2,
            1,
            2,
            1,
            2,
            1,
            2,
            1,
            2,
            1,
            2,
            1,
            2,
            1,
            2,
            1,
            2,
            1,
            2,
            1,
            2,
            1,
            2,
            1,
            2,
            1,
            2,
            2,
            1,
            1,
            2,
            1,
            2,
            1,
            2,
            1,
            2,
            1,
            2,
            1,
            2,
            1,
            2,
            2,
            1,
            1,
            2,
            0,
            0,
            1,
            2,
            1,
            2,
            1,
            2,
            1,
            2,
            1,
            2,
            2,
            1,
            1,
            2,
            1,
            2,
            1,
            2,
            1,
            2,
            1,
            2,
            1,
            2,
            1,
            2,
            2,
            1,
            1,
            2,
            1,
            2,
            1,
            2,
            1,
            2,
            1,
            2,
            1,
            2,
            1,
            2,
            2,
            1,
            2,
            1,
            1,
            1,
            1,
            2,
            1,
            2,
            0,
            0,
            1,
            2,
            0,
            0,
            1,
            2,
            1,
            2,
            1,
            2,
            1,
            2,
            1,
            2,
            1,
            2,
            0,
            0,
            0,
            0,
            2,
            0,
            0,
            0,
            0,
            2,
            0,
            0,
            1,
            1,
            1,
            1,
            1,
            1,
            0,
            0,
            1,
            1,
            1,
            1,
            1,
            1,
            1,
            1,
            1,
            2,
            1,
            2,
            1,
            2,
            1,
            2,
            1,
            2,
            1,
            2,
            1,
            2,
            1,
            2,
            1,
            2,
            1,
            2,
            1,
            2,
            1,
            2,
            1,
            2,
            1,
            2,
            1,
            1,
            1,
            2,
            1,
            1,
            1,
            2,
            1,
            1,
            1,
            1,
            0,
            0,
            0,
            0,
            0,
            0,
            0,
            0,
            0,
            0,
            0,
            0,
            0,
            0,
            0,
            0,
            0,
            0,
            0,
            0,
            1,
            1,
            1,
            1,
            1,
            0,
            0,
            0,
            0,
            0,
            1,
            1,
            1,
            1,
            1,
            1,
            1,
            1,
            1,
            1,
            1,
            1,
            1,
            1,
            1,
            1,
            1,
            1,
            1,
            1,
            1,
            1,
            1,
            1,
            1,
            1,
            1,
            1,
            1,
            1,
            1,
            1,
            1,
            1,
            1,
            0,
            0,
            0,
            0,
            0,
            1,
            1,
            1,
            1,
            1,
            1,
            1,
            1,
            1,
            1,
            1,
            1,
            0,
            0,
            0,
            0,
            0,
            0,
            0,
            0,
            0,
            1,
            1
        ],