{
    "mean": {
        "acc": 0.8338658146964856,
        "alpha": 0.6591752912238362,
        "alpha_ordinal": 0.6618401846683879,
        "auc_roc": 0.8523021162544391,
        "cr": {
            "0": {
                "f1-score": 0.6875,
                "precision": 0.7586206896551724,
                "recall": 0.6285714285714286,
                "support": 70
            },
            "1": {
                "f1-score": 0.8914285714285713,
                "precision": 0.8297872340425532,
                "recall": 0.9629629629629629,
                "support": 162
            },
            "2": {
                "f1-score": 0.8243243243243243,
                "precision": 0.9104477611940298,
                "recall": 0.7530864197530864,
                "support": 81
            },
            "accuracy": 0.8338658146964856,
            "macro avg": {
                "f1-score": 0.8010842985842986,
                "precision": 0.8329518949639185,
                "recall": 0.7815402704291593,
                "support": 313
            },
            "weighted avg": {
                "f1-score": 0.8284559068424884,
                "precision": 0.8347452039855339,
                "recall": 0.8338658146964856,
                "support": 313
            }
        },
        "f1": 0.8284559068424884,
        "kappa": 0.7195050494605866,
        "mae": 0.2108626198083067,
        "mcc": 0.7266883584753171,
        "mse": 0.3003194888178914,
        "p": 0.8347452039855339,
        "p_tau": 1.6962269063699162e-36,
        "r": 0.8338658146964856,
        "r2": 0.2464399139432435,
        "spearman": 0.6639305512710238,
        "tau": 0.6490937069284198,
        "y_predict": [
            1,
            1,
            1,
            1,
            1,
            1,
            1,
            1,
            1,
            1,
            1,
            1,
            1,
            1,
            1,
            1,
            1,
            1,
            1,
            1,
            1,
            1,
            1,
            1,
            1,
            1,
            1,
            1,
            1,
            2,
            1,
            2,
            1,
            2,
            1,
            2,
            1,
            2,
            1,
            2,
            1,
            2,
            1,
            1,
            1,
            2,
            1,
            2,
            1,
            2,
            1,
            2,
            1,
            1,
            1,
            2,
            1,
            2,
            1,
            2,
            2,
            1,
            1,
            2,
            1,
            2,
            1,
            2,
            1,
            2,
            1,
            2,
            1,
            2,
            1,
            2,
            2,
            1,
            1,
            2,
            0,
            0,
            1,
            2,
            1,
            2,
            1,
            2,
            1,
            2,
            1,
            2,
            2,
            1,
            1,
            2,
            1,
            1,
            1,
            2,
            1,
            1,
            1,
            2,
            0,
            2,
            1,
            2,
            1,
            1,
            1,
            2,
            1,
            2,
            1,
            2,
            1,
            1,
            1,
            2,
            1,
            2,
            1,
            2,
            1,
            1,
            2,
            1,
            1,
            1,
            1,
            2,
            1,
            2,
            0,
            0,
            1,
            2,
            0,
            0,
            1,
            2,
            1,
            2,
            1,
            2,
            1,
            2,
            1,
            2,
            1,
            2,
            0,
            0,
            0,
            0,
            2,
            2,
            0,
            0,
            0,
            2,
            0,
            0,
            1,
            1,
            1,
            1,
            1,
            1,
            0,
            0,
            1,
            1,
            1,
            1,
            0,
            1,
            1,
            1,
            1,
            1,
            1,
            2,
            1,
            2,
            1,
            2,
            1,
            2,
            1,
            2,
            1,
            1,
            1,
            2,
            1,
            2,
            1,
            2,
            1,
            2,
            1,
            1,
            1,
            2,
            1,
            2,
            1,
            1,
            1,
            2,
            1,
            1,
            1,
            2,
            1,
            1,
            1,
            1,
            0,
            0,
            0,
            0,
            0,
            0,
            0,
            0,
            0,
            0,
            0,
            0,
            0,
            0,
            0,
            0,
            0,
            0,
            0,
            0,
            1,
            1,
            1,
            1,
            1,
            0,
            0,
            0,
            0,
            0,
            1,
            1,
            1,
            1,
            1,
            1,
            1,
            1,
            1,
            1,
            1,
            1,
            1,
            1,
            1,
            1,
            1,
            1,
            1,
            1,
            1,
            1,
            1,
            1,
            1,
            1,
            1,
            1,
            1,
            1,
            1,
            1,
            1,
            1,
            1,
            0,
            0,
            0,
            0,
            0,
            1,
            1,
            1,
            1,
            1,
            1,
            1,
            1,
            1,
            1,
            1,
            1,
            0,
            0,
            0,
            0,
            0,
            0,
            0,
            0,
            0,
            1,
            1
        ],