{
    "mean": {
        "acc": 0.8498402555910544,
        "alpha": 0.6845170913751936,
        "alpha_ordinal": 0.6892219313325592,
        "auc_roc": 0.8699169342644514,
        "cr": {
            "0": {
                "f1-score": 0.6929133858267716,
                "precision": 0.7719298245614035,
                "recall": 0.6285714285714286,
                "support": 70
            },
            "1": {
                "f1-score": 0.9037900874635569,
                "precision": 0.856353591160221,
                "recall": 0.9567901234567902,
                "support": 162
            },
            "2": {
                "f1-score": 0.858974358974359,
                "precision": 0.8933333333333333,
                "recall": 0.8271604938271605,
                "support": 81
            },
            "accuracy": 0.8498402555910544,
            "macro avg": {
                "f1-score": 0.8185592774215625,
                "precision": 0.8405389163516525,
                "recall": 0.8041740152851263,
                "support": 313
            },
            "weighted avg": {
                "f1-score": 0.8450314832392758,
                "precision": 0.8470427140167861,
                "recall": 0.8498402555910544,
                "support": 313
            }
        },
        "f1": 0.8450314832392758,
        "kappa": 0.7488819091188419,
        "mae": 0.19488817891373802,
        "mcc": 0.7529450143386386,
        "mse": 0.28434504792332266,
        "p": 0.8470427140167861,
        "p_tau": 1.1042114126932e-39,
        "r": 0.8498402555910544,
        "r2": 0.32042837626854004,
        "spearman": 0.6916206898906847,
        "tau": 0.6772403242643815,
        "y_predict": [
            1,
            1,
            1,
            1,
            1,
            1,
            1,
            1,
            1,
            1,
            1,
            1,
            1,
            1,
            1,
            1,
            1,
            1,
            1,
            1,
            1,
            1,
            1,
            1,
            1,
            1,
            1,
            1,
            1,
            2,
            1,
            2,
            1,
            2,
            1,
            2,
            1,
            2,
            1,
            2,
            1,
            2,
            1,
            2,
            1,
            2,
            1,
            2,
            1,
            2,
            1,
            2,
            1,
            2,
            1,
            2,
            1,
            2,
            1,
            2,
            2,
            1,
            1,
            2,
            1,
            2,
            1,
            2,
            1,
            2,
            1,
            2,
            1,
            2,
            1,
            2,
            2,
            1,
            1,
            2,
            0,
            0,
            1,
            2,
            1,
            2,
            1,
            2,
            1,
            2,
            1,
            2,
            2,
            1,
            1,
            2,
            1,
            2,
            1,
            2,
            1,
            2,
            1,
            2,
            1,
            2,
            1,
            2,
            2,
            1,
            1,
            2,
            1,
            2,
            1,
            2,
            1,
            2,
            1,
            2,
            1,
            2,
            1,
            2,
            2,
            1,
            2,
            1,
            1,
            1,
            1,
            2,
            1,
            2,
            0,
            0,
            1,
            2,
            0,
            0,
            1,
            2,
            1,
            2,
            1,
            2,
            1,
            2,
            1,
            2,
            1,
            2,
            0,
            0,
            0,
            0,
            2,
            0,
            2,
            0,
            0,
            2,
            0,
            0,
            1,
            1,
            1,
            1,
            1,
            1,
            0,
            0,
            1,
            1,
            1,
            1,
            0,
            1,
            1,
            1,
            1,
            2,
            1,
            2,
            1,
            2,
            1,
            2,
            1,
            2,
            1,
            2,
            1,
            1,
            1,
            2,
            1,
            2,
            1,
            2,
            1,
            1,
            1,
            2,
            1,
            2,
            1,
            2,
            1,
            1,
            1,
            2,
            1,
            1,
            1,
            2,
            1,
            1,
            1,
            1,
            0,
            0,
            0,
            0,
            0,
            0,
            0,
            0,
            0,
            0,
            0,
            0,
            0,
            0,
            0,
            0,
            0,
            0,
            0,
            0,
            1,
            1,
            1,
            1,
            1,
            0,
            0,
            0,
            0,
            0,
            1,
            1,
            1,
            1,
            1,
            1,
            1,
            1,
            1,
            1,
            1,
            1,
            1,
            1,
            1,
            1,
            1,
            1,
            1,
            1,
            1,
            1,
            1,
            1,
            1,
            1,
            1,
            1,
            1,
            1,
            1,
            1,
            1,
            1,
            1,
            0,
            0,
            0,
            0,
            0,
            1,
            1,
            1,
            1,
            1,
            1,
            1,
            1,
            1,
            1,
            1,
            1,
            0,
            0,
            0,
            0,
            0,
            0,
            0,
            0,
            0,
            1,
            1
        ],