{
    "mean": {
        "acc": 0.8594249201277955,
        "alpha": 0.6959153654673003,
        "alpha_ordinal": 0.7014090083770145,
        "auc_roc": 0.8785970639894672,
        "cr": {
            "0": {
                "f1-score": 0.6984126984126985,
                "precision": 0.7857142857142857,
                "recall": 0.6285714285714286,
                "support": 70
            },
            "1": {
                "f1-score": 0.912280701754386,
                "precision": 0.8666666666666667,
                "recall": 0.9629629629629629,
                "support": 162
            },
            "2": {
                "f1-score": 0.8734177215189873,
                "precision": 0.8961038961038961,
                "recall": 0.8518518518518519,
                "support": 81
            },
            "accuracy": 0.8594249201277955,
            "macro avg": {
                "f1-score": 0.828037040562024,
                "precision": 0.8494949494949494,
                "recall": 0.8144620811287476,
                "support": 313
            },
            "weighted avg": {
                "f1-score": 0.8543936038854231,
                "precision": 0.8561802414837559,
                "recall": 0.8594249201277955,
                "support": 313
            }
        },
        "f1": 0.8543936038854231,
        "kappa": 0.7651912978244562,
        "mae": 0.1853035143769968,
        "mcc": 0.7691025909627206,
        "mse": 0.2747603833865815,
        "p": 0.8561802414837559,
        "p_tau": 3.089839625103658e-41,
        "r": 0.8594249201277955,
        "r2": 0.3464601340196174,
        "spearman": 0.7045564747128509,
        "tau": 0.6909584774424441,
        "y_predict": [
            1,
            1,
            1,
            1,
            1,
            1,
            1,
            1,
            1,
            1,
            1,
            1,
            1,
            1,
            1,
            1,
            1,
            1,
            1,
            1,
            1,
            1,
            1,
            1,
            1,
            1,
            1,
            1,
            1,
            2,
            1,
            2,
            1,
            2,
            1,
            2,
            1,
            2,
            1,
            2,
            1,
            2,
            1,
            2,
            1,
            2,
            1,
            2,
            1,
            2,
            1,
            2,
            1,
            2,
            1,
            2,
            1,
            2,
            1,
            2,
            2,
            1,
            1,
            2,
            1,
            2,
            1,
            2,
            1,
            2,
            1,
            2,
            1,
            2,
            1,
            2,
            2,
            1,
            1,
            2,
            0,
            0,
            1,
            2,
            1,
            2,
            1,
            2,
            1,
            2,
            1,
            2,
            2,
            1,
            1,
            2,
            1,
            2,
            1,
            2,
            1,
            2,
            1,
            2,
            1,
            2,
            1,
            2,
            2,
            1,
            1,
            2,
            1,
            2,
            1,
            2,
            1,
            2,
            1,
            2,
            1,
            2,
            1,
            2,
            2,
            1,
            2,
            1,
            1,
            1,
            1,
            2,
            1,
            2,
            0,
            0,
            1,
            2,
            0,
            0,
            1,
            2,
            1,
            2,
            1,
            2,
            1,
            2,
            1,
            2,
            1,
            2,
            0,
            0,
            0,
            0,
            2,
            2,
            0,
            0,
            0,
            2,
            0,
            0,
            1,
            1,
            1,
            1,
            1,
            1,
            0,
            0,
            1,
            1,
            1,
            1,
            1,
            1,
            1,
            1,
            1,
            2,
            1,
            2,
            1,
            2,
            1,
            2,
            1,
            2,
            1,
            2,
            1,
            2,
            1,
            2,
            1,
            2,
            1,
            2,
            1,
            2,
            1,
            2,
            1,
            2,
            1,
            2,
            1,
            1,
            1,
            2,
            1,
            1,
            1,
            2,
            1,
            1,
            1,
            1,
            0,
            0,
            0,
            0,
            0,
            0,
            0,
            0,
            0,
            0,
            0,
            0,
            0,
            0,
            0,
            0,
            0,
            0,
            0,
            0,
            1,
            1,
            1,
            1,
            1,
            0,
            0,
            0,
            0,
            0,
            1,
            1,
            1,
            1,
            1,
            1,
            1,
            1,
            1,
            1,
            1,
            1,
            1,
            1,
            1,
            1,
            1,
            1,
            1,
            1,
            1,
            1,
            1,
            1,
            1,
            1,
            1,
            1,
            1,
            1,
            1,
            1,
            1,
            1,
            1,
            0,
            0,
            0,
            0,
            0,
            1,
            1,
            1,
            1,
            1,
            1,
            1,
            1,
            1,
            1,
            1,
            1,
            0,
            0,
            0,
            0,
            0,
            0,
            0,
            0,
            0,
            1,
            1
        ],