{
    "mean": {
        "acc": 0.7220447284345048,
        "alpha": 0.4795168682799845,
        "alpha_ordinal": 0.4812462962779065,
        "auc_roc": 0.7476762574276594,
        "cr": {
            "0": {
                "f1-score": 0.7727272727272727,
                "precision": 0.8225806451612904,
                "recall": 0.7285714285714285,
                "support": 70
            },
            "1": {
                "f1-score": 0.8065395095367848,
                "precision": 0.7219512195121951,
                "recall": 0.9135802469135802,
                "support": 162
            },
            "2": {
                "f1-score": 0.42519685039370075,
                "precision": 0.5869565217391305,
                "recall": 0.3333333333333333,
                "support": 81
            },
            "accuracy": 0.7220447284345048,
            "macro avg": {
                "f1-score": 0.6681545442192528,
                "precision": 0.7104961288042052,
                "recall": 0.6584950029394473,
                "support": 313
            },
            "weighted avg": {
                "f1-score": 0.7002915479800575,
                "precision": 0.7095214727895702,
                "recall": 0.7220447284345048,
                "support": 313
            }
        },
        "f1": 0.7002915479800575,
        "kappa": 0.5196761504947701,
        "mae": 0.329073482428115,
        "mcc": 0.5368064729597521,
        "mse": 0.43130990415335463,
        "p": 0.7095214727895702,
        "p_tau": 1.3868837143001014e-19,
        "r": 0.7220447284345048,
        "r2": -0.2595385715989029,
        "spearman": 0.49126822746383453,
        "tau": 0.4684074674784233,
        "y_predict": [
            1,
            1,
            1,
            1,
            1,
            1,
            2,
            1,
            1,
            1,
            1,
            1,
            1,
            1,
            1,
            1,
            1,
            1,
            1,
            1,
            1,
            1,
            1,
            1,
            1,
            1,
            1,
            1,
            1,
            1,
            2,
            1,
            1,
            1,
            1,
            1,
            1,
            1,
            1,
            2,
            2,
            1,
            1,
            1,
            2,
            1,
            1,
            1,
            2,
            1,
            1,
            2,
            1,
            1,
            1,
            2,
            1,
            1,
            1,
            2,
            1,
            1,
            1,
            1,
            1,
            1,
            2,
            0,
            1,
            2,
            1,
            2,
            2,
            2,
            0,
            1,
            1,
            1,
            1,
            2,
            0,
            0,
            1,
            2,
            2,
            1,
            1,
            1,
            1,
            2,
            1,
            2,
            2,
            1,
            2,
            1,
            1,
            2,
            1,
            2,
            2,
            1,
            1,
            2,
            2,
            1,
            1,
            2,
            2,
            1,
            1,
            1,
            1,
            1,
            1,
            2,
            1,
            1,
            1,
            1,
            1,
            2,
            1,
            1,
            1,
            1,
            1,
            1,
            1,
            0,
            1,
            2,
            1,
            2,
            0,
            0,
            1,
            1,
            2,
            0,
            1,
            2,
            2,
            1,
            1,
            2,
            1,
            1,
            1,
            1,
            1,
            1,
            2,
            0,
            0,
            2,
            0,
            0,
            0,
            0,
            2,
            0,
            0,
            0,
            1,
            1,
            1,
            0,
            1,
            1,
            0,
            0,
            1,
            1,
            1,
            0,
            1,
            1,
            1,
            0,
            1,
            2,
            1,
            1,
            1,
            1,
            2,
            1,
            1,
            1,
            1,
            2,
            1,
            1,
            1,
            1,
            1,
            1,
            1,
            1,
            1,
            1,
            1,
            1,
            1,
            1,
            1,
            1,
            1,
            0,
            1,
            1,
            1,
            0,
            2,
            2,
            1,
            1,
            1,
            0,
            0,
            0,
            0,
            0,
            0,
            0,
            0,
            0,
            0,
            0,
            0,
            0,
            0,
            0,
            0,
            0,
            0,
            0,
            0,
            0,
            1,
            1,
            1,
            1,
            1,
            0,
            0,
            0,
            0,
            0,
            1,
            1,
            1,
            1,
            1,
            1,
            1,
            1,
            1,
            1,
            1,
            1,
            1,
            1,
            1,
            1,
            1,
            1,
            1,
            1,
            1,
            1,
            1,
            1,
            1,
            1,
            1,
            1,
            1,
            1,
            1,
            1,
            1,
            1,
            1,
            0,
            0,
            2,
            0,
            2,
            1,
            1,
            1,
            1,
            1,
            1,
            1,
            1,
            1,
            1,
            1,
            1,
            0,
            0,
            0,
            0,
            0,
            0,
            0,
            0,
            0,
            1,
            1
        ],