{
    "mean": {
        "acc": 0.853035143769968,
        "alpha": 0.6890617579882861,
        "alpha_ordinal": 0.6941562717843983,
        "auc_roc": 0.8732281925425972,
        "cr": {
            "0": {
                "f1-score": 0.6929133858267716,
                "precision": 0.7719298245614035,
                "recall": 0.6285714285714286,
                "support": 70
            },
            "1": {
                "f1-score": 0.9064327485380117,
                "precision": 0.8611111111111112,
                "recall": 0.9567901234567902,
                "support": 162
            },
            "2": {
                "f1-score": 0.8662420382165605,
                "precision": 0.8947368421052632,
                "recall": 0.8395061728395061,
                "support": 81
            },
            "accuracy": 0.853035143769968,
            "macro avg": {
                "f1-score": 0.8218627241937814,
                "precision": 0.8425925925925926,
                "recall": 0.808289241622575,
                "support": 313
            },
            "weighted avg": {
                "f1-score": 0.8482800235353779,
                "precision": 0.849868280925957,
                "recall": 0.853035143769968,
                "support": 313
            }
        },
        "f1": 0.8482800235353779,
        "kappa": 0.7545642057174028,
        "mae": 0.19169329073482427,
        "mcc": 0.7582950612141888,
        "mse": 0.28115015974440893,
        "p": 0.849868280925957,
        "p_tau": 2.812607584745694e-40,
        "r": 0.853035143769968,
        "r2": 0.3325579141223224,
        "spearman": 0.696678257692105,
        "tau": 0.6823884664725177,
        "y_predict": [
            1,
            1,
            1,
            1,
            1,
            1,
            1,
            1,
            1,
            1,
            1,
            1,
            1,
            1,
            1,
            1,
            1,
            1,
            1,
            1,
            1,
            1,
            1,
            1,
            1,
            1,
            1,
            1,
            1,
            2,
            1,
            2,
            1,
            2,
            1,
            2,
            1,
            2,
            1,
            2,
            1,
            2,
            1,
            2,
            1,
            2,
            1,
            2,
            1,
            2,
            1,
            2,
            1,
            2,
            1,
            2,
            1,
            2,
            1,
            2,
            2,
            1,
            1,
            2,
            1,
            2,
            1,
            2,
            1,
            2,
            1,
            2,
            1,
            2,
            1,
            2,
            2,
            1,
            1,
            2,
            0,
            0,
            1,
            2,
            1,
            2,
            1,
            2,
            1,
            2,
            1,
            2,
            2,
            1,
            1,
            2,
            1,
            2,
            1,
            2,
            1,
            2,
            1,
            2,
            1,
            2,
            1,
            2,
            2,
            1,
            1,
            2,
            1,
            2,
            1,
            2,
            1,
            2,
            1,
            2,
            1,
            2,
            1,
            2,
            2,
            1,
            2,
            1,
            1,
            1,
            1,
            2,
            1,
            2,
            0,
            0,
            1,
            2,
            0,
            0,
            1,
            2,
            1,
            2,
            1,
            2,
            1,
            2,
            1,
            2,
            1,
            2,
            0,
            0,
            0,
            0,
            2,
            2,
            0,
            0,
            0,
            2,
            0,
            0,
            1,
            1,
            1,
            1,
            1,
            1,
            0,
            0,
            1,
            1,
            1,
            1,
            0,
            1,
            1,
            1,
            1,
            2,
            1,
            2,
            1,
            2,
            1,
            2,
            1,
            2,
            1,
            2,
            1,
            1,
            1,
            2,
            1,
            2,
            1,
            2,
            1,
            2,
            1,
            2,
            1,
            2,
            1,
            2,
            1,
            1,
            1,
            2,
            1,
            1,
            1,
            2,
            1,
            1,
            1,
            1,
            0,
            0,
            0,
            0,
            0,
            0,
            0,
            0,
            0,
            0,
            0,
            0,
            0,
            0,
            0,
            0,
            0,
            0,
            0,
            0,
            1,
            1,
            1,
            1,
            1,
            0,
            0,
            0,
            0,
            0,
            1,
            1,
            1,
            1,
            1,
            1,
            1,
            1,
            1,
            1,
            1,
            1,
            1,
            1,
            1,
            1,
            1,
            1,
            1,
            1,
            1,
            1,
            1,
            1,
            1,
            1,
            1,
            1,
            1,
            1,
            1,
            1,
            1,
            1,
            1,
            0,
            0,
            0,
            0,
            0,
            1,
            1,
            1,
            1,
            1,
            1,
            1,
            1,
            1,
            1,
            1,
            1,
            0,
            0,
            0,
            0,
            0,
            0,
            0,
            0,
            0,
            1,
            1
        ],