{
    "mean": {
        "acc": 0.8434504792332268,
        "alpha": 0.6678614233056692,
        "alpha_ordinal": 0.6730362212991153,
        "auc_roc": 0.8657041486819341,
        "cr": {
            "0": {
                "f1-score": 0.6771653543307086,
                "precision": 0.7543859649122807,
                "recall": 0.6142857142857143,
                "support": 70
            },
            "1": {
                "f1-score": 0.9005847953216374,
                "precision": 0.8555555555555555,
                "recall": 0.9506172839506173,
                "support": 162
            },
            "2": {
                "f1-score": 0.8535031847133758,
                "precision": 0.881578947368421,
                "recall": 0.8271604938271605,
                "support": 81
            },
            "accuracy": 0.8434504792332268,
            "macro avg": {
                "f1-score": 0.8104177781219072,
                "precision": 0.8305068226120857,
                "recall": 0.7973544973544974,
                "support": 313
            },
            "weighted avg": {
                "f1-score": 0.8384347271790361,
                "precision": 0.8396642564878649,
                "recall": 0.8434504792332268,
                "support": 313
            }
        },
        "f1": 0.8384347271790361,
        "kappa": 0.7385575234815812,
        "mae": 0.20447284345047922,
        "mcc": 0.7422092357882287,
        "mse": 0.3003194888178914,
        "p": 0.8396642564878649,
        "p_tau": 7.70387896947965e-38,
        "r": 0.8434504792332268,
        "r2": 0.28705049917611714,
        "spearman": 0.6753725594727311,
        "tau": 0.6604610367118906,
        "y_predict": [
            1,
            1,
            1,
            1,
            1,
            1,
            1,
            1,
            1,
            1,
            1,
            1,
            1,
            1,
            1,
            1,
            1,
            1,
            1,
            1,
            1,
            1,
            1,
            1,
            1,
            1,
            1,
            1,
            1,
            2,
            1,
            2,
            1,
            2,
            1,
            2,
            1,
            2,
            1,
            2,
            1,
            2,
            1,
            2,
            1,
            2,
            1,
            2,
            1,
            2,
            1,
            2,
            1,
            2,
            1,
            2,
            1,
            2,
            1,
            2,
            2,
            1,
            1,
            2,
            1,
            2,
            1,
            2,
            1,
            2,
            1,
            2,
            1,
            2,
            1,
            2,
            2,
            1,
            1,
            2,
            0,
            0,
            1,
            2,
            1,
            2,
            1,
            2,
            1,
            2,
            1,
            2,
            2,
            1,
            1,
            2,
            1,
            2,
            1,
            2,
            1,
            2,
            1,
            2,
            1,
            2,
            1,
            2,
            2,
            1,
            1,
            2,
            1,
            2,
            1,
            2,
            1,
            2,
            1,
            2,
            1,
            2,
            1,
            2,
            2,
            1,
            2,
            1,
            1,
            1,
            1,
            2,
            1,
            2,
            0,
            0,
            1,
            2,
            0,
            0,
            1,
            2,
            1,
            2,
            1,
            2,
            1,
            2,
            1,
            2,
            1,
            2,
            0,
            0,
            0,
            0,
            2,
            0,
            2,
            0,
            2,
            2,
            0,
            0,
            1,
            1,
            1,
            1,
            1,
            1,
            0,
            0,
            1,
            1,
            0,
            1,
            0,
            1,
            1,
            1,
            1,
            2,
            1,
            2,
            1,
            2,
            1,
            2,
            1,
            2,
            1,
            2,
            1,
            1,
            1,
            2,
            1,
            2,
            1,
            2,
            1,
            1,
            1,
            2,
            1,
            2,
            1,
            2,
            1,
            1,
            1,
            2,
            1,
            1,
            1,
            2,
            1,
            1,
            1,
            1,
            0,
            0,
            0,
            0,
            0,
            0,
            0,
            0,
            0,
            0,
            0,
            0,
            0,
            0,
            0,
            0,
            0,
            0,
            0,
            0,
            1,
            1,
            1,
            1,
            1,
            0,
            0,
            0,
            0,
            0,
            1,
            1,
            1,
            1,
            1,
            1,
            1,
            1,
            1,
            1,
            1,
            1,
            1,
            1,
            1,
            1,
            1,
            1,
            1,
            1,
            1,
            1,
            1,
            1,
            1,
            1,
            1,
            1,
            1,
            1,
            1,
            1,
            1,
            1,
            1,
            0,
            0,
            0,
            0,
            0,
            1,
            1,
            1,
            1,
            1,
            1,
            1,
            1,
            1,
            1,
            1,
            1,
            0,
            0,
            0,
            0,
            0,
            0,
            0,
            0,
            0,
            1,
            1
        ],