{
    "mean": {
        "acc": 0.8306709265175719,
        "alpha": 0.6394196441321796,
        "alpha_ordinal": 0.6438921200024246,
        "auc_roc": 0.8536152014337038,
        "cr": {
            "0": {
                "f1-score": 0.6666666666666665,
                "precision": 0.75,
                "recall": 0.6,
                "support": 70
            },
            "1": {
                "f1-score": 0.8927536231884058,
                "precision": 0.8415300546448088,
                "recall": 0.9506172839506173,
                "support": 162
            },
            "2": {
                "f1-score": 0.8258064516129032,
                "precision": 0.8648648648648649,
                "recall": 0.7901234567901234,
                "support": 81
            },
            "accuracy": 0.8306709265175719,
            "macro avg": {
                "f1-score": 0.7950755804893251,
                "precision": 0.8187983065032246,
                "recall": 0.7802469135802469,
                "support": 313
            },
            "weighted avg": {
                "f1-score": 0.8248660581592125,
                "precision": 0.8270987952284763,
                "recall": 0.8306709265175719,
                "support": 313
            }
        },
        "f1": 0.8248660581592125,
        "kappa": 0.7159855501720624,
        "mae": 0.22044728434504793,
        "mcc": 0.7207314758679814,
        "mse": 0.3226837060702875,
        "p": 0.8270987952284763,
        "p_tau": 1.152153269176524e-34,
        "r": 0.8306709265175719,
        "r2": 0.21684090571272863,
        "spearman": 0.6462711017304237,
        "tau": 0.6312518531346826,
        "y_predict": [
            1,
            1,
            1,
            1,
            1,
            1,
            1,
            1,
            1,
            1,
            1,
            1,
            1,
            1,
            1,
            1,
            1,
            1,
            1,
            1,
            1,
            1,
            1,
            1,
            1,
            1,
            1,
            1,
            1,
            2,
            1,
            2,
            1,
            2,
            1,
            2,
            1,
            2,
            1,
            2,
            1,
            2,
            1,
            2,
            1,
            2,
            1,
            2,
            1,
            2,
            1,
            2,
            1,
            2,
            1,
            2,
            1,
            2,
            1,
            2,
            2,
            1,
            1,
            2,
            1,
            2,
            1,
            2,
            1,
            2,
            1,
            2,
            1,
            2,
            1,
            2,
            2,
            1,
            1,
            2,
            0,
            0,
            1,
            2,
            1,
            2,
            1,
            2,
            1,
            2,
            1,
            2,
            2,
            1,
            1,
            2,
            1,
            2,
            1,
            2,
            1,
            2,
            1,
            2,
            1,
            2,
            1,
            2,
            2,
            1,
            1,
            2,
            1,
            2,
            1,
            2,
            1,
            1,
            1,
            2,
            1,
            2,
            1,
            2,
            2,
            1,
            2,
            1,
            1,
            1,
            1,
            2,
            1,
            2,
            2,
            0,
            1,
            2,
            0,
            0,
            1,
            2,
            1,
            2,
            1,
            2,
            1,
            2,
            1,
            2,
            1,
            2,
            2,
            0,
            0,
            0,
            2,
            0,
            2,
            0,
            0,
            0,
            0,
            0,
            1,
            1,
            1,
            1,
            1,
            1,
            0,
            2,
            0,
            1,
            1,
            1,
            0,
            1,
            1,
            1,
            1,
            2,
            1,
            2,
            1,
            2,
            1,
            1,
            1,
            2,
            1,
            1,
            1,
            2,
            1,
            2,
            1,
            1,
            1,
            1,
            1,
            2,
            1,
            2,
            1,
            2,
            1,
            2,
            1,
            1,
            1,
            2,
            1,
            1,
            1,
            2,
            1,
            1,
            1,
            1,
            0,
            0,
            0,
            0,
            0,
            0,
            0,
            0,
            0,
            0,
            0,
            0,
            0,
            0,
            0,
            0,
            0,
            0,
            0,
            0,
            1,
            1,
            1,
            1,
            1,
            0,
            0,
            0,
            0,
            0,
            1,
            1,
            1,
            1,
            1,
            1,
            1,
            1,
            1,
            1,
            1,
            1,
            1,
            1,
            1,
            1,
            1,
            1,
            1,
            1,
            1,
            1,
            1,
            1,
            1,
            1,
            1,
            1,
            1,
            1,
            1,
            1,
            1,
            1,
            1,
            0,
            0,
            0,
            0,
            0,
            1,
            1,
            1,
            1,
            1,
            1,
            1,
            1,
            1,
            1,
            1,
            1,
            0,
            0,
            0,
            0,
            0,
            0,
            0,
            0,
            0,
            1,
            1
        ],