{
    "mean": {
        "acc": 0.6932907348242812,
        "alpha": 0.41033285530983477,
        "alpha_ordinal": 0.40924346052271754,
        "auc_roc": 0.7214407497624746,
        "cr": {
            "0": {
                "f1-score": 0.6880000000000002,
                "precision": 0.7818181818181819,
                "recall": 0.6142857142857143,
                "support": 70
            },
            "1": {
                "f1-score": 0.7903225806451613,
                "precision": 0.7,
                "recall": 0.9074074074074074,
                "support": 162
            },
            "2": {
                "f1-score": 0.4186046511627907,
                "precision": 0.5625,
                "recall": 0.3333333333333333,
                "support": 81
            },
            "accuracy": 0.6932907348242812,
            "macro avg": {
                "f1-score": 0.6323090772693174,
                "precision": 0.681439393939394,
                "recall": 0.618342151675485,
                "support": 313
            },
            "weighted avg": {
                "f1-score": 0.6712435616891443,
                "precision": 0.682714928841127,
                "recall": 0.6932907348242812,
                "support": 313
            }
        },
        "f1": 0.6712435616891443,
        "kappa": 0.4654427069434808,
        "mae": 0.36421725239616615,
        "mcc": 0.48373629949432456,
        "mse": 0.4792332268370607,
        "p": 0.682714928841127,
        "p_tau": 1.6239794323669716e-14,
        "r": 0.6932907348242812,
        "r2": -0.4585274930102514,
        "spearman": 0.4169919209551973,
        "tau": 0.3975945183780895,
        "y_predict": [
            1,
            1,
            1,
            1,
            1,
            1,
            1,
            1,
            1,
            1,
            1,
            1,
            1,
            1,
            1,
            1,
            1,
            1,
            1,
            1,
            1,
            1,
            1,
            1,
            1,
            1,
            1,
            1,
            1,
            2,
            2,
            1,
            1,
            1,
            1,
            2,
            2,
            1,
            1,
            2,
            2,
            1,
            2,
            1,
            2,
            1,
            1,
            1,
            2,
            1,
            1,
            2,
            1,
            1,
            1,
            2,
            1,
            1,
            2,
            2,
            2,
            1,
            1,
            1,
            1,
            1,
            2,
            0,
            1,
            2,
            1,
            2,
            1,
            2,
            0,
            1,
            1,
            1,
            1,
            2,
            0,
            0,
            1,
            2,
            2,
            1,
            1,
            1,
            1,
            1,
            1,
            2,
            2,
            1,
            1,
            1,
            1,
            2,
            1,
            2,
            1,
            2,
            1,
            2,
            1,
            1,
            1,
            1,
            2,
            1,
            1,
            1,
            1,
            1,
            1,
            2,
            1,
            1,
            1,
            1,
            1,
            2,
            1,
            1,
            1,
            1,
            1,
            1,
            1,
            1,
            1,
            2,
            1,
            2,
            0,
            0,
            1,
            1,
            0,
            0,
            1,
            2,
            2,
            1,
            1,
            2,
            2,
            1,
            1,
            1,
            1,
            1,
            2,
            0,
            0,
            2,
            2,
            2,
            0,
            0,
            2,
            0,
            0,
            0,
            1,
            1,
            1,
            1,
            1,
            1,
            0,
            0,
            1,
            1,
            1,
            1,
            1,
            1,
            1,
            1,
            1,
            2,
            2,
            1,
            1,
            1,
            2,
            1,
            1,
            2,
            1,
            1,
            1,
            1,
            1,
            1,
            1,
            1,
            1,
            1,
            1,
            1,
            2,
            1,
            1,
            1,
            1,
            1,
            1,
            1,
            1,
            1,
            1,
            1,
            1,
            2,
            1,
            1,
            1,
            1,
            0,
            0,
            0,
            0,
            0,
            0,
            0,
            0,
            0,
            0,
            0,
            0,
            0,
            0,
            0,
            0,
            0,
            0,
            0,
            0,
            1,
            1,
            1,
            1,
            1,
            0,
            0,
            0,
            0,
            0,
            1,
            1,
            1,
            1,
            1,
            1,
            1,
            1,
            1,
            1,
            1,
            1,
            1,
            1,
            1,
            1,
            1,
            1,
            1,
            1,
            1,
            1,
            1,
            1,
            1,
            1,
            1,
            1,
            1,
            1,
            1,
            1,
            1,
            1,
            1,
            0,
            0,
            2,
            0,
            0,
            1,
            1,
            1,
            1,
            1,
            1,
            1,
            1,
            1,
            1,
            1,
            1,
            0,
            0,
            0,
            0,
            0,
            0,
            0,
            0,
            0,
            1,
            1
        ],