{
    "mean": {
        "acc": 0.7092651757188498,
        "alpha": 0.40399524434646916,
        "alpha_ordinal": 0.40310588307116324,
        "auc_roc": 0.7393482455076934,
        "cr": {
            "0": {
                "f1-score": 0.6771653543307086,
                "precision": 0.7543859649122807,
                "recall": 0.6142857142857143,
                "support": 70
            },
            "1": {
                "f1-score": 0.8097826086956522,
                "precision": 0.7233009708737864,
                "recall": 0.9197530864197531,
                "support": 162
            },
            "2": {
                "f1-score": 0.4580152671755725,
                "precision": 0.6,
                "recall": 0.37037037037037035,
                "support": 81
            },
            "accuracy": 0.7092651757188498,
            "macro avg": {
                "f1-score": 0.6483210767339777,
                "precision": 0.6925623119286891,
                "recall": 0.6348030570252793,
                "support": 313
            },
            "weighted avg": {
                "f1-score": 0.6890913548021298,
                "precision": 0.6983443285156966,
                "recall": 0.7092651757188498,
                "support": 313
            }
        },
        "f1": 0.6890913548021298,
        "kappa": 0.49638417879307606,
        "mae": 0.35782747603833864,
        "mcc": 0.5125431390360933,
        "mse": 0.49201277955271566,
        "p": 0.6983443285156966,
        "p_tau": 3.2556736229047704e-14,
        "r": 0.7092651757188498,
        "r2": -0.44136116260989167,
        "spearman": 0.40907918135869775,
        "tau": 0.39244950191350936,
        "y_predict": [
            1,
            1,
            1,
            1,
            1,
            1,
            1,
            1,
            1,
            1,
            1,
            1,
            1,
            1,
            1,
            1,
            1,
            1,
            1,
            1,
            1,
            1,
            1,
            1,
            1,
            1,
            1,
            1,
            1,
            2,
            2,
            1,
            1,
            1,
            1,
            1,
            2,
            1,
            1,
            2,
            1,
            1,
            2,
            1,
            1,
            1,
            1,
            2,
            2,
            1,
            1,
            2,
            1,
            2,
            1,
            2,
            1,
            0,
            2,
            2,
            1,
            1,
            1,
            1,
            1,
            1,
            2,
            0,
            1,
            2,
            1,
            2,
            1,
            2,
            0,
            1,
            1,
            1,
            1,
            2,
            0,
            0,
            1,
            2,
            2,
            1,
            1,
            1,
            1,
            2,
            1,
            2,
            2,
            1,
            1,
            1,
            1,
            2,
            1,
            2,
            2,
            2,
            1,
            2,
            1,
            1,
            1,
            2,
            2,
            1,
            1,
            1,
            1,
            1,
            1,
            2,
            1,
            1,
            1,
            1,
            1,
            2,
            1,
            1,
            1,
            1,
            1,
            1,
            1,
            1,
            1,
            2,
            1,
            2,
            0,
            0,
            1,
            1,
            0,
            0,
            1,
            2,
            2,
            1,
            1,
            2,
            2,
            1,
            1,
            1,
            1,
            1,
            2,
            0,
            0,
            0,
            2,
            2,
            2,
            0,
            2,
            0,
            0,
            0,
            1,
            1,
            1,
            1,
            1,
            1,
            0,
            0,
            1,
            1,
            1,
            1,
            1,
            1,
            1,
            1,
            1,
            2,
            2,
            1,
            1,
            1,
            2,
            1,
            1,
            2,
            1,
            1,
            1,
            1,
            1,
            1,
            1,
            1,
            1,
            1,
            1,
            1,
            2,
            1,
            1,
            2,
            1,
            1,
            1,
            1,
            1,
            1,
            1,
            1,
            1,
            2,
            1,
            1,
            1,
            0,
            0,
            0,
            0,
            0,
            0,
            0,
            0,
            0,
            0,
            0,
            0,
            0,
            0,
            0,
            0,
            0,
            0,
            0,
            0,
            0,
            1,
            1,
            1,
            1,
            1,
            0,
            0,
            0,
            0,
            0,
            1,
            1,
            1,
            1,
            1,
            1,
            1,
            1,
            1,
            1,
            1,
            1,
            1,
            1,
            1,
            1,
            1,
            1,
            1,
            1,
            1,
            1,
            1,
            1,
            1,
            1,
            1,
            1,
            1,
            1,
            1,
            1,
            1,
            1,
            1,
            0,
            0,
            2,
            0,
            0,
            1,
            1,
            1,
            1,
            1,
            1,
            1,
            1,
            1,
            1,
            1,
            1,
            0,
            0,
            0,
            0,
            0,
            0,
            0,
            0,
            0,
            1,
            1
        ],