{
    "mean": {
        "acc": 0.731629392971246,
        "alpha": 0.4469842206164283,
        "alpha_ordinal": 0.4461584846095038,
        "auc_roc": 0.7589612366165865,
        "cr": {
            "0": {
                "f1-score": 0.703125,
                "precision": 0.7758620689655172,
                "recall": 0.6428571428571429,
                "support": 70
            },
            "1": {
                "f1-score": 0.8251366120218578,
                "precision": 0.7401960784313726,
                "recall": 0.9320987654320988,
                "support": 162
            },
            "2": {
                "f1-score": 0.5,
                "precision": 0.6470588235294118,
                "recall": 0.4074074074074074,
                "support": 81
            },
            "accuracy": 0.731629392971246,
            "macro avg": {
                "f1-score": 0.676087204007286,
                "precision": 0.7210389903087672,
                "recall": 0.660787771898883,
                "support": 313
            },
            "weighted avg": {
                "f1-score": 0.7137088854554025,
                "precision": 0.724069885748725,
                "recall": 0.731629392971246,
                "support": 313
            }
        },
        "f1": 0.7137088854554025,
        "kappa": 0.5365415124272872,
        "mae": 0.33226837060702874,
        "mcc": 0.5523617223555468,
        "mse": 0.46006389776357826,
        "p": 0.724069885748725,
        "p_tau": 3.4300915648578244e-17,
        "r": 0.731629392971246,
        "r2": -0.3230010567101089,
        "spearman": 0.45245870280609196,
        "tau": 0.43578469021112104,
        "y_predict": [
            1,
            1,
            1,
            1,
            1,
            1,
            1,
            1,
            1,
            1,
            1,
            1,
            1,
            1,
            1,
            1,
            1,
            1,
            1,
            1,
            1,
            1,
            1,
            1,
            1,
            1,
            1,
            1,
            1,
            2,
            2,
            1,
            1,
            1,
            1,
            2,
            2,
            1,
            2,
            2,
            2,
            1,
            1,
            1,
            1,
            1,
            1,
            2,
            2,
            1,
            1,
            2,
            1,
            2,
            1,
            2,
            1,
            0,
            1,
            2,
            1,
            1,
            1,
            1,
            1,
            1,
            2,
            0,
            1,
            2,
            1,
            2,
            1,
            2,
            0,
            1,
            1,
            1,
            1,
            2,
            0,
            0,
            1,
            2,
            2,
            1,
            1,
            1,
            1,
            1,
            1,
            2,
            2,
            1,
            1,
            1,
            1,
            2,
            1,
            2,
            2,
            2,
            1,
            2,
            1,
            1,
            1,
            2,
            2,
            1,
            1,
            1,
            2,
            1,
            1,
            2,
            1,
            1,
            1,
            1,
            1,
            2,
            1,
            1,
            1,
            1,
            1,
            1,
            1,
            1,
            1,
            2,
            1,
            2,
            0,
            0,
            1,
            1,
            2,
            0,
            1,
            2,
            1,
            1,
            1,
            2,
            2,
            1,
            1,
            1,
            1,
            1,
            2,
            0,
            0,
            2,
            2,
            2,
            2,
            0,
            2,
            0,
            0,
            0,
            1,
            0,
            1,
            1,
            1,
            1,
            0,
            0,
            1,
            1,
            1,
            0,
            1,
            1,
            1,
            1,
            1,
            2,
            1,
            1,
            1,
            1,
            1,
            1,
            1,
            2,
            1,
            1,
            1,
            2,
            1,
            1,
            1,
            1,
            1,
            2,
            1,
            1,
            1,
            1,
            1,
            2,
            1,
            1,
            1,
            0,
            1,
            1,
            1,
            1,
            1,
            2,
            1,
            1,
            1,
            0,
            0,
            0,
            0,
            0,
            0,
            0,
            0,
            0,
            0,
            0,
            0,
            0,
            0,
            0,
            0,
            0,
            0,
            0,
            0,
            0,
            1,
            1,
            1,
            1,
            1,
            0,
            0,
            0,
            0,
            0,
            1,
            1,
            1,
            1,
            1,
            1,
            1,
            1,
            1,
            1,
            1,
            1,
            1,
            1,
            1,
            1,
            1,
            1,
            1,
            1,
            1,
            1,
            1,
            1,
            1,
            1,
            1,
            1,
            1,
            1,
            1,
            1,
            1,
            1,
            1,
            0,
            0,
            2,
            0,
            0,
            1,
            1,
            1,
            1,
            1,
            1,
            1,
            1,
            1,
            1,
            1,
            1,
            0,
            0,
            0,
            0,
            0,
            0,
            0,
            0,
            0,
            1,
            1
        ],