{
    "mean": {
        "acc": 0.7092651757188498,
        "alpha": 0.41329876847137514,
        "alpha_ordinal": 0.4121577782273199,
        "auc_roc": 0.738094600398272,
        "cr": {
            "0": {
                "f1-score": 0.6825396825396827,
                "precision": 0.7678571428571429,
                "recall": 0.6142857142857143,
                "support": 70
            },
            "1": {
                "f1-score": 0.8075880758807588,
                "precision": 0.7198067632850241,
                "recall": 0.9197530864197531,
                "support": 162
            },
            "2": {
                "f1-score": 0.4580152671755725,
                "precision": 0.6,
                "recall": 0.37037037037037035,
                "support": 81
            },
            "accuracy": 0.7092651757188498,
            "macro avg": {
                "f1-score": 0.6493810085320045,
                "precision": 0.6958879687140557,
                "recall": 0.6348030570252793,
                "support": 313
            },
            "weighted avg": {
                "f1-score": 0.6891574527529778,
                "precision": 0.6995485484095013,
                "recall": 0.7092651757188498,
                "support": 313
            }
        },
        "f1": 0.6891574527529778,
        "kappa": 0.49556362348357386,
        "mae": 0.3546325878594249,
        "mcc": 0.5124097395400006,
        "mse": 0.48242811501597443,
        "p": 0.6995485484095013,
        "p_tau": 8.58276939650722e-15,
        "r": 0.7092651757188498,
        "r2": -0.4260756743708889,
        "spearman": 0.41867182974369144,
        "tau": 0.4014016685982708,
        "y_predict": [
            1,
            1,
            1,
            1,
            1,
            1,
            1,
            1,
            1,
            1,
            1,
            1,
            1,
            1,
            1,
            1,
            1,
            1,
            1,
            1,
            1,
            1,
            1,
            1,
            1,
            1,
            1,
            1,
            1,
            2,
            2,
            1,
            1,
            1,
            1,
            1,
            2,
            1,
            2,
            2,
            1,
            1,
            1,
            1,
            1,
            1,
            1,
            2,
            2,
            1,
            1,
            2,
            1,
            2,
            1,
            2,
            1,
            0,
            2,
            2,
            1,
            1,
            1,
            1,
            1,
            1,
            2,
            0,
            1,
            2,
            1,
            2,
            1,
            2,
            0,
            1,
            1,
            1,
            1,
            2,
            0,
            0,
            1,
            2,
            2,
            1,
            1,
            1,
            1,
            1,
            1,
            2,
            2,
            1,
            1,
            1,
            1,
            2,
            1,
            2,
            2,
            2,
            1,
            2,
            1,
            1,
            1,
            2,
            2,
            1,
            1,
            1,
            1,
            1,
            1,
            2,
            1,
            1,
            1,
            1,
            1,
            2,
            1,
            1,
            1,
            1,
            1,
            1,
            1,
            1,
            1,
            2,
            1,
            2,
            0,
            0,
            1,
            1,
            0,
            0,
            1,
            2,
            2,
            1,
            1,
            2,
            2,
            1,
            1,
            1,
            1,
            1,
            2,
            0,
            0,
            2,
            2,
            2,
            2,
            0,
            2,
            0,
            0,
            0,
            1,
            1,
            1,
            1,
            1,
            1,
            0,
            0,
            1,
            1,
            1,
            1,
            1,
            1,
            1,
            1,
            1,
            2,
            2,
            1,
            1,
            1,
            2,
            1,
            1,
            1,
            1,
            1,
            1,
            2,
            1,
            1,
            1,
            1,
            1,
            1,
            1,
            1,
            2,
            1,
            1,
            2,
            1,
            1,
            1,
            1,
            1,
            1,
            1,
            1,
            1,
            2,
            1,
            1,
            1,
            0,
            0,
            0,
            0,
            0,
            0,
            0,
            0,
            0,
            0,
            0,
            0,
            0,
            0,
            0,
            0,
            0,
            0,
            0,
            0,
            0,
            1,
            1,
            1,
            1,
            1,
            0,
            0,
            0,
            0,
            0,
            1,
            1,
            1,
            1,
            1,
            1,
            1,
            1,
            1,
            1,
            1,
            1,
            1,
            1,
            1,
            1,
            1,
            1,
            1,
            1,
            1,
            1,
            1,
            1,
            1,
            1,
            1,
            1,
            1,
            1,
            1,
            1,
            1,
            1,
            1,
            0,
            0,
            2,
            0,
            0,
            1,
            1,
            1,
            1,
            1,
            1,
            1,
            1,
            1,
            1,
            1,
            1,
            0,
            0,
            0,
            0,
            0,
            0,
            0,
            0,
            0,
            1,
            1
        ],