{
    "mean": {
        "acc": 0.8466453674121406,
        "alpha": 0.6799394587705123,
        "alpha_ordinal": 0.6842678421765076,
        "auc_roc": 0.8666056759863057,
        "cr": {
            "0": {
                "f1-score": 0.6929133858267716,
                "precision": 0.7719298245614035,
                "recall": 0.6285714285714286,
                "support": 70
            },
            "1": {
                "f1-score": 0.9011627906976745,
                "precision": 0.8516483516483516,
                "recall": 0.9567901234567902,
                "support": 162
            },
            "2": {
                "f1-score": 0.8516129032258065,
                "precision": 0.8918918918918919,
                "recall": 0.8148148148148148,
                "support": 81
            },
            "accuracy": 0.8466453674121406,
            "macro avg": {
                "f1-score": 0.8152296932500841,
                "precision": 0.8384900227005488,
                "recall": 0.8000587889476778,
                "support": 313
            },
            "weighted avg": {
                "f1-score": 0.8417666270357431,
                "precision": 0.8442343895513561,
                "recall": 0.8466453674121406,
                "support": 313
            }
        },
        "f1": 0.8417666270357431,
        "kappa": 0.7431838771986803,
        "mae": 0.19808306709265175,
        "mcc": 0.7476042487382888,
        "mse": 0.28753993610223644,
        "p": 0.8442343895513561,
        "p_tau": 4.283540601422363e-39,
        "r": 0.8466453674121406,
        "r2": 0.3081004077221595,
        "spearman": 0.6865700525988636,
        "tau": 0.6720992632008822,
        "y_predict": [
            1,
            1,
            1,
            1,
            1,
            1,
            1,
            1,
            1,
            1,
            1,
            1,
            1,
            1,
            1,
            1,
            1,
            1,
            1,
            1,
            1,
            1,
            1,
            1,
            1,
            1,
            1,
            1,
            1,
            2,
            1,
            2,
            1,
            2,
            1,
            2,
            1,
            2,
            1,
            2,
            1,
            2,
            1,
            2,
            1,
            2,
            1,
            2,
            1,
            2,
            1,
            2,
            1,
            2,
            1,
            2,
            1,
            2,
            1,
            2,
            2,
            1,
            1,
            2,
            1,
            2,
            1,
            2,
            1,
            2,
            1,
            2,
            1,
            2,
            1,
            2,
            2,
            1,
            1,
            2,
            0,
            0,
            1,
            2,
            1,
            2,
            1,
            2,
            1,
            2,
            1,
            2,
            2,
            1,
            1,
            2,
            1,
            2,
            1,
            2,
            1,
            2,
            1,
            2,
            1,
            2,
            1,
            2,
            2,
            1,
            1,
            2,
            1,
            2,
            1,
            2,
            1,
            1,
            1,
            2,
            1,
            2,
            1,
            2,
            2,
            1,
            2,
            1,
            1,
            1,
            1,
            2,
            1,
            2,
            0,
            0,
            1,
            2,
            0,
            0,
            1,
            2,
            1,
            2,
            1,
            2,
            1,
            2,
            1,
            2,
            1,
            2,
            0,
            0,
            0,
            0,
            2,
            0,
            2,
            0,
            0,
            2,
            0,
            0,
            1,
            1,
            1,
            1,
            1,
            1,
            0,
            0,
            1,
            1,
            1,
            1,
            0,
            1,
            1,
            1,
            1,
            2,
            1,
            2,
            1,
            2,
            1,
            2,
            1,
            2,
            1,
            2,
            1,
            1,
            1,
            2,
            1,
            2,
            1,
            2,
            1,
            1,
            1,
            2,
            1,
            2,
            1,
            2,
            1,
            1,
            1,
            2,
            1,
            1,
            1,
            2,
            1,
            1,
            1,
            1,
            0,
            0,
            0,
            0,
            0,
            0,
            0,
            0,
            0,
            0,
            0,
            0,
            0,
            0,
            0,
            0,
            0,
            0,
            0,
            0,
            1,
            1,
            1,
            1,
            1,
            0,
            0,
            0,
            0,
            0,
            1,
            1,
            1,
            1,
            1,
            1,
            1,
            1,
            1,
            1,
            1,
            1,
            1,
            1,
            1,
            1,
            1,
            1,
            1,
            1,
            1,
            1,
            1,
            1,
            1,
            1,
            1,
            1,
            1,
            1,
            1,
            1,
            1,
            1,
            1,
            0,
            0,
            0,
            0,
            0,
            1,
            1,
            1,
            1,
            1,
            1,
            1,
            1,
            1,
            1,
            1,
            1,
            0,
            0,
            0,
            0,
            0,
            0,
            0,
            0,
            0,
            1,
            1
        ],