{
    "mean": {
        "acc": 0.7156549520766773,
        "alpha": 0.43488654379706704,
        "alpha_ordinal": 0.43367390883433765,
        "auc_roc": 0.7435610310902108,
        "cr": {
            "0": {
                "f1-score": 0.6825396825396827,
                "precision": 0.7678571428571429,
                "recall": 0.6142857142857143,
                "support": 70
            },
            "1": {
                "f1-score": 0.8097826086956522,
                "precision": 0.7233009708737864,
                "recall": 0.9197530864197531,
                "support": 162
            },
            "2": {
                "f1-score": 0.48484848484848486,
                "precision": 0.6274509803921569,
                "recall": 0.3950617283950617,
                "support": 81
            },
            "accuracy": 0.7156549520766773,
            "macro avg": {
                "f1-score": 0.6590569253612732,
                "precision": 0.7062030313743621,
                "recall": 0.6430335097001764,
                "support": 313
            },
            "weighted avg": {
                "f1-score": 0.6972373407642196,
                "precision": 0.7084609798508565,
                "recall": 0.7156549520766773,
                "support": 313
            }
        },
        "f1": 0.6972373407642196,
        "kappa": 0.5073568422169561,
        "mae": 0.3450479233226837,
        "mcc": 0.5237079952374469,
        "mse": 0.46645367412140576,
        "p": 0.7084609798508565,
        "p_tau": 3.1811175754498887e-16,
        "r": 0.7156549520766773,
        "r2": -0.365505288949979,
        "spearman": 0.4397572633510523,
        "tau": 0.4223398577090025,
        "y_predict": [
            1,
            1,
            1,
            1,
            1,
            1,
            1,
            1,
            1,
            1,
            1,
            1,
            1,
            1,
            1,
            1,
            1,
            1,
            1,
            1,
            1,
            1,
            1,
            1,
            1,
            1,
            1,
            1,
            1,
            2,
            2,
            1,
            1,
            1,
            1,
            2,
            2,
            1,
            1,
            2,
            1,
            1,
            2,
            1,
            2,
            1,
            1,
            2,
            2,
            1,
            1,
            2,
            1,
            2,
            1,
            2,
            1,
            0,
            2,
            2,
            2,
            1,
            1,
            1,
            1,
            1,
            2,
            0,
            1,
            2,
            1,
            2,
            1,
            2,
            0,
            1,
            1,
            1,
            1,
            2,
            0,
            0,
            1,
            2,
            2,
            1,
            1,
            1,
            1,
            2,
            1,
            2,
            2,
            1,
            1,
            1,
            1,
            2,
            1,
            2,
            1,
            2,
            1,
            2,
            1,
            1,
            1,
            2,
            2,
            1,
            1,
            1,
            1,
            1,
            1,
            2,
            1,
            1,
            1,
            1,
            1,
            2,
            1,
            1,
            1,
            1,
            1,
            1,
            1,
            1,
            1,
            2,
            1,
            2,
            0,
            0,
            1,
            1,
            0,
            0,
            1,
            2,
            2,
            1,
            1,
            2,
            2,
            1,
            1,
            1,
            1,
            1,
            2,
            0,
            0,
            2,
            2,
            2,
            0,
            0,
            2,
            0,
            0,
            0,
            1,
            1,
            1,
            1,
            1,
            1,
            0,
            0,
            1,
            1,
            1,
            1,
            1,
            1,
            1,
            1,
            1,
            2,
            2,
            1,
            1,
            1,
            1,
            1,
            1,
            2,
            1,
            1,
            1,
            2,
            1,
            1,
            1,
            1,
            1,
            1,
            1,
            1,
            2,
            1,
            1,
            1,
            1,
            1,
            1,
            1,
            1,
            1,
            1,
            1,
            1,
            2,
            1,
            1,
            1,
            1,
            0,
            0,
            0,
            0,
            0,
            0,
            0,
            0,
            0,
            0,
            0,
            0,
            0,
            0,
            0,
            0,
            0,
            0,
            0,
            0,
            1,
            1,
            1,
            1,
            1,
            0,
            0,
            0,
            0,
            0,
            1,
            1,
            1,
            1,
            1,
            1,
            1,
            1,
            1,
            1,
            1,
            1,
            1,
            1,
            1,
            1,
            1,
            1,
            1,
            1,
            1,
            1,
            1,
            1,
            1,
            1,
            1,
            1,
            1,
            1,
            1,
            1,
            1,
            1,
            1,
            0,
            0,
            2,
            0,
            0,
            1,
            1,
            1,
            1,
            1,
            1,
            1,
            1,
            1,
            1,
            1,
            1,
            0,
            0,
            0,
            0,
            0,
            0,
            0,
            0,
            0,
            1,
            1
        ],