{
    "mean": {
        "acc": 0.731629392971246,
        "alpha": 0.4606298007773051,
        "alpha_ordinal": 0.4608561819915016,
        "auc_roc": 0.7590587958616554,
        "cr": {
            "0": {
                "f1-score": 0.7175572519083969,
                "precision": 0.7704918032786885,
                "recall": 0.6714285714285714,
                "support": 70
            },
            "1": {
                "f1-score": 0.8219178082191781,
                "precision": 0.7389162561576355,
                "recall": 0.9259259259259259,
                "support": 162
            },
            "2": {
                "f1-score": 0.49230769230769234,
                "precision": 0.6530612244897959,
                "recall": 0.3950617283950617,
                "support": 81
            },
            "accuracy": 0.731629392971246,
            "macro avg": {
                "f1-score": 0.6772609174784225,
                "precision": 0.7208230946420399,
                "recall": 0.6641387419165197,
                "support": 313
            },
            "weighted avg": {
                "f1-score": 0.7132799221789704,
                "precision": 0.723759804826577,
                "recall": 0.731629392971246,
                "support": 313
            }
        },
        "f1": 0.7132799221789704,
        "kappa": 0.5374709731897825,
        "mae": 0.329073482428115,
        "mcc": 0.5530601867233031,
        "mse": 0.4504792332268371,
        "p": 0.723759804826577,
        "p_tau": 3.332163667527375e-18,
        "r": 0.731629392971246,
        "r2": -0.2872017733185557,
        "spearman": 0.4673943121959178,
        "tau": 0.44966008896984977,
        "y_predict": [
            1,
            1,
            1,
            1,
            1,
            1,
            1,
            1,
            1,
            1,
            1,
            1,
            1,
            1,
            1,
            1,
            1,
            1,
            1,
            1,
            1,
            1,
            1,
            1,
            1,
            1,
            1,
            1,
            1,
            2,
            2,
            1,
            1,
            1,
            1,
            2,
            2,
            1,
            1,
            2,
            1,
            1,
            1,
            1,
            2,
            1,
            1,
            2,
            2,
            1,
            1,
            2,
            1,
            2,
            1,
            2,
            1,
            0,
            1,
            2,
            1,
            1,
            1,
            1,
            1,
            1,
            2,
            0,
            1,
            2,
            1,
            2,
            1,
            2,
            0,
            1,
            1,
            1,
            1,
            2,
            0,
            0,
            1,
            2,
            2,
            1,
            1,
            1,
            1,
            2,
            1,
            2,
            2,
            1,
            1,
            1,
            1,
            2,
            1,
            2,
            2,
            2,
            1,
            2,
            1,
            1,
            1,
            2,
            2,
            1,
            1,
            1,
            2,
            1,
            1,
            2,
            1,
            1,
            1,
            1,
            1,
            2,
            1,
            1,
            1,
            1,
            1,
            1,
            1,
            1,
            1,
            2,
            1,
            2,
            0,
            0,
            1,
            1,
            2,
            0,
            1,
            2,
            1,
            1,
            1,
            2,
            2,
            1,
            1,
            1,
            1,
            1,
            2,
            0,
            0,
            0,
            0,
            2,
            0,
            0,
            2,
            0,
            0,
            0,
            1,
            1,
            1,
            0,
            1,
            1,
            0,
            0,
            1,
            1,
            1,
            0,
            1,
            1,
            1,
            1,
            1,
            2,
            2,
            1,
            1,
            1,
            1,
            1,
            1,
            2,
            1,
            1,
            1,
            2,
            1,
            1,
            1,
            1,
            1,
            1,
            1,
            1,
            2,
            1,
            1,
            2,
            1,
            1,
            1,
            1,
            1,
            1,
            1,
            1,
            1,
            2,
            1,
            0,
            1,
            0,
            0,
            0,
            0,
            0,
            0,
            0,
            0,
            0,
            0,
            0,
            0,
            0,
            0,
            0,
            0,
            0,
            0,
            0,
            0,
            0,
            1,
            1,
            1,
            1,
            1,
            0,
            0,
            0,
            0,
            0,
            1,
            1,
            1,
            1,
            1,
            1,
            1,
            1,
            1,
            1,
            1,
            1,
            1,
            1,
            1,
            1,
            1,
            1,
            1,
            1,
            1,
            1,
            1,
            1,
            1,
            1,
            1,
            1,
            1,
            1,
            1,
            1,
            1,
            1,
            1,
            0,
            0,
            2,
            0,
            0,
            1,
            1,
            1,
            1,
            1,
            1,
            1,
            1,
            1,
            1,
            1,
            1,
            0,
            0,
            0,
            0,
            0,
            0,
            0,
            0,
            0,
            1,
            1
        ],