{
    "mean": {
        "acc": 0.805111821086262,
        "alpha": 0.6037516358877418,
        "alpha_ordinal": 0.6044722308506705,
        "auc_roc": 0.8283787803179598,
        "cr": {
            "0": {
                "f1-score": 0.6923076923076924,
                "precision": 0.75,
                "recall": 0.6428571428571429,
                "support": 70
            },
            "1": {
                "f1-score": 0.8717948717948718,
                "precision": 0.8095238095238095,
                "recall": 0.9444444444444444,
                "support": 162
            },
            "2": {
                "f1-score": 0.7448275862068966,
                "precision": 0.84375,
                "recall": 0.6666666666666666,
                "support": 81
            },
            "accuracy": 0.805111821086262,
            "macro avg": {
                "f1-score": 0.769643383436487,
                "precision": 0.8010912698412698,
                "recall": 0.7513227513227513,
                "support": 313
            },
            "weighted avg": {
                "f1-score": 0.798796620367624,
                "precision": 0.8050690324052944,
                "recall": 0.805111821086262,
                "support": 313
            }
        },
        "f1": 0.798796620367624,
        "kappa": 0.6706229406386393,
        "mae": 0.24600638977635783,
        "mcc": 0.6779925385607096,
        "mse": 0.34824281150159747,
        "p": 0.8050690324052944,
        "p_tau": 1.528494016889943e-30,
        "r": 0.805111821086262,
        "r2": 0.12060521703268379,
        "spearman": 0.6063747678635328,
        "tau": 0.5910328534945034,
        "y_predict": [
            1,
            1,
            1,
            1,
            1,
            1,
            1,
            1,
            1,
            1,
            1,
            1,
            1,
            1,
            1,
            1,
            1,
            1,
            1,
            1,
            1,
            1,
            1,
            1,
            1,
            1,
            1,
            1,
            1,
            2,
            1,
            2,
            1,
            2,
            1,
            2,
            1,
            2,
            1,
            2,
            1,
            2,
            1,
            1,
            1,
            2,
            1,
            2,
            1,
            2,
            1,
            2,
            1,
            1,
            1,
            2,
            1,
            2,
            1,
            2,
            2,
            1,
            1,
            2,
            1,
            2,
            1,
            0,
            1,
            2,
            1,
            2,
            1,
            1,
            0,
            2,
            1,
            1,
            1,
            2,
            0,
            0,
            1,
            1,
            1,
            2,
            1,
            1,
            1,
            2,
            1,
            2,
            2,
            1,
            1,
            2,
            1,
            2,
            1,
            2,
            1,
            1,
            1,
            2,
            2,
            1,
            1,
            2,
            2,
            1,
            1,
            2,
            1,
            2,
            1,
            2,
            1,
            2,
            1,
            2,
            1,
            2,
            1,
            2,
            1,
            1,
            2,
            1,
            1,
            1,
            1,
            2,
            1,
            2,
            0,
            2,
            1,
            2,
            0,
            0,
            1,
            2,
            1,
            2,
            1,
            2,
            1,
            2,
            1,
            2,
            1,
            2,
            2,
            0,
            0,
            0,
            2,
            2,
            0,
            0,
            0,
            2,
            0,
            0,
            1,
            0,
            1,
            1,
            0,
            1,
            2,
            0,
            1,
            1,
            0,
            1,
            0,
            1,
            1,
            1,
            1,
            1,
            1,
            1,
            1,
            2,
            1,
            2,
            1,
            2,
            1,
            2,
            1,
            1,
            1,
            1,
            1,
            1,
            1,
            1,
            1,
            2,
            2,
            1,
            1,
            2,
            1,
            2,
            1,
            1,
            1,
            1,
            1,
            1,
            1,
            2,
            1,
            0,
            1,
            1,
            0,
            0,
            0,
            0,
            0,
            0,
            0,
            0,
            0,
            0,
            0,
            0,
            0,
            0,
            0,
            0,
            0,
            0,
            0,
            0,
            1,
            1,
            1,
            1,
            1,
            0,
            0,
            0,
            0,
            0,
            1,
            1,
            1,
            1,
            1,
            1,
            1,
            1,
            1,
            1,
            1,
            1,
            1,
            1,
            1,
            1,
            1,
            1,
            1,
            1,
            1,
            1,
            1,
            1,
            1,
            1,
            1,
            1,
            1,
            1,
            1,
            1,
            1,
            1,
            1,
            0,
            0,
            0,
            0,
            0,
            1,
            1,
            1,
            1,
            1,
            1,
            1,
            1,
            1,
            1,
            1,
            1,
            0,
            0,
            0,
            0,
            0,
            0,
            0,
            0,
            0,
            1,
            1
        ],