{
    "mean": {
        "acc": 0.7284345047923323,
        "alpha": 0.4452470295847847,
        "alpha_ordinal": 0.4441920242548072,
        "auc_roc": 0.7568060642027935,
        "cr": {
            "0": {
                "f1-score": 0.703125,
                "precision": 0.7758620689655172,
                "recall": 0.6428571428571429,
                "support": 70
            },
            "1": {
                "f1-score": 0.8219178082191781,
                "precision": 0.7389162561576355,
                "recall": 0.9259259259259259,
                "support": 162
            },
            "2": {
                "f1-score": 0.4962406015037593,
                "precision": 0.6346153846153846,
                "recall": 0.4074074074074074,
                "support": 81
            },
            "accuracy": 0.7284345047923323,
            "macro avg": {
                "f1-score": 0.6737611365743126,
                "precision": 0.7164645699128457,
                "recall": 0.6587301587301587,
                "support": 313
            },
            "weighted avg": {
                "f1-score": 0.7110700436208032,
                "precision": 0.720187298654854,
                "recall": 0.7284345047923323,
                "support": 313
            }
        },
        "f1": 0.7110700436208032,
        "kappa": 0.5316928059706747,
        "mae": 0.3354632587859425,
        "mcc": 0.5465054883292737,
        "mse": 0.46325878594249204,
        "p": 0.720187298654854,
        "p_tau": 5.363394375438048e-17,
        "r": 0.7284345047923323,
        "r2": -0.3195615514333894,
        "spearman": 0.4499009607444056,
        "tau": 0.432920059747827,
        "y_predict": [
            1,
            1,
            1,
            1,
            1,
            1,
            1,
            1,
            1,
            1,
            1,
            1,
            1,
            1,
            1,
            1,
            1,
            1,
            1,
            1,
            1,
            1,
            1,
            1,
            1,
            1,
            1,
            1,
            1,
            2,
            2,
            1,
            1,
            1,
            1,
            2,
            2,
            1,
            2,
            2,
            1,
            1,
            1,
            1,
            1,
            1,
            1,
            2,
            2,
            1,
            1,
            2,
            1,
            2,
            1,
            2,
            1,
            0,
            2,
            2,
            1,
            1,
            1,
            1,
            1,
            1,
            2,
            0,
            1,
            2,
            1,
            2,
            1,
            2,
            0,
            1,
            1,
            1,
            1,
            2,
            0,
            0,
            1,
            2,
            2,
            1,
            1,
            1,
            1,
            1,
            1,
            2,
            2,
            1,
            1,
            1,
            1,
            2,
            1,
            2,
            2,
            2,
            1,
            2,
            1,
            1,
            1,
            2,
            2,
            1,
            1,
            1,
            2,
            1,
            1,
            2,
            1,
            1,
            1,
            1,
            1,
            2,
            1,
            1,
            1,
            1,
            1,
            1,
            1,
            1,
            1,
            2,
            1,
            2,
            0,
            0,
            1,
            1,
            0,
            0,
            1,
            2,
            1,
            1,
            1,
            2,
            2,
            1,
            1,
            1,
            1,
            1,
            2,
            0,
            0,
            2,
            2,
            2,
            2,
            0,
            2,
            0,
            0,
            0,
            1,
            0,
            1,
            1,
            1,
            1,
            0,
            0,
            1,
            1,
            1,
            0,
            1,
            1,
            1,
            1,
            1,
            2,
            2,
            1,
            1,
            1,
            1,
            1,
            1,
            2,
            1,
            1,
            1,
            2,
            1,
            1,
            1,
            1,
            1,
            2,
            1,
            1,
            2,
            1,
            1,
            2,
            1,
            1,
            1,
            1,
            1,
            1,
            1,
            1,
            1,
            2,
            1,
            1,
            1,
            0,
            0,
            0,
            0,
            0,
            0,
            0,
            0,
            0,
            0,
            0,
            0,
            0,
            0,
            0,
            0,
            0,
            0,
            0,
            0,
            0,
            1,
            1,
            1,
            1,
            1,
            0,
            0,
            0,
            0,
            0,
            1,
            1,
            1,
            1,
            1,
            1,
            1,
            1,
            1,
            1,
            1,
            1,
            1,
            1,
            1,
            1,
            1,
            1,
            1,
            1,
            1,
            1,
            1,
            1,
            1,
            1,
            1,
            1,
            1,
            1,
            1,
            1,
            1,
            1,
            1,
            0,
            0,
            2,
            0,
            0,
            1,
            1,
            1,
            1,
            1,
            1,
            1,
            1,
            1,
            1,
            1,
            1,
            0,
            0,
            0,
            0,
            0,
            0,
            0,
            0,
            0,
            1,
            1
        ],